transaction_id,customer_id,product_id,transaction_date,amount,quantity,promo_code,ingestion_timestamp,source_file
T003381,C00430,P0024,2025-07-07,233.97,4,,2025-07-09 00:00:00,batch_2025_01.csv
T000118,C00361,P0054,2025-05-06,$623.69,3,,2025-05-06 21:00:00,batch_2025_01.csv
T001551,C00387,P0041,2025-03-24,$863.70,5,WELCOME5,2025-03-24 02:00:00,batch_2025_01.csv
T001246,C00133,P0034,2025-05-31,$630.41,4,,2025-06-01 14:00:00,batch_2025_01.csv
T003941,C00167,P0116,2025-07-22,27.16,5,WELCOME5,2025-07-23 14:00:00,batch_2025_01.csv
T002508,C00382,P0130,2025-01-06,$488.31,3,,2025-01-07 23:00:00,batch_2025_01.csv
T004645,C00096,P0124,2025-08-26,$155.23,5,,2025-08-27 16:00:00,batch_2025_01.csv
T002289,C00403,P0106,2025-08-24,$601.59,3,,2025-08-26 00:00:00,batch_2025_01.csv
T000691,C00003,P0140,03/26/2025,878.24,3,WELCOME5,2025-03-27 18:00:00,batch_2025_01.csv
T000688,C00122,P0030,2025-03-23,44.71,2,,2025-03-24 13:00:00,batch_2025_01.csv
T000543,C00243,P0036,2025-02-27,154.10,3,SAVE10,2025-02-27 03:00:00,batch_2025_01.csv
T000615,C00323,P0122,2025-05-27,523.70,5,,2025-05-27 04:00:00,batch_2025_01.csv
T001527,C00200,P0134,2025-08-17,875.03,3,,2025-08-18 07:00:00,batch_2025_01.csv
T001382,C00429,P0049,2025-07-08,674.69,3,,2025-07-08 09:00:00,batch_2025_01.csv
T003227,C00423,P0058,2025-06-08,$677.53,1,,2025-06-08 22:00:00,batch_2025_01.csv
T000271,C00468,P0145,2025-04-10,456.13,2,,2025-04-10 18:00:00,batch_2025_01.csv
T003918,C00354,P0119,05/07/2025,60.86,1,,2025-05-07 07:00:00,batch_2025_01.csv
T003299,C00125,P0122,06/03/2025,607.92,3,WELCOME5,2025-06-03 23:00:00,batch_2025_01.csv
T003776,C00128,P0024,2025-02-07,$861.24,1,SAVE10,2025-02-08 07:00:00,batch_2025_01.csv
T004976,C00106,P0082,05/02/2025,$658.53,4,,2025-05-03 12:00:00,batch_2025_01.csv
T001410,C00102,P0132,2025-07-06,733.05,1,,2025-07-07 06:00:00,batch_2025_01.csv
T000493,C00413,P0113,2025-01-06,$662.00,3,,2025-01-07 21:00:00,batch_2025_01.csv
T004145,C00370,P0031,2025-06-03,$228.93,1,,2025-06-04 07:00:00,batch_2025_01_late.csv
T000625,C00139,P0069,2025-03-07,723.67,2,WELCOME5,2025-03-08 18:00:00,batch_2025_01.csv
T002481,C00233,P0079,2025-02-28,248.17,2,,2025-03-01 00:00:00,batch_2025_01.csv
T002321,C00148,P0094,06/26/2025,$768.75,2,,2025-06-27 21:00:00,batch_2025_01.csv
T000080,C00344,P0104,2025-07-25,332.07,2,WELCOME5,2025-07-27 00:00:00,batch_2025_01.csv
T004484,C00258,P0118,08/12/2025,397.50,4,,2025-08-12 06:00:00,batch_2025_01.csv
T001662,C00122,P0064,2025-05-01,443.82,4,,2025-05-01 02:00:00,batch_2025_01.csv
T003101,C00183,P0150,2025-08-11,$146.54,3,WELCOME5,2025-08-11 09:00:00,batch_2025_01.csv
T001395,C00159,P0037,2025-04-28,722.93,2,,2025-04-29 02:00:00,batch_2025_01.csv
T004079,C99999,P0136,2025-01-24,139.37,5,,2025-01-24 14:00:00,batch_2025_01.csv
T000309,C00227,P0055,2025-04-15,$822.78,3,,2025-04-17 00:00:00,batch_2025_01.csv
T002630,C00342,P0121,2025-07-25,25.77,4,WELCOME5,2025-07-26 05:00:00,batch_2025_01.csv
T001592,C00364,P0080,08/13/2025,190.75,1,SAVE10,2025-08-14 18:00:00,batch_2025_01.csv
T002474,C00171,P0090,02/12/2025,202.60,1,,2025-02-13 21:00:00,batch_2025_01.csv
T002213,C00047,P0035,01/19/2025,$894.37,3,,2025-01-20 01:00:00,batch_2025_01.csv
T004580,C00282,P0110,2025-01-09,439.64,1,,2025-01-09 08:00:00,batch_2025_01.csv
T000924,C00145,P0089,04/14/2025,$706.55,1,SAVE10,2025-04-15 02:00:00,batch_2025_01.csv
T001079,C00061,P0044,2025-05-17,$207.75,3,,2025-05-17 16:00:00,batch_2025_01.csv
T002648,C00272,P0005,2025-08-16,700.47,3,WELCOME5,2025-08-17 11:00:00,batch_2025_01_late.csv
T001074,C00467,P0112,04/18/2025,$68.40,1,,2025-04-19 10:00:00,batch_2025_01.csv
T000382,C00239,P0040,2025-08-26,$43.63,5,,2025-08-26 21:00:00,batch_2025_01.csv
T004629,C00456,P0148,2025-05-26,244.36,1,WELCOME5,2025-05-26 22:00:00,batch_2025_01.csv
T004073,C00264,P0070,2025-04-16,339.35,5,,2025-04-16 02:00:00,batch_2025_01.csv
T004676,C00338,P0056,2025-01-11,624.86,1,SAVE10,2025-01-11 19:00:00,batch_2025_01.csv
T000969,C00313,P0111,2025-07-29,686.21,1,,2025-07-30 07:00:00,batch_2025_01.csv
T003874,C00344,P0068,04/21/2025,673.55,2,WELCOME5,2025-04-22 08:00:00,batch_2025_01.csv
T004583,C00193,P0088,08/15/2025,759.86,3,,2025-08-15 14:00:00,batch_2025_01.csv
T000084,C99999,P0100,01/31/2025,$822.88,2,WELCOME5,2025-01-31 17:00:00,batch_2025_01.csv
T002858,C00170,P0100,2025-05-22,797.58,5,SAVE10,2025-05-22 16:00:00,batch_2025_01.csv
T004472,C00202,P0149,04/21/2025,167.16,1,,2025-04-22 21:00:00,batch_2025_01.csv
T004462,C00148,P0035,2025-07-23,43.11,3,,2025-07-23 15:00:00,batch_2025_01.csv
T000333,C99999,P0010,07/07/2025,484.13,5,,2025-07-08 00:00:00,batch_2025_01.csv
T002118,C00137,P0012,2025-02-28,533.25,1,WELCOME5,2025-03-01 22:00:00,batch_2025_01.csv
T001622,C00244,P0087,2025-03-16,$635.61,2,,2025-03-16 20:00:00,batch_2025_01.csv
T000222,C00204,P0056,2025-07-31,871.57,3,,2025-07-31 14:00:00,batch_2025_01.csv
T002900,C00183,P0019,2025-04-01,377.93,3,,2025-04-01 17:00:00,batch_2025_01.csv
T001641,C00165,P0136,07/29/2025,179.83,2,SAVE10,2025-07-29 13:00:00,batch_2025_01.csv
T002668,C00013,P0019,08/15/2025,409.91,1,SAVE10,2025-08-15 02:00:00,batch_2025_01.csv
T001428,C00300,P0043,2025-05-25,$564.84,3,WELCOME5,2025-05-26 04:00:00,batch_2025_01.csv
T004769,C00200,P0111,06/11/2025,40.36,5,WELCOME5,2025-06-12 01:00:00,batch_2025_01.csv
T002489,C00374,P0058,2025-07-26,$438.51,1,,2025-07-27 09:00:00,batch_2025_01.csv
T003406,C00382,P0001,2025-05-26,$17.92,3,SAVE10,2025-05-26 15:00:00,batch_2025_01.csv
T003400,C00209,P0069,2025-01-15,312.39,5,,2025-01-16 03:00:00,batch_2025_01.csv
T004240,C00271,P0069,08/19/2025,319.82,5,SAVE10,2025-08-20 18:00:00,batch_2025_01.csv
T000784,C00311,P0012,2025-05-10,12.78,3,,2025-05-11 16:00:00,batch_2025_01.csv
T003288,C00458,P0073,2025-04-25,526.82,2,,2025-04-26 16:00:00,batch_2025_01.csv
T004440,C00397,P0075,2025-03-28,$613.82,5,,2025-03-29 14:00:00,batch_2025_01.csv
T003270,C00311,P0121,2019-13-40,134.46,5,,2025-04-12 23:00:00,batch_2025_01.csv
T002177,C00157,P0081,06/29/2025,437.27,4,,2025-06-29 09:00:00,batch_2025_01.csv
T000088,C00405,P0127,2025-05-22,31.45,5,,2025-05-23 13:00:00,batch_2025_01.csv
T004117,C00391,P0105,2025-06-26,180.53,4,SAVE10,2025-06-27 02:00:00,batch_2025_01.csv
T003523,C00023,P0059,03/09/2025,$209.41,4,,2025-03-10 14:00:00,batch_2025_01.csv
T003696,C00063,P0124,2025-06-13,$350.89,1,,2025-06-14 17:00:00,batch_2025_01.csv
T002340,C00031,P0123,2025-07-27,724.66,2,,2025-07-27 09:00:00,batch_2025_01.csv
T001094,C00468,P0058,2025-04-20,$29.41,2,SAVE10,2025-04-21 01:00:00,batch_2025_01.csv
T003583,C00095,P0047,2025-08-22,,3,SAVE10,2025-08-22 05:00:00,batch_2025_01.csv
T003964,C00287,P0127,2025-01-15,416.97,2,,2025-01-16 07:00:00,batch_2025_01.csv
T002734,C00089,P0051,2025-07-07,$468.02,1,WELCOME5,2025-07-08 22:00:00,batch_2025_01.csv
T001828,C00343,P0149,2025-03-09,234.69,4,,2025-03-09 01:00:00,batch_2025_01.csv
T003202,C00135,P0070,2025-06-13,538.17,4,,2025-06-13 12:00:00,batch_2025_01.csv
T003055,C00242,P0084,2025-05-15,$780.76,5,,2025-05-15 13:00:00,batch_2025_01.csv
T003388,C00030,P0148,06/30/2025,474.08,2,WELCOME5,2025-07-01 20:00:00,batch_2025_01.csv
T001148,C99999,P0091,2025-05-19,$322.17,1,,2025-05-20 04:00:00,batch_2025_01.csv
T004887,C00318,P0006,2025-08-21,$356.58,3,,2025-08-21 07:00:00,batch_2025_01.csv
T003545,C00493,P0149,07/15/2025,571.52,3,,2025-07-16 10:00:00,batch_2025_01.csv
T001590,C00464,P0062,08/23/2025,596.36,2,,2025-08-23 22:00:00,batch_2025_01.csv
T001687,C00238,P0014,02/28/2025,585.86,2,WELCOME5,2025-03-01 13:00:00,batch_2025_01.csv
T002874,C00107,P0143,03/02/2025,330.46,3,,2025-03-03 01:00:00,batch_2025_01.csv
T002970,C00417,P0104,2025-03-17,115.31,3,,2025-03-17 02:00:00,batch_2025_01.csv
T004914,C00493,P0028,2025-01-18,701.88,3,SAVE10,2025-01-18 07:00:00,batch_2025_01.csv
T000359,C00230,P0023,2025-04-25,772.08,1,,2025-04-25 21:00:00,batch_2025_01.csv
T001191,C00455,P0106,2025-06-21,576.12,4,SAVE10,2025-06-21 08:00:00,batch_2025_01.csv
T004033,C00418,P0058,2025-03-22,467.94,2,WELCOME5,2025-03-24 00:00:00,batch_2025_01.csv
T002249,C00340,P0050,2025-03-15,516.69,3,,2025-03-15 20:00:00,batch_2025_01.csv
T000600,C00154,P0146,06/23/2025,716.56,3,,2025-06-23 20:00:00,batch_2025_01.csv
T003616,C00024,P9999,2025-06-19,567.92,5,WELCOME5,2025-06-20 14:00:00,batch_2025_01.csv
T004608,C99999,P0050,01/23/2025,$570.63,3,,2025-01-23 11:00:00,batch_2025_01.csv
T001749,C00421,P0071,2025-04-18,463.92,4,WELCOME5,2025-04-18 13:00:00,batch_2025_01.csv
T002919,C00193,P0072,2025-04-18,$155.85,1,SAVE10,2025-04-19 07:00:00,batch_2025_01.csv
T000726,C00370,P0011,2025-05-07,81.37,3,SAVE10,2025-05-07 08:00:00,batch_2025_01.csv
T004204,C00016,P0129,2025-07-03,380.30,1,,2025-07-03 04:00:00,batch_2025_01.csv
T003991,C00457,P0141,2025-01-04,566.34,5,WELCOME5,2025-01-04 18:00:00,batch_2025_01.csv
T000282,C00201,P0146,06/04/2025,36.89,2,WELCOME5,2025-06-04 21:00:00,batch_2025_01.csv
T004448,C00186,P0014,2025-02-23,432.87,2,,2025-02-23 15:00:00,batch_2025_01.csv
T002056,,P0094,07/22/2025,$362.24,2,,2025-07-23 23:00:00,batch_2025_01.csv
T000462,C00134,P0093,2025-05-23,329.39,3,WELCOME5,2025-05-23 17:00:00,batch_2025_01.csv
T001767,C00025,P0059,2025-08-23,$88.26,1,,2025-08-23 11:00:00,batch_2025_01.csv
T003590,,P0117,2025-08-10,370.67,5,SAVE10,2025-08-11 18:00:00,batch_2025_01.csv
T000169,C00290,P0063,2025-02-27,891.29,1,,2025-02-27 20:00:00,batch_2025_01.csv
T000545,C00353,P0084,2025-08-16,$781.16,5,SAVE10,2025-08-16 16:00:00,batch_2025_01.csv
T000645,C00335,P0005,2025-08-24,$428.33,2,,2025-08-25 16:00:00,batch_2025_01.csv
T002968,C00461,P0054,2025-04-19,654.88,3,WELCOME5,2025-04-20 12:00:00,batch_2025_01.csv
T001835,C00437,P0001,01/17/2025,858.60,4,,2025-01-17 18:00:00,batch_2025_01.csv
T001666,C00490,P0082,03/22/2025,0.00,2,WELCOME5,2025-03-23 15:00:00,batch_2025_01.csv
T003130,C00013,P0144,2025-08-23,$886.95,1,,2025-08-24 03:00:00,batch_2025_01.csv
T002890,C00073,P0033,2025-05-15,190.89,3,WELCOME5,2025-05-16 18:00:00,batch_2025_01.csv
T003039,C00471,P0128,01/29/2025,-45.00,5,,2025-01-30 19:00:00,batch_2025_01.csv
T000669,C00254,P0062,2025-07-12,82.12,2,,2025-07-12 01:00:00,batch_2025_01.csv
T002626,C00230,P0108,2025-01-28,507.22,1,WELCOME5,2025-01-28 01:00:00,batch_2025_01.csv
T003753,C00239,P0027,2025-08-26,572.99,2,,2025-08-26 22:00:00,batch_2025_01.csv
T002656,C00178,P0007,08/02/2025,621.08,5,SAVE10,2025-08-03 15:00:00,batch_2025_01.csv
T000504,C00484,P0056,01/25/2025,$864.84,2,,2025-01-25 07:00:00,batch_2025_01.csv
T002072,C00072,P0087,2025-05-28,774.98,5,,2025-05-29 19:00:00,batch_2025_01.csv
T002866,C00295,P0025,2025-01-01,232.22,2,WELCOME5,2025-01-01 05:00:00,batch_2025_01.csv
T003005,C00223,P0082,2025-03-28,$602.90,4,,2025-03-28 14:00:00,batch_2025_01.csv
T002367,C00147,P0106,2025-05-01,$338.53,1,,2025-05-02 14:00:00,batch_2025_01.csv
T003291,C00040,P0127,07/25/2025,196.44,3,SAVE10,2025-07-26 20:00:00,batch_2025_01.csv
T004806,C00422,P0138,2025-01-06,163.96,4,,2025-01-07 13:00:00,batch_2025_01.csv
T001733,C00342,P0033,2025-02-07,773.20,1,WELCOME5,2025-02-07 05:00:00,batch_2025_01.csv
T003142,,P0022,2025-05-01,$515.33,5,,2025-05-02 01:00:00,batch_2025_01.csv
T000304,C00474,P0028,01/26/2025,509.91,4,,2025-01-26 19:00:00,batch_2025_01.csv
T000913,C00436,P0131,2025-08-15,871.80,4,WELCOME5,2025-08-16 08:00:00,batch_2025_01.csv
T001115,C00085,P0014,2025-06-15,724.58,1,,2025-06-16 04:00:00,batch_2025_01.csv
T000772,C00002,P0103,2025-03-20,186.47,2,WELCOME5,2025-03-20 21:00:00,batch_2025_01.csv
T002226,C00382,P0110,2025-05-31,$407.44,3,,2025-06-01 12:00:00,batch_2025_01.csv
T003172,C00075,P0133,2025-04-11,134.65,5,,2025-04-12 11:00:00,batch_2025_01.csv
T003432,C00251,P0071,2025-04-28,$487.40,3,WELCOME5,2025-04-28 18:00:00,batch_2025_01.csv
T003002,C00434,P0017,07/15/2025,246.62,2,WELCOME5,2025-07-16 01:00:00,batch_2025_01.csv
T004203,C00261,P0014,2025-07-20,507.96,5,,2025-07-21 16:00:00,batch_2025_01.csv
T003738,C00208,P0045,2025-07-11,845.07,1,,2025-07-12 20:00:00,batch_2025_01.csv
T002715,C00069,P0105,03/09/2025,363.46,5,,2025-03-09 22:00:00,batch_2025_01.csv
T004951,C00499,P0082,01/21/2025,$284.95,4,WELCOME5,2025-01-22 03:00:00,batch_2025_01.csv
T004153,C00412,P0137,2025-08-12,106.28,5,,2025-08-13 15:00:00,batch_2025_01.csv
T001404,C00018,P0067,2025-04-18,$862.99,1,SAVE10,2025-04-18 12:00:00,batch_2025_01.csv
T000846,C00051,P0038,2025-08-01,642.78,2,SAVE10,2025-08-02 03:00:00,batch_2025_01.csv
T004396,C00395,P0075,2025-05-08,$276.15,4,SAVE10,2025-05-08 04:00:00,batch_2025_01.csv
T003315,C00138,P0044,2025-05-22,272.51,1,,2025-05-22 18:00:00,batch_2025_01.csv
T000392,C00286,P0019,2025-02-28,520.87,4,SAVE10,2025-02-28 17:00:00,batch_2025_01.csv
T003307,C00205,P0134,2025-03-28,$598.04,3,,2025-03-29 16:00:00,batch_2025_01.csv
T000510,C00001,P0009,2025-06-02,884.80,3,,2025-06-02 02:00:00,batch_2025_01.csv
T001448,C00141,P0010,2025-02-07,687.10,3,WELCOME5,2025-02-08 10:00:00,batch_2025_01.csv
T000470,C00392,P0022,2025-06-08,100.70,4,,2025-06-08 10:00:00,batch_2025_01.csv
T001198,C00332,P0027,08/13/2025,139.38,4,,2025-08-13 07:00:00,batch_2025_01.csv
T004747,C00297,P0073,2025-06-13,85.57,5,,2025-06-14 06:00:00,batch_2025_01.csv
T000687,C00474,P0042,03/15/2025,642.94,2,,2025-03-15 12:00:00,batch_2025_01.csv
T001122,C00454,P0024,03/01/2025,$857.91,2,WELCOME5,2025-03-01 14:00:00,batch_2025_01.csv
T000453,C00028,P0135,2025-05-03,,2,SAVE10,2025-05-04 11:00:00,batch_2025_01.csv
T003534,C00477,P0105,2025-05-02,705.35,4,SAVE10,2025-05-02 03:00:00,batch_2025_01.csv
T002694,C00203,P0115,2025-02-28,75.80,4,,2025-02-28 07:00:00,batch_2025_01.csv
T003284,C00465,P0068,2025-07-10,52.49,5,SAVE10,2025-07-11 20:00:00,batch_2025_01.csv
T002125,C00258,P0147,2025-07-19,864.46,5,,2025-07-19 15:00:00,batch_2025_01.csv
T003487,C00345,P0033,2025-07-23,$861.57,2,,2025-07-23 11:00:00,batch_2025_01.csv
T004109,C00292,P0043,2025-01-10,598.73,1,,2025-01-11 02:00:00,batch_2025_01.csv
T003754,C00267,P0125,2025-08-14,675.37,2,WELCOME5,2025-08-15 10:00:00,batch_2025_01.csv
T003988,C00279,P0150,2025-06-17,286.48,2,SAVE10,2025-06-17 14:00:00,batch_2025_01.csv
T003436,C00307,P0110,07/04/2025,219.92,2,,2025-07-04 01:00:00,batch_2025_01.csv
T001908,C00319,P0011,2025-05-01,288.19,1,WELCOME5,2025-05-01 03:00:00,batch_2025_01.csv
T001284,C00064,P0079,03/24/2025,515.05,1,SAVE10,2025-03-24 17:00:00,batch_2025_01.csv
T000548,C00377,P0011,05/13/2025,505.47,4,SAVE10,2025-05-14 17:00:00,batch_2025_01.csv
T000388,C00412,P0131,01/12/2025,405.44,5,,2025-01-12 19:00:00,batch_2025_01.csv
T003868,C00112,P0016,2025-07-18,$847.83,2,,2025-07-19 06:00:00,batch_2025_01.csv
T000676,C00288,P9999,2025-03-27,$131.46,5,,2025-03-27 16:00:00,batch_2025_01.csv
T001760,C00176,P0083,2025-05-10,26.48,2,,2025-05-11 16:00:00,batch_2025_01.csv
T001111,C00310,P0045,01/03/2025,$456.94,4,WELCOME5,2025-01-04 02:00:00,batch_2025_01.csv
T002942,C00184,P0033,2025-05-15,$582.19,2,WELCOME5,2025-05-16 07:00:00,batch_2025_01.csv
T002803,C00230,P0105,2025-08-28,372.86,4,,2025-08-29 10:00:00,batch_2025_01.csv
T004546,C00335,P0008,2025-03-12,223.27,3,SAVE10,2025-03-13 03:00:00,batch_2025_01.csv
T004688,C00226,P0073,03/23/2025,$647.83,3,,2025-03-24 17:00:00,batch_2025_01.csv
T002284,C00489,P0011,06/29/2025,349.78,5,SAVE10,2025-06-30 02:00:00,batch_2025_01.csv
T003157,C00100,P0076,05/06/2025,610.22,3,SAVE10,2025-05-06 14:00:00,batch_2025_01.csv
T000587,C00463,P0013,2025-01-14,102.49,5,WELCOME5,2025-01-14 06:00:00,batch_2025_01.csv
T004061,C00477,P0114,02/15/2025,$817.67,5,,2025-02-15 21:00:00,batch_2025_01.csv
T001887,C00379,P0025,2025-05-27,882.79,2,,2025-05-27 02:00:00,batch_2025_01.csv
T003690,C00321,P0132,2025-01-23,$81.06,5,WELCOME5,2025-01-23 21:00:00,batch_2025_01_late.csv
T001450,C00080,P0033,2025-03-16,138.70,2,WELCOME5,2025-03-17 01:00:00,batch_2025_01.csv
T002298,C00198,P0129,2025-07-26,349.02,2,,2025-07-26 05:00:00,batch_2025_01.csv
T001529,C00031,P0106,05/04/2025,133.15,2,SAVE10,2025-05-04 11:00:00,batch_2025_01.csv
T002641,C00164,P0121,03/28/2025,228.13,1,,2025-03-28 21:00:00,batch_2025_01.csv
T001916,C00486,P0122,2025-08-27,452.61,2,WELCOME5,2025-08-27 16:00:00,batch_2025_01.csv
T000422,C00113,P0106,07/23/2025,543.95,5,,2025-07-24 14:00:00,batch_2025_01.csv
T000295,C00190,P0098,2025-04-25,337.51,2,,2025-04-25 03:00:00,batch_2025_01.csv
T001323,C00376,P0128,02/20/2025,260.08,2,,2025-02-21 17:00:00,batch_2025_01.csv
T001190,C00358,P0044,2025-05-30,832.97,2,WELCOME5,2025-05-31 06:00:00,batch_2025_01.csv
T001299,C00228,P0105,2025-04-01,330.80,4,WELCOME5,2025-04-02 12:00:00,batch_2025_01.csv
T003661,C00046,P0048,2025-04-14,735.71,1,,2025-04-14 20:00:00,batch_2025_01.csv
T002278,C00183,P0102,2025-01-25,0.00,1,,2025-01-26 16:00:00,batch_2025_01.csv
T003429,C00010,P0103,2025-07-25,256.46,3,WELCOME5,2025-07-26 12:00:00,batch_2025_01.csv
T003194,C00096,P0141,06/04/2025,$825.76,5,,2025-06-05 20:00:00,batch_2025_01.csv
T003990,C00108,P0137,04/13/2025,258.59,3,SAVE10,2025-04-14 17:00:00,batch_2025_01.csv
T000991,C00014,P0032,03/13/2025,783.15,4,WELCOME5,2025-03-14 21:00:00,batch_2025_01.csv
T002006,C00429,P0034,2025-05-28,$293.54,5,,2025-05-28 13:00:00,batch_2025_01.csv
T000750,C00259,P0077,2025-05-19,394.16,5,WELCOME5,2025-05-19 21:00:00,batch_2025_01.csv
T001197,C00263,P0052,2025-02-18,703.78,3,WELCOME5,2025-02-18 05:00:00,batch_2025_01.csv
T003818,C00445,P0109,08/10/2025,$294.59,3,,2025-08-12 00:00:00,batch_2025_01.csv
T004958,C00348,P0119,2025-07-01,$516.61,2,,2025-07-02 07:00:00,batch_2025_01.csv
T001786,C00181,P0085,2025-08-25,180.58,2,WELCOME5,2025-08-26 09:00:00,batch_2025_01.csv
T001557,C00248,P0113,2025-05-22,377.76,5,WELCOME5,2025-05-23 13:00:00,batch_2025_01.csv
T004197,C00229,P0068,2025-07-22,564.67,2,,2025-07-22 02:00:00,batch_2025_01.csv
T001558,C00205,P0148,2025-04-10,$800.63,3,,2025-04-12 00:00:00,batch_2025_01.csv
T004675,C00254,P0049,2025-05-14,408.35,5,,2025-05-14 12:00:00,batch_2025_01.csv
T000441,C00282,P0073,2025-05-24,655.72,3,,2025-05-25 14:00:00,batch_2025_01.csv
T002868,C00456,P0003,05/04/2025,721.33,3,,2025-05-04 22:00:00,batch_2025_01.csv
T001413,C00326,P0010,2025-04-02,$539.43,2,,2025-04-03 23:00:00,batch_2025_01.csv
T003220,C00410,P0016,2025-07-04,$330.17,4,SAVE10,2025-07-04 03:00:00,batch_2025_01.csv
T004680,C00277,P0013,2025-06-25,660.20,4,SAVE10,2025-06-25 05:00:00,batch_2025_01.csv
T000672,C00405,P0095,2025-06-30,$567.12,4,,2025-07-01 17:00:00,batch_2025_01.csv
T001804,C00110,P0104,2025-03-02,391.65,3,,2025-03-02 19:00:00,batch_2025_01.csv
T003373,C00206,P0110,2025-07-06,76.24,1,WELCOME5,2025-07-06 20:00:00,batch_2025_01.csv
T000417,C00264,P0072,2025-02-17,$196.67,1,,2025-02-17 11:00:00,batch_2025_01.csv
T004065,C00067,P0115,01/22/2025,861.92,5,SAVE10,2025-01-22 08:00:00,batch_2025_01.csv
T004761,C00108,P0133,2025-03-23,459.77,2,,2025-03-23 17:00:00,batch_2025_01.csv
T004851,C00268,P0138,2025-02-18,$883.66,4,,2025-02-18 12:00:00,batch_2025_01.csv
T002232,C00342,P0027,01/26/2025,801.42,5,SAVE10,2025-01-26 06:00:00,batch_2025_01.csv
T004998,,P0093,2025-04-27,$294.30,1,,2025-04-28 20:00:00,batch_2025_01.csv
T002618,C00055,P0128,05/31/2025,$674.80,1,,2025-06-01 12:00:00,batch_2025_01_late.csv
T003979,C00065,P0100,2025-08-20,599.67,3,SAVE10,2025-08-20 17:00:00,batch_2025_01.csv
T000198,C00050,P0113,2025-04-26,652.02,1,,2025-04-26 21:00:00,batch_2025_01.csv
T000090,C00038,P0033,2025-06-14,$875.36,3,,2025-06-14 05:00:00,batch_2025_01.csv
T002719,C00437,P0002,04/18/2025,627.79,4,,2025-04-18 02:00:00,batch_2025_01.csv
T001487,C00273,P0041,2025-08-05,720.34,2,,2025-08-05 06:00:00,batch_2025_01.csv
T004763,C00284,P0071,2025-01-28,101.33,4,SAVE10,2025-01-29 13:00:00,batch_2025_01.csv
T003000,C00142,P0147,2025-06-10,498.73,2,,2025-06-11 00:00:00,batch_2025_01.csv
T002979,C00059,P0067,2025-05-31,629.44,3,,2025-06-01 06:00:00,batch_2025_01.csv
T003831,C00420,P0043,2025-04-02,$76.13,2,,2025-04-03 13:00:00,batch_2025_01.csv
T000877,C00276,P0021,2025-06-16,710.28,4,,2025-06-17 18:00:00,batch_2025_01.csv
T003758,C00401,P0071,2025-06-25,286.87,3,,2025-06-26 18:00:00,batch_2025_01.csv
T004672,C00346,P0124,2025-03-05,342.60,1,,2025-03-05 22:00:00,batch_2025_01.csv
T000659,C00264,P0030,2025-03-02,$71.21,4,,2025-03-03 23:00:00,batch_2025_01.csv
T000635,C00398,P0115,2025-05-08,24.74,1,SAVE10,2025-05-08 10:00:00,batch_2025_01.csv
T002106,C00365,P0068,2025-04-21,155.31,1,WELCOME5,2025-04-22 19:00:00,batch_2025_01.csv
T002671,C00115,P0029,2025-04-23,$777.82,4,,2025-04-23 11:00:00,batch_2025_01.csv
T004191,C00479,P0127,2025-05-28,250.19,1,,2025-05-28 12:00:00,batch_2025_01.csv
T002373,C00283,P0077,2025-06-28,,1,,2025-06-28 21:00:00,batch_2025_01.csv
T000920,C00140,P0098,2025-04-24,30.05,1,,2025-04-24 15:00:00,batch_2025_01.csv
T000233,C00494,P0110,2025-02-05,288.54,5,WELCOME5,2025-02-05 16:00:00,batch_2025_01.csv
T002785,C00220,P0010,2025-07-26,$347.99,5,SAVE10,2025-07-27 06:00:00,batch_2025_01.csv
T004475,C00235,P0130,2025-03-31,777.37,3,,2025-04-01 14:00:00,batch_2025_01.csv
T004442,C00112,P0059,2025-08-14,$739.37,4,WELCOME5,2025-08-15 06:00:00,batch_2025_01.csv
T003742,C00004,P0121,2025-05-20,113.02,3,,2025-05-21 04:00:00,batch_2025_01.csv
T004307,C00436,P0135,05/10/2025,$721.33,5,WELCOME5,2025-05-11 11:00:00,batch_2025_01.csv
T002594,C00336,P0068,2025-07-03,$852.28,4,,2025-07-04 00:00:00,batch_2025_01.csv
T000940,C00359,P0077,2025-07-30,356.85,5,SAVE10,2025-07-30 12:00:00,batch_2025_01.csv
T003907,C00227,P0039,2025-04-21,216.29,3,,2025-04-22 17:00:00,batch_2025_01.csv
T001661,C00358,P0050,2025-03-24,812.46,5,WELCOME5,2025-03-25 17:00:00,batch_2025_01.csv
T004962,C00228,P0026,07/20/2025,572.16,5,,2025-07-21 19:00:00,batch_2025_01.csv
T004217,C00307,P0112,04/24/2025,370.57,1,WELCOME5,2025-04-25 15:00:00,batch_2025_01.csv
T000487,C00243,P0100,2025-03-21,$615.85,5,WELCOME5,2025-03-21 21:00:00,batch_2025_01.csv
T002100,C00128,P0017,2025-02-14,$290.47,1,WELCOME5,2025-02-14 03:00:00,batch_2025_01.csv
T004144,C00118,P0137,2025-07-06,200.59,2,,2025-07-07 11:00:00,batch_2025_01.csv
T003063,C00148,P0121,2025-07-24,503.66,2,WELCOME5,2025-07-25 06:00:00,batch_2025_01.csv
T001843,C00002,P0147,2025-06-20,325.04,1,,2025-06-21 00:00:00,batch_2025_01.csv
T001547,C00395,P0141,07/09/2025,$586.27,2,SAVE10,2025-07-10 02:00:00,batch_2025_01.csv
T000086,C00415,P0082,2025-07-01,603.71,3,,2025-07-01 05:00:00,batch_2025_01.csv
T003207,C00009,P0099,01/11/2025,157.99,2,,2025-01-11 01:00:00,batch_2025_01.csv
T004682,C00194,P0080,2025-03-18,326.52,3,WELCOME5,2025-03-18 22:00:00,batch_2025_01.csv
T002975,C00111,P0141,02/15/2025,296.45,2,,2025-02-17 00:00:00,batch_2025_01.csv
T004125,C00050,P0099,08/21/2025,$701.38,1,,2025-08-21 17:00:00,batch_2025_01.csv
T002477,C00375,P0064,05/23/2025,558.80,3,,2025-05-23 21:00:00,batch_2025_01.csv
T002428,C00295,P0135,2025-02-11,94.11,5,,2025-02-12 09:00:00,batch_2025_01.csv
T002397,C00272,P0118,2025-01-11,869.68,5,SAVE10,2025-01-11 16:00:00,batch_2025_01.csv
T003007,C00473,P0039,2025-03-28,$273.65,4,,2025-03-29 07:00:00,batch_2025_01.csv
T004528,C00176,P0066,2025-01-17,401.23,2,,2025-01-18 05:00:00,batch_2025_01.csv
T004995,C00281,P0046,2025-02-27,550.65,4,WELCOME5,2025-02-27 16:00:00,batch_2025_01.csv
T003834,C00496,P0127,2025-02-04,599.13,5,,2025-02-04 01:00:00,batch_2025_01.csv
T004653,C00258,P0044,2025-01-08,536.99,4,WELCOME5,2025-01-08 22:00:00,batch_2025_01.csv
T001378,C00023,P0071,2025-06-26,$550.81,1,,2025-06-27 09:00:00,batch_2025_01.csv
T002078,C00073,P0124,2025-04-19,,2,WELCOME5,2025-04-19 14:00:00,batch_2025_01_late.csv
T004858,C00220,P0072,01/09/2025,802.24,1,WELCOME5,2025-01-10 07:00:00,batch_2025_01.csv
T003452,C00043,P0145,2025-08-29,629.69,4,,2025-08-29 07:00:00,batch_2025_01.csv
T004758,C00140,P0127,2025-08-18,$701.40,5,,2025-08-18 04:00:00,batch_2025_01.csv
T001544,,P0047,2025-03-26,29.54,1,SAVE10,2025-03-26 07:00:00,batch_2025_01.csv
T000030,C00360,P0080,2025-03-31,830.01,4,,2025-03-31 01:00:00,batch_2025_01.csv
T001135,C00360,P0122,2025-04-27,109.98,2,,2025-04-27 03:00:00,batch_2025_01.csv
T000593,C00285,P0019,2025-05-17,714.85,5,,2025-05-18 06:00:00,batch_2025_01.csv
T001092,C00158,P0085,2025-03-04,435.19,5,,2025-03-04 04:00:00,batch_2025_01.csv
T002670,C00299,P0051,2025-04-16,,4,WELCOME5,2025-04-17 06:00:00,batch_2025_01.csv
T002607,C00378,P0092,03/07/2025,153.96,4,,2025-03-08 13:00:00,batch_2025_01.csv
T002114,C00277,P0012,2025-03-23,381.56,2,,2025-03-24 07:00:00,batch_2025_01.csv
T001172,C00224,P0132,2025-08-25,852.14,3,SAVE10,2025-08-25 13:00:00,batch_2025_01.csv
T003143,C00340,P0051,01/17/2025,$150.57,1,,2025-01-18 07:00:00,batch_2025_01.csv
T003497,C00467,P0100,2025-01-01,$18.18,3,SAVE10,2025-01-02 15:00:00,batch_2025_01_late.csv
T001116,C00309,P0086,2025-03-14,33.02,5,,2025-03-14 11:00:00,batch_2025_01.csv
T000402,C00146,P0018,2025-03-23,$810.91,3,WELCOME5,2025-03-24 08:00:00,batch_2025_01.csv
T002503,C00268,P0027,2025-07-05,82.04,5,,2025-07-05 14:00:00,batch_2025_01.csv
T000526,C00176,P0029,2025-05-01,$280.17,2,,2025-05-01 02:00:00,batch_2025_01.csv
T001309,C00165,P0113,2025-07-04,$165.64,2,,2025-07-05 14:00:00,batch_2025_01.csv
T004776,C00432,P0116,06/01/2025,$448.02,5,WELCOME5,2025-06-01 09:00:00,batch_2025_01.csv
T002403,C00091,P0097,2025-06-25,$613.78,2,,2025-06-25 17:00:00,batch_2025_01.csv
T000357,C00437,P0127,2025-01-20,783.52,3,,2025-01-21 08:00:00,batch_2025_01.csv
T000833,C00471,P0105,08/07/2025,809.07,1,SAVE10,2025-08-08 10:00:00,batch_2025_01.csv
T000815,C00494,P0125,2025-08-09,428.57,5,SAVE10,2025-08-10 05:00:00,batch_2025_01.csv
T003191,C00045,P0102,2025-07-20,792.16,2,WELCOME5,2025-07-21 17:00:00,batch_2025_01.csv
T002452,C00146,P0104,05/11/2025,254.01,3,,2025-05-11 13:00:00,batch_2025_01.csv
T000219,C00251,P0037,2025-03-10,523.06,1,SAVE10,2025-03-11 17:00:00,batch_2025_01.csv
T002167,C00182,P0004,2025-01-16,592.31,2,,2025-01-16 05:00:00,batch_2025_01.csv
T001600,C00394,P0054,2025-01-12,654.62,3,,2025-01-13 13:00:00,batch_2025_01.csv
T001719,C00304,P0008,2025-04-24,842.50,5,SAVE10,2025-04-24 05:00:00,batch_2025_01.csv
T004232,C00091,P0011,02/08/2025,$62.81,4,,2025-02-08 06:00:00,batch_2025_01.csv
T002697,C00230,P0059,2025-05-27,$31.59,5,,2025-05-28 14:00:00,batch_2025_01.csv
T002893,C00013,P0084,2025-06-25,$467.66,4,,2025-06-26 05:00:00,batch_2025_01.csv
T000807,C00131,P0150,2025-05-09,$80.94,2,,2025-05-09 02:00:00,batch_2025_01.csv
T002996,C00082,P0063,03/07/2025,661.78,3,,2025-03-07 22:00:00,batch_2025_01.csv
T001882,C00210,P0031,06/14/2025,892.25,1,,2025-06-15 14:00:00,batch_2025_01.csv
T000187,C00154,P0083,2025-06-27,546.06,4,,2025-06-27 13:00:00,batch_2025_01.csv
T000321,C00134,P0077,not-a-date,176.02,5,SAVE10,2025-05-13 16:00:00,batch_2025_01.csv
T003223,C00162,P0070,2025-08-25,574.36,1,,2025-08-25 23:00:00,batch_2025_01.csv
T004238,C00107,P0053,2025-01-01,496.79,5,WELCOME5,2025-01-02 02:00:00,batch_2025_01.csv
T002802,C00333,P0095,2025-02-03,$366.85,2,,2025-02-03 01:00:00,batch_2025_01.csv
T000893,C00032,P0114,2025-06-06,56.87,1,WELCOME5,2025-06-07 17:00:00,batch_2025_01.csv
T002669,C00474,P0050,07/19/2025,$405.52,1,,2025-07-19 03:00:00,batch_2025_01.csv
T004147,C00181,P0001,2025-04-09,651.77,3,,2025-04-09 14:00:00,batch_2025_01.csv
T001192,C00500,P0072,2025-07-07,295.14,3,,2025-07-08 07:00:00,batch_2025_01.csv
T004367,C00470,P0012,2025-05-09,$123.06,1,WELCOME5,2025-05-09 10:00:00,batch_2025_01.csv
T000621,C00329,P0068,2025-01-30,681.89,3,SAVE10,2025-01-30 04:00:00,batch_2025_01.csv
T000764,C00350,P0064,2025-08-14,$867.28,3,,2025-08-14 10:00:00,batch_2025_01.csv
T003544,C00272,P0143,05/17/2025,308.01,1,,2025-05-18 07:00:00,batch_2025_01.csv
T002443,C00066,P0120,2025-04-15,$549.18,1,,2025-04-15 08:00:00,batch_2025_01.csv
T004371,C00097,P0080,03/07/2025,600.55,2,,2025-03-07 14:00:00,batch_2025_01.csv
T002217,C00421,P0146,2025-01-12,129.46,5,,2025-01-12 03:00:00,batch_2025_01.csv
T002649,C00434,P0084,2025-06-21,637.46,2,,2025-06-21 12:00:00,batch_2025_01.csv
T004533,C00242,P0139,2025-06-14,875.41,4,SAVE10,2025-06-14 22:00:00,batch_2025_01.csv
T000511,C00154,P0057,03/22/2025,199.62,3,WELCOME5,2025-03-22 02:00:00,batch_2025_01.csv
T004198,C00252,P0038,2025-04-12,614.15,3,,2025-04-13 00:00:00,batch_2025_01.csv
T001182,C00064,P0116,2025-03-25,$160.66,3,,2025-03-26 14:00:00,batch_2025_01.csv
T004599,C00032,P0060,2025-05-10,$705.25,1,,2025-05-10 17:00:00,batch_2025_01.csv
T002633,C00003,P0123,2025-02-25,835.55,5,,2025-02-25 13:00:00,batch_2025_01.csv
T001548,C00439,P0023,06/07/2025,305.72,2,,2025-06-08 11:00:00,batch_2025_01.csv
T001808,C00045,P0011,2025-03-21,155.38,1,,2025-03-21 22:00:00,batch_2025_01.csv
T002441,C00198,P0025,04/19/2025,588.37,2,,2025-04-20 17:00:00,batch_2025_01.csv
T002181,C00016,P0101,2025-02-10,828.60,5,,2025-02-11 13:00:00,batch_2025_01.csv
T002562,C00413,P0111,2025-04-14,$490.12,5,SAVE10,2025-04-15 21:00:00,batch_2025_01.csv
T004210,C00017,P0049,07/07/2025,619.89,4,,2025-07-07 16:00:00,batch_2025_01.csv
T004394,C00188,P0126,2025-01-04,487.37,3,WELCOME5,2025-01-04 18:00:00,batch_2025_01.csv
T001084,C00446,P0142,2025-04-24,191.89,4,,2025-04-24 15:00:00,batch_2025_01.csv
T002274,C00019,P0054,2025-03-12,880.98,2,,2025-03-13 22:00:00,batch_2025_01.csv
T003089,C00251,P0125,2025-01-16,83.60,5,,2025-01-16 01:00:00,batch_2025_01.csv
T002001,C00263,P0142,2025-06-15,569.53,5,WELCOME5,2025-06-15 06:00:00,batch_2025_01.csv
T002036,C00369,P0075,2025-02-08,581.69,5,,2025-02-10 00:00:00,batch_2025_01.csv
T003566,C00038,P0147,2025-01-31,$124.58,3,,2025-02-01 12:00:00,batch_2025_01.csv
T000624,C00470,P0137,2025-08-05,$576.58,3,,2025-08-06 04:00:00,batch_2025_01.csv
T003117,C00351,P0069,2025-01-19,780.89,3,,2025-01-19 09:00:00,batch_2025_01.csv
T000440,C00142,P0103,2025-04-12,$322.99,1,,2025-04-13 02:00:00,batch_2025_01.csv
T001648,C00302,P0093,06/05/2025,$630.68,3,SAVE10,2025-06-06 20:00:00,batch_2025_01.csv
T000496,C00080,P0116,2025-03-09,271.74,5,SAVE10,2025-03-10 11:00:00,batch_2025_01.csv
T003761,C00480,P0067,05/29/2025,230.54,5,WELCOME5,2025-05-30 18:00:00,batch_2025_01.csv
T001569,C00016,P0127,2025-03-26,657.97,4,SAVE10,2025-03-26 06:00:00,batch_2025_01.csv
T003949,C00105,P0070,05/29/2025,$280.98,3,WELCOME5,2025-05-30 19:00:00,batch_2025_01.csv
T003992,C99999,P0096,2025-06-25,679.45,5,SAVE10,2025-06-26 20:00:00,batch_2025_01.csv
T003308,C00452,P0149,2025-02-04,$488.23,5,WELCOME5,2025-02-05 17:00:00,batch_2025_01.csv
T002427,C00242,P0115,2025-07-14,$144.85,5,,2025-07-15 03:00:00,batch_2025_01.csv
T004126,C00430,P0147,2025-03-29,$860.50,1,SAVE10,2025-03-30 07:00:00,batch_2025_01.csv
T000578,C00155,P0045,07/20/2025,108.11,4,WELCOME5,2025-07-20 03:00:00,batch_2025_01.csv
T003564,C00257,P0026,2025-04-28,561.90,1,WELCOME5,2025-04-28 01:00:00,batch_2025_01.csv
T002566,C00067,P0022,2025-01-12,$397.97,5,,2025-01-12 10:00:00,batch_2025_01_late.csv
T003102,C00189,P0107,2025-05-08,204.84,5,,2025-05-08 06:00:00,batch_2025_01.csv
T002007,C00349,P0135,2025-06-14,$8.58,3,,2025-06-14 18:00:00,batch_2025_01_late.csv
T002519,C00022,P0035,2025-08-22,755.78,1,,2025-08-22 16:00:00,batch_2025_01.csv
T001565,C00252,P0111,2025-02-04,636.16,5,,2025-02-05 02:00:00,batch_2025_01.csv
T000403,C00079,P0145,07/26/2025,513.64,3,,2025-07-26 21:00:00,batch_2025_01.csv
T004075,C00453,P0038,05/29/2025,829.85,2,,2025-05-29 18:00:00,batch_2025_01.csv
T003948,C00067,P0122,05/09/2025,313.77,1,SAVE10,2025-05-09 01:00:00,batch_2025_01.csv
T004439,C00004,P0035,2025-07-25,$638.96,1,SAVE10,2025-07-25 09:00:00,batch_2025_01.csv
T004239,C00497,P0020,2025-05-06,665.12,5,,2025-05-06 03:00:00,batch_2025_01.csv
T003505,C00199,P0065,05/26/2025,$718.11,4,,2025-05-26 03:00:00,batch_2025_01.csv
T003115,C00420,P0014,07/16/2025,780.80,4,,2025-07-16 09:00:00,batch_2025_01.csv
T002872,C00253,P0116,02/25/2025,424.96,5,,2025-02-25 14:00:00,batch_2025_01.csv
T002359,C00386,P0068,08/25/2025,788.20,3,,2025-08-25 19:00:00,batch_2025_01.csv
T004823,C00339,P0007,2025-06-13,891.50,4,,2025-06-15 00:00:00,batch_2025_01.csv
T004824,C00130,P0139,2025-08-27,$311.12,4,,2025-08-27 15:00:00,batch_2025_01.csv
T004030,C00358,P0081,05/22/2025,$881.30,1,WELCOME5,2025-05-23 09:00:00,batch_2025_01_late.csv
T004677,C00044,P0099,03/04/2025,$51.06,2,,2025-03-04 13:00:00,batch_2025_01.csv
T001673,C00092,P0084,2025-07-14,554.87,5,,2025-07-14 03:00:00,batch_2025_01.csv
T003256,C00382,P0080,2025-08-14,577.05,4,SAVE10,2025-08-14 04:00:00,batch_2025_01.csv
T001921,C00485,P0100,07/12/2025,147.75,1,,2025-07-13 00:00:00,batch_2025_01.csv
T003450,C00198,P0047,2025-02-25,379.77,5,,2025-02-26 15:00:00,batch_2025_01.csv
T003125,C00453,P0039,08/04/2025,$32.14,5,,2025-08-04 04:00:00,batch_2025_01.csv
T000782,C00006,P0121,2025-03-24,126.82,4,SAVE10,2025-03-25 21:00:00,batch_2025_01.csv
T002463,C00331,P0053,2025-04-02,$23.42,5,,2025-04-03 01:00:00,batch_2025_01.csv
T002064,C00296,P0107,2025-01-22,893.02,5,,2025-01-22 14:00:00,batch_2025_01.csv
T000281,C00341,P0045,2025-07-07,0.00,1,WELCOME5,2025-07-08 21:00:00,batch_2025_01.csv
T000717,C00067,P0021,2025-07-15,$386.93,4,,2025-07-15 08:00:00,batch_2025_01.csv
T000980,C00301,P0079,07/12/2025,662.67,5,,2025-07-13 23:00:00,batch_2025_01.csv
T002972,C00057,P0141,2025-05-06,350.29,5,,2025-05-06 09:00:00,batch_2025_01.csv
T000700,C00156,P0122,2025-05-15,889.64,4,,2025-05-15 22:00:00,batch_2025_01.csv
T002073,C00193,P0033,2025-07-30,23.27,3,SAVE10,2025-07-31 14:00:00,batch_2025_01.csv
T000049,C00269,P0134,04/04/2025,551.95,3,WELCOME5,2025-04-05 00:00:00,batch_2025_01.csv
T003968,C00111,P0147,2025-04-03,584.76,5,,2025-04-04 06:00:00,batch_2025_01.csv
T002387,C00377,P0149,2025-03-08,504.07,3,,2025-03-09 08:00:00,batch_2025_01.csv
T001412,C00393,P0007,2025-02-15,492.13,3,,2025-02-15 19:00:00,batch_2025_01.csv
T004205,C00467,P0085,05/24/2025,615.00,5,SAVE10,2025-05-24 21:00:00,batch_2025_01.csv
T001533,C00053,P0121,04/23/2025,$215.11,5,SAVE10,2025-04-23 20:00:00,batch_2025_01.csv
T001265,C00312,P0098,2025-07-08,616.29,4,,2025-07-08 02:00:00,batch_2025_01.csv
T002518,C00096,P0092,2025-08-13,317.27,4,WELCOME5,2025-08-13 08:00:00,batch_2025_01.csv
T002385,C00187,P0003,04/20/2025,$398.29,3,,2025-04-20 10:00:00,batch_2025_01.csv
T001754,C00078,P0006,2025-03-23,501.91,4,,2025-03-23 15:00:00,batch_2025_01.csv
T003832,C00420,P0117,2025-02-20,653.11,5,,2025-02-21 18:00:00,batch_2025_01.csv
T000051,C00171,P0021,2025-02-06,$527.80,4,,2025-02-06 23:00:00,batch_2025_01.csv
T002778,C00481,P0040,2025-04-28,861.49,3,WELCOME5,2025-04-29 00:00:00,batch_2025_01.csv
T004971,C00016,P0106,2025-06-19,84.12,3,SAVE10,2025-06-20 13:00:00,batch_2025_01.csv
T002793,C00417,P0064,2025-02-21,93.32,5,,2025-02-22 15:00:00,batch_2025_01.csv
T001922,C00207,P0059,2025-04-05,651.24,2,,2025-04-05 22:00:00,batch_2025_01.csv
T002738,C00378,P0025,04/27/2025,$269.89,3,,2025-04-28 09:00:00,batch_2025_01.csv
T001608,C00314,P0065,2025-06-12,315.87,4,WELCOME5,2025-06-13 06:00:00,batch_2025_01.csv
T001280,C00414,P0028,2025-07-04,501.54,5,SAVE10,2025-07-06 02:00:00,batch_2025_01_late.csv
T001669,C00015,P0108,2025-04-30,78.21,2,WELCOME5,2025-04-30 10:00:00,batch_2025_01.csv
T000737,C00437,P0097,2025-01-10,$402.76,3,,2025-01-10 03:00:00,batch_2025_01.csv
T001264,C00245,P0078,2025-08-13,705.14,2,WELCOME5,2025-08-13 15:00:00,batch_2025_01.csv
T003881,C00320,P0014,08/16/2025,293.86,5,,2025-08-17 12:00:00,batch_2025_01.csv
T000262,C00111,P0084,07/02/2025,140.30,1,,2025-07-02 16:00:00,batch_2025_01.csv
T003869,C00282,P0089,07/27/2025,735.71,2,,2025-07-28 05:00:00,batch_2025_01.csv
T000756,C00126,P0080,2025-05-24,422.03,2,,2025-05-25 04:00:00,batch_2025_01.csv
T002098,C00020,P0006,2025-03-09,$676.13,5,,2025-03-10 14:00:00,batch_2025_01.csv
T004667,C00385,P0045,05/25/2025,562.08,3,,2025-05-26 20:00:00,batch_2025_01.csv
T003120,C00443,P0134,2025-06-17,267.85,5,WELCOME5,2025-06-17 04:00:00,batch_2025_01.csv
T001677,C00356,P0040,2025-01-23,496.90,3,,2025-01-23 14:00:00,batch_2025_01.csv
T002461,C00008,P0039,04/25/2025,833.51,2,,2025-04-26 00:00:00,batch_2025_01.csv
T003348,C00166,P0126,02/14/2025,389.63,1,SAVE10,2025-02-15 01:00:00,batch_2025_01.csv
T003015,C00459,P0036,2025-03-12,352.84,1,,2025-03-13 13:00:00,batch_2025_01.csv
T003456,C00223,P0090,03/23/2025,346.28,3,,2025-03-24 14:00:00,batch_2025_01.csv
T004709,C00042,P0108,05/30/2025,$377.81,4,,2025-05-30 20:00:00,batch_2025_01.csv
T001633,C00103,P0121,2025-01-10,$346.98,3,,2025-01-11 21:00:00,batch_2025_01.csv
T002916,C00466,P0134,2025-02-21,$651.70,2,WELCOME5,2025-02-21 01:00:00,batch_2025_01.csv
T001685,C00309,P0132,2025-02-22,694.85,1,,2025-02-22 12:00:00,batch_2025_01.csv
T004432,C00219,P0024,05/08/2025,$709.43,3,,2025-05-09 14:00:00,batch_2025_01.csv
T000576,C00311,P0100,01/30/2025,175.14,1,,2025-01-30 20:00:00,batch_2025_01.csv
T000124,C00335,P0122,2025-02-21,$433.88,1,WELCOME5,2025-02-21 19:00:00,batch_2025_01.csv
T000979,C00466,P0049,2025-02-12,789.40,5,SAVE10,2025-02-13 04:00:00,batch_2025_01.csv
T004096,C00013,P0012,2025-07-22,673.71,5,WELCOME5,2025-07-23 17:00:00,batch_2025_01.csv
T001744,C00218,P0049,08/16/2025,$693.34,2,,2025-08-16 09:00:00,batch_2025_01.csv
T004368,C00045,P0115,not-a-date,48.62,5,SAVE10,2025-05-13 17:00:00,batch_2025_01.csv
T002203,C00250,P0117,01/24/2025,267.38,4,WELCOME5,2025-01-25 19:00:00,batch_2025_01.csv
T003345,C00210,P0148,2025-02-28,713.56,3,,2025-03-01 08:00:00,batch_2025_01.csv
T004369,C99999,P0115,2025-06-11,580.24,5,WELCOME5,2025-06-11 13:00:00,batch_2025_01.csv
T003899,C00105,P0078,2025-07-06,$668.98,3,SAVE10,2025-07-06 15:00:00,batch_2025_01.csv
T001630,C00263,P0072,2025-08-20,883.98,1,,2025-08-20 02:00:00,batch_2025_01.csv
T003491,C00352,P0082,2025-08-25,257.91,5,,2025-08-25 05:00:00,batch_2025_01.csv
T003155,C00164,P9999,2025-05-04,626.42,1,WELCOME5,2025-05-05 18:00:00,batch_2025_01.csv
T004430,C00031,P0060,2025-06-27,$676.57,5,WELCOME5,2025-06-28 14:00:00,batch_2025_01.csv
T000053,C00331,P0109,2025-01-05,461.57,3,SAVE10,2025-01-06 00:00:00,batch_2025_01.csv
T003939,C00496,P0134,2031-01-01,$343.76,1,SAVE10,2025-06-01 07:00:00,batch_2025_01.csv
T003095,C00152,P0091,06/07/2025,182.66,4,SAVE10,2025-06-08 21:00:00,batch_2025_01.csv
T003121,C00069,P0024,05/23/2025,269.00,2,,2025-05-24 20:00:00,batch_2025_01.csv
T000015,C00142,P0038,05/19/2025,888.87,1,,2025-05-19 17:00:00,batch_2025_01.csv
T000559,C00322,P0143,2025-02-23,739.55,3,,2025-02-23 04:00:00,batch_2025_01.csv
T002196,C00208,P0041,2025-04-28,$354.47,5,WELCOME5,2025-04-28 01:00:00,batch_2025_01.csv
T000585,C00264,P0027,2025-03-31,192.27,3,WELCOME5,2025-04-01 12:00:00,batch_2025_01.csv
T003068,C00166,P0089,2025-07-20,824.15,1,WELCOME5,2025-07-21 00:00:00,batch_2025_01.csv
T004310,C00438,P0049,2025-04-05,275.21,4,,2025-04-06 02:00:00,batch_2025_01.csv
T003730,C00192,P0072,2025-01-17,819.61,3,WELCOME5,2025-01-17 02:00:00,batch_2025_01.csv
T002619,,P0100,2025-02-09,$796.62,1,WELCOME5,2025-02-09 23:00:00,batch_2025_01.csv
T002808,C00356,P0086,2025-07-10,751.33,2,WELCOME5,2025-07-11 14:00:00,batch_2025_01.csv
T003798,C00091,P0093,2025-04-26,419.24,4,WELCOME5,2025-04-27 12:00:00,batch_2025_01.csv
T002635,C00296,P0036,2025-08-07,265.39,1,,2025-08-07 19:00:00,batch_2025_01.csv
T000514,C00292,P0056,07/05/2025,662.97,5,,2025-07-05 21:00:00,batch_2025_01.csv
T002582,C00193,P0148,2025-03-06,$549.63,4,SAVE10,2025-03-06 19:00:00,batch_2025_01.csv
T000972,C00003,P0004,2025-07-06,776.60,4,SAVE10,2025-07-07 23:00:00,batch_2025_01.csv
T001276,C00302,P0099,2025-01-22,$275.97,4,,2025-01-22 04:00:00,batch_2025_01.csv
T004964,C00338,P0045,2025-06-22,439.52,5,SAVE10,2025-06-23 18:00:00,batch_2025_01.csv
T003633,C00050,P0101,2025-02-21,199.38,1,,2025-02-21 19:00:00,batch_2025_01.csv
T003813,C00018,P0147,2025-01-14,833.24,4,WELCOME5,2025-01-15 20:00:00,batch_2025_01.csv
T004498,C00320,P0138,2025-05-16,$471.31,2,SAVE10,2025-05-16 09:00:00,batch_2025_01.csv
T000408,C00465,P0010,2025-05-20,$500.02,3,SAVE10,2025-05-21 11:00:00,batch_2025_01.csv
T003035,C00156,P0119,01/02/2025,$604.75,1,,2025-01-02 11:00:00,batch_2025_01.csv
T000894,C00027,P0076,2025-04-13,766.14,5,WELCOME5,2025-04-13 07:00:00,batch_2025_01.csv
T003921,C00151,P0074,2025-05-19,794.46,2,,2025-05-20 21:00:00,batch_2025_01.csv
T003804,C00018,P0086,2025-07-03,353.38,2,,2025-07-04 02:00:00,batch_2025_01.csv
T002497,C00299,P0095,05/24/2025,398.73,3,WELCOME5,2025-05-25 00:00:00,batch_2025_01.csv
T003365,C00334,P0054,05/31/2025,$60.98,1,WELCOME5,2025-05-31 04:00:00,batch_2025_01.csv
T002608,C00411,P0073,2025-01-23,$581.39,4,,2025-01-23 08:00:00,batch_2025_01.csv
T000683,C00097,P0017,07/25/2025,$27.66,3,SAVE10,2025-07-25 15:00:00,batch_2025_01.csv
T001073,C00282,P0065,07/14/2025,803.30,4,,2025-07-15 12:00:00,batch_2025_01.csv
T002782,C00405,P0095,2025-03-13,702.76,4,,2025-03-14 20:00:00,batch_2025_01.csv
T000291,C00339,P0073,2025-01-25,$273.28,4,,2025-01-25 04:00:00,batch_2025_01.csv
T000689,C00288,P0009,2025-03-30,$601.67,2,WELCOME5,2025-03-30 10:00:00,batch_2025_01.csv
T004460,C00023,P0076,2025-08-21,559.80,4,WELCOME5,2025-08-22 05:00:00,batch_2025_01.csv
T004111,C00175,P0134,03/12/2025,$731.74,1,WELCOME5,2025-03-13 14:00:00,batch_2025_01.csv
T002920,C00099,P0001,2025-02-16,350.48,1,,2025-02-17 14:00:00,batch_2025_01.csv
T003201,C00220,P0011,06/16/2025,58.03,5,,2025-06-17 00:00:00,batch_2025_01.csv
T004481,C00256,P0070,01/26/2025,845.27,4,,2025-01-26 18:00:00,batch_2025_01.csv
T004989,C00261,P0147,2025-07-28,181.97,2,SAVE10,2025-07-28 17:00:00,batch_2025_01.csv
T001418,C00370,P0021,04/21/2025,$754.47,3,WELCOME5,2025-04-21 08:00:00,batch_2025_01.csv
T001583,C00207,P0112,2025-05-06,344.34,4,WELCOME5,2025-05-06 02:00:00,batch_2025_01.csv
T000516,C00451,P0112,08/11/2025,379.54,5,,2025-08-11 08:00:00,batch_2025_01.csv
T000997,C00459,P0115,2025-05-04,859.91,2,,2025-05-05 19:00:00,batch_2025_01.csv
T001491,C00133,P0058,2025-07-16,,2,WELCOME5,2025-07-16 21:00:00,batch_2025_01.csv
T001234,C00322,P0080,08/28/2025,$649.47,2,,2025-08-28 01:00:00,batch_2025_01.csv
T004753,C00208,P0084,2025-03-15,445.42,1,,2025-03-15 13:00:00,batch_2025_01.csv
T004407,,P0098,2025-05-01,727.01,3,,2025-05-01 19:00:00,batch_2025_01.csv
T003517,C00174,P0117,2025-08-26,97.17,1,,2025-08-27 08:00:00,batch_2025_01.csv
T004568,C00204,P0027,2025-01-26,$49.01,1,WELCOME5,2025-01-26 20:00:00,batch_2025_01.csv
T004071,C00200,P0017,01/28/2025,411.73,2,,2025-01-29 00:00:00,batch_2025_01.csv
T004856,C00396,P0065,05/01/2025,26.94,5,,2025-05-01 14:00:00,batch_2025_01.csv
T001307,C00467,P0105,2025-07-09,570.70,2,,2025-07-10 04:00:00,batch_2025_01.csv
T004468,C00121,P0149,2025-06-06,409.41,1,,2025-06-06 21:00:00,batch_2025_01.csv
T000900,C00176,P0075,2025-01-03,$337.00,1,,2025-01-04 10:00:00,batch_2025_01.csv
T004255,C00272,P0073,06/29/2025,662.80,4,,2025-06-29 21:00:00,batch_2025_01.csv
T002116,C00262,P0128,06/01/2025,$609.51,4,WELCOME5,2025-06-01 18:00:00,batch_2025_01.csv
T000065,C00132,P0056,2025-05-21,752.79,3,,2025-05-22 23:00:00,batch_2025_01.csv
T003248,C00248,P0031,2025-01-28,612.96,5,,2025-01-28 21:00:00,batch_2025_01.csv
T003499,C00056,P0140,2025-04-30,$219.62,1,SAVE10,2025-05-01 01:00:00,batch_2025_01.csv
T003482,C00246,P0146,07/16/2025,377.33,1,,2025-07-16 05:00:00,batch_2025_01.csv
T001121,C00301,P0098,2025-08-11,433.44,4,,2025-08-11 03:00:00,batch_2025_01.csv
T000347,C00026,P0026,08/12/2025,733.36,3,SAVE10,2025-08-12 03:00:00,batch_2025_01.csv
T000608,C00116,P0048,2025-01-02,$386.90,5,,2025-01-03 13:00:00,batch_2025_01.csv
T003020,C00329,P0106,2025-04-09,634.64,5,SAVE10,2025-04-10 22:00:00,batch_2025_01.csv
T004593,C00057,P0029,08/25/2025,$724.46,4,,2025-08-26 06:00:00,batch_2025_01.csv
T000639,C00274,P0088,2025-04-28,79.77,1,SAVE10,2025-04-28 19:00:00,batch_2025_01.csv
T002405,C00450,P0005,2025-08-04,$279.82,3,,2025-08-05 10:00:00,batch_2025_01.csv
T001161,,P0140,2025-01-21,$829.17,2,SAVE10,2025-01-22 13:00:00,batch_2025_01.csv
T001226,C00157,P0022,2025-08-26,273.22,4,,2025-08-27 17:00:00,batch_2025_01.csv
T004694,C00272,P0144,2025-01-22,545.51,5,,2025-01-23 14:00:00,batch_2025_01.csv
T001532,C00228,P0037,2025-07-14,607.64,3,WELCOME5,2025-07-14 21:00:00,batch_2025_01.csv
T003835,C00422,P0148,08/15/2025,$469.20,1,WELCOME5,2025-08-16 07:00:00,batch_2025_01.csv
T000070,C00326,P0100,2025-03-06,$883.09,3,,2025-03-08 00:00:00,batch_2025_01.csv
T000974,C00198,P0145,07/15/2025,$152.83,3,WELCOME5,2025-07-16 04:00:00,batch_2025_01.csv
T001209,C00181,P0122,2025-05-06,,1,WELCOME5,2025-05-06 16:00:00,batch_2025_01.csv
T000787,C00256,P0072,2025-08-26,675.06,5,,2025-08-27 04:00:00,batch_2025_01.csv
T004979,C00055,P0147,2025-08-09,$360.22,3,,2025-08-10 05:00:00,batch_2025_01.csv
T000412,C00120,P0011,2025-05-13,604.38,1,,2025-05-14 00:00:00,batch_2025_01.csv
T003884,C00164,P0098,2025-04-21,334.31,5,,2025-04-22 19:00:00,batch_2025_01.csv
T003032,C00218,P0016,2025-05-25,628.26,5,,2025-05-26 19:00:00,batch_2025_01.csv
T002717,C00039,P0013,2025-01-22,665.69,2,WELCOME5,2025-01-23 13:00:00,batch_2025_01.csv
T000212,C00262,P0029,not-a-date,518.86,1,SAVE10,2025-03-11 11:00:00,batch_2025_01.csv
T002355,C00292,P0098,2025-02-22,$206.68,1,,2025-02-22 04:00:00,batch_2025_01.csv
T003574,C00246,P0044,2025-03-08,794.63,3,,2025-03-08 20:00:00,batch_2025_01.csv
T002978,C00194,P0022,2025-05-04,341.42,3,,2025-05-04 19:00:00,batch_2025_01.csv
T002731,C00113,P0069,07/19/2025,$316.05,4,WELCOME5,2025-07-19 22:00:00,batch_2025_01.csv
T004717,C00217,P0065,2025-01-02,126.77,5,,2025-01-02 08:00:00,batch_2025_01.csv
T004319,C00375,P0086,2025-02-19,248.67,3,,2025-02-19 14:00:00,batch_2025_01.csv
T000050,C00027,P0086,2025-01-25,66.79,5,,2025-01-26 12:00:00,batch_2025_01.csv
T002413,C00120,P0112,06/21/2025,$225.97,2,WELCOME5,2025-06-22 23:00:00,batch_2025_01.csv
T003816,C00042,P0004,02/14/2025,890.86,5,WELCOME5,2025-02-15 16:00:00,batch_2025_01.csv
T000882,C00446,P0072,2025-05-07,$515.64,5,WELCOME5,2025-05-07 11:00:00,batch_2025_01.csv
T000161,C00195,P0146,2025-05-08,$751.36,3,SAVE10,2025-05-09 12:00:00,batch_2025_01.csv
T002224,C00240,P0076,2025-08-14,198.30,2,,2025-08-15 23:00:00,batch_2025_01.csv
T003639,C00196,P0120,2025-08-06,410.83,3,WELCOME5,2025-08-06 07:00:00,batch_2025_01.csv
T002350,C00216,P0144,2025-03-20,$422.13,4,SAVE10,2025-03-20 20:00:00,batch_2025_01.csv
T002991,C00073,P0005,2025-08-09,93.14,5,,2025-08-10 02:00:00,batch_2025_01.csv
T003553,C00419,P0029,2025-06-20,430.71,4,,2025-06-21 13:00:00,batch_2025_01.csv
T004258,C00379,P0029,2025-02-06,519.60,1,,2025-02-07 23:00:00,batch_2025_01.csv
T001738,C00044,P0038,2025-01-11,697.44,3,,2025-01-12 06:00:00,batch_2025_01_late.csv
T004553,C00375,P0068,2025-05-03,309.95,2,SAVE10,2025-05-04 14:00:00,batch_2025_01.csv
T002366,C00441,P0123,2025-05-03,687.42,3,,2025-05-03 21:00:00,batch_2025_01.csv
T002902,C00104,P0136,2025-05-17,$370.63,3,SAVE10,2025-05-18 04:00:00,batch_2025_01.csv
T000284,C00421,P0086,2025-03-09,406.39,3,,2025-03-09 14:00:00,batch_2025_01.csv
T001500,C00009,P0002,04/18/2025,346.99,3,,2025-04-19 02:00:00,batch_2025_01.csv
T003335,C00133,P0118,2025-05-21,119.14,5,WELCOME5,2025-05-22 10:00:00,batch_2025_01.csv
T001421,C00466,P0047,2025-03-11,612.96,4,,2025-03-11 01:00:00,batch_2025_01.csv
T002396,C00232,P0147,2025-01-20,694.32,1,,2025-01-20 12:00:00,batch_2025_01.csv
T002812,C00212,P0083,2025-07-13,75.98,1,WELCOME5,2025-07-14 15:00:00,batch_2025_01.csv
T004066,C00223,P0003,2025-03-20,693.05,4,WELCOME5,2025-03-21 15:00:00,batch_2025_01.csv
T003947,C00428,P0022,2025-07-12,$883.03,3,SAVE10,2025-07-13 21:00:00,batch_2025_01.csv
T001849,C00095,P0024,2025-08-27,783.60,3,,2025-08-28 10:00:00,batch_2025_01.csv
T001093,C00011,P0012,2025-03-17,99.71,2,,2025-03-17 07:00:00,batch_2025_01.csv
T002774,C00069,P0005,2025-01-31,$222.18,2,SAVE10,2025-02-01 06:00:00,batch_2025_01.csv
T002625,C00451,P0099,2025-05-06,232.17,2,,2025-05-06 08:00:00,batch_2025_01.csv
T000557,C00255,P0128,01/02/2025,492.80,5,SAVE10,2025-01-03 15:00:00,batch_2025_01.csv
T002122,C00193,P0099,07/04/2025,495.74,3,SAVE10,2025-07-04 17:00:00,batch_2025_01.csv
T004834,C99999,P0135,2025-02-27,$25.09,1,,2025-02-27 02:00:00,batch_2025_01.csv
T001716,C00195,P0010,2025-07-14,$866.79,1,,2025-07-14 06:00:00,batch_2025_01.csv
T004279,C00358,P0099,2025-08-14,459.82,5,SAVE10,2025-08-14 07:00:00,batch_2025_01.csv
T001003,C00294,P0095,2025-03-22,121.66,1,WELCOME5,2025-03-23 01:00:00,batch_2025_01.csv
T003111,C00487,P9999,2025-03-22,608.00,3,WELCOME5,2025-03-23 01:00:00,batch_2025_01.csv
T002453,C00211,P0119,2025-08-03,$224.34,2,SAVE10,2025-08-04 06:00:00,batch_2025_01.csv
T002455,C00015,P0068,2025-01-03,$266.69,4,,2025-01-04 15:00:00,batch_2025_01.csv
T002347,C00016,P0132,2025-07-21,607.53,1,,2025-07-22 14:00:00,batch_2025_01.csv
T000072,C00426,P0119,2025-05-03,882.89,4,,2025-05-04 17:00:00,batch_2025_01.csv
T003340,C00409,P0135,2025-07-03,240.55,3,SAVE10,2025-07-04 05:00:00,batch_2025_01.csv
T004316,C00270,P0020,2025-05-28,53.91,2,,2025-05-28 23:00:00,batch_2025_01.csv
T001646,C00004,P0065,2025-02-11,259.05,1,WELCOME5,2025-02-11 05:00:00,batch_2025_01.csv
T004152,C00146,P0018,2025-01-23,55.61,1,SAVE10,2025-01-23 02:00:00,batch_2025_01.csv
T004733,C00080,P0065,2025-02-02,$667.76,4,SAVE10,2025-02-03 21:00:00,batch_2025_01.csv
T000010,C00336,P0026,06/07/2025,751.65,3,,2025-06-08 03:00:00,batch_2025_01.csv
T000106,C00231,P0141,2025-06-09,257.51,1,SAVE10,2025-06-10 20:00:00,batch_2025_01.csv
T000581,C00371,P0010,2025-07-02,417.76,1,WELCOME5,2025-07-03 10:00:00,batch_2025_01.csv
T003231,C00150,P0088,03/08/2025,859.47,5,,2025-03-09 17:00:00,batch_2025_01.csv
T000905,C00414,P0097,2025-02-17,191.14,1,WELCOME5,2025-02-17 01:00:00,batch_2025_01.csv
T002135,C00237,P0142,2025-03-11,137.75,1,,2025-03-11 06:00:00,batch_2025_01.csv
T002060,C00009,P0072,2025-03-02,880.37,5,,2025-03-03 01:00:00,batch_2025_01.csv
T000465,C00324,P0038,2025-06-13,$782.49,4,,2025-06-13 22:00:00,batch_2025_01.csv
T002969,C00380,P0005,2025-08-10,91.66,3,,2025-08-11 05:00:00,batch_2025_01.csv
T002493,C00498,P0088,2025-05-31,-45.00,1,,2025-06-01 13:00:00,batch_2025_01.csv
T002459,C00098,P0011,03/20/2025,$302.25,5,WELCOME5,2025-03-21 19:00:00,batch_2025_01.csv
T001688,C00013,P0080,08/01/2025,19.03,4,,2025-08-01 12:00:00,batch_2025_01.csv
T003054,C00118,P0037,2025-02-16,500.58,5,,2025-02-16 12:00:00,batch_2025_01.csv
T004464,C00310,P0052,2025-08-20,$773.62,4,SAVE10,2025-08-20 19:00:00,batch_2025_01.csv
T003281,C00015,P0072,2025-05-05,$490.83,4,,2025-05-06 20:00:00,batch_2025_01.csv
T002389,C00233,P0042,2025-06-19,862.19,1,SAVE10,2025-06-19 09:00:00,batch_2025_01.csv
T002788,C00318,P0033,2025-04-17,17.88,5,WELCOME5,2025-04-18 02:00:00,batch_2025_01.csv
T000640,C00339,P0049,2025-04-10,274.59,1,SAVE10,2025-04-10 07:00:00,batch_2025_01.csv
T004831,C00024,P0044,06/03/2025,$441.82,2,WELCOME5,2025-06-04 02:00:00,batch_2025_01.csv
T000546,C00369,P0081,2025-08-29,$359.58,1,WELCOME5,2025-08-31 00:00:00,batch_2025_01.csv
T003654,C00081,P0081,2025-04-24,575.47,4,,2025-04-25 14:00:00,batch_2025_01.csv
T003385,C00471,P0094,2025-06-22,76.11,3,,2025-06-22 13:00:00,batch_2025_01.csv
T000990,C00194,P0015,08/12/2025,877.97,4,,2025-08-12 22:00:00,batch_2025_01.csv
T003723,C00490,P0094,2025-01-09,797.42,5,,2025-01-10 09:00:00,batch_2025_01.csv
T002521,C00091,P0134,2025-07-26,81.33,4,,2025-07-26 17:00:00,batch_2025_01.csv
T000323,C00208,P0100,05/30/2025,665.17,3,,2025-05-31 22:00:00,batch_2025_01.csv
T002276,C00022,P9999,04/17/2025,456.98,4,,2025-04-17 22:00:00,batch_2025_01.csv
T002761,C00307,P0046,2025-03-29,64.65,3,WELCOME5,2025-03-30 11:00:00,batch_2025_01.csv
T001243,C00257,P0129,2025-08-20,$196.02,2,,2025-08-21 22:00:00,batch_2025_01.csv
T001419,C00264,P0139,03/04/2025,769.99,4,,2025-03-05 21:00:00,batch_2025_01.csv
T000316,C00334,P0105,2025-08-10,465.85,2,WELCOME5,2025-08-11 20:00:00,batch_2025_01.csv
T004567,C00091,P0050,2025-06-24,704.61,4,SAVE10,2025-06-24 16:00:00,batch_2025_01.csv
T002348,C00024,P0041,01/18/2025,$115.98,4,SAVE10,2025-01-18 23:00:00,batch_2025_01.csv
T004384,C00170,P0050,2025-01-28,817.20,4,,2025-01-29 11:00:00,batch_2025_01.csv
T003136,C00175,P0020,2025-08-02,$620.90,1,,2025-08-02 22:00:00,batch_2025_01.csv
T004155,C00219,P0023,2025-02-25,$243.12,3,SAVE10,2025-02-25 21:00:00,batch_2025_01.csv
T002959,C00341,P0025,2025-05-22,368.80,1,,2025-05-22 05:00:00,batch_2025_01.csv
T002513,C00451,P0035,2025-07-02,275.01,3,WELCOME5,2025-07-03 06:00:00,batch_2025_01.csv
T001524,C00308,P0039,2025-05-16,$510.09,5,,2025-05-17 10:00:00,batch_2025_01.csv
T002017,C00014,P0126,2025-04-09,$470.89,4,,2025-04-10 12:00:00,batch_2025_01.csv
T001655,C00222,P0112,02/10/2025,853.02,1,,2025-02-11 08:00:00,batch_2025_01.csv
T000761,C00255,P0024,2025-02-01,$220.36,4,,2025-02-01 21:00:00,batch_2025_01.csv
T002446,C00274,P0099,2025-06-06,689.24,3,SAVE10,2025-06-06 23:00:00,batch_2025_01.csv
T000008,C00072,P0012,2025-03-19,852.07,5,,2025-03-20 08:00:00,batch_2025_01.csv
T002634,C00458,P0041,02/24/2025,259.61,5,,2025-02-25 21:00:00,batch_2025_01.csv
T002086,C00020,P0054,08/22/2025,$31.77,1,SAVE10,2025-08-24 00:00:00,batch_2025_01.csv
T000949,C00111,P0009,2025-05-17,804.28,5,,2025-05-17 14:00:00,batch_2025_01.csv
T003799,C00464,P0138,04/24/2025,$240.70,3,SAVE10,2025-04-24 01:00:00,batch_2025_01.csv
T000798,C00196,P0024,02/15/2025,363.78,1,,2025-02-15 16:00:00,batch_2025_01.csv
T000957,C00088,P0065,06/03/2025,$863.46,2,,2025-06-03 21:00:00,batch_2025_01.csv
T000126,C00429,P0102,02/17/2025,710.86,1,,2025-02-19 00:00:00,batch_2025_01.csv
T002699,C00182,P0003,03/11/2025,291.47,5,,2025-03-11 14:00:00,batch_2025_01.csv
T002924,C00335,P0122,06/09/2025,114.19,2,,2025-06-10 09:00:00,batch_2025_01.csv
T001614,C00486,P0094,2025-05-21,811.12,4,,2025-05-22 03:00:00,batch_2025_01.csv
T002811,C00384,P0137,2025-02-02,379.06,1,SAVE10,2025-02-02 15:00:00,batch_2025_01.csv
T001501,C00429,P0017,2025-08-06,395.26,1,SAVE10,2025-08-07 18:00:00,batch_2025_01.csv
T001966,C00415,P0110,08/01/2025,$95.64,5,,2025-08-02 20:00:00,batch_2025_01.csv
T004293,C99999,P0044,2025-06-03,$55.51,4,,2025-06-04 20:00:00,batch_2025_01.csv
T004620,C00366,P0136,2025-04-09,283.03,4,,2025-04-09 19:00:00,batch_2025_01.csv
T001867,C00251,P0071,2025-03-06,398.21,1,SAVE10,2025-03-06 01:00:00,batch_2025_01.csv
T000068,C00315,P0091,2025-04-17,222.58,3,,2025-04-17 12:00:00,batch_2025_01.csv
T002931,C00086,P0104,2025-02-23,$745.48,4,,2025-02-24 09:00:00,batch_2025_01.csv
T002149,C00067,P0063,04/05/2025,772.48,2,,2025-04-05 17:00:00,batch_2025_01.csv
T001132,C00193,P0041,2025-08-07,516.56,1,,2025-08-07 05:00:00,batch_2025_01.csv
T002714,C00404,P0004,2025-06-17,548.09,4,,2025-06-18 03:00:00,batch_2025_01.csv
T003548,C00272,P0115,2025-01-08,493.57,5,,2025-01-09 20:00:00,batch_2025_01.csv
T003965,C00125,P0045,2025-01-25,$306.23,5,,2025-01-25 11:00:00,batch_2025_01.csv
T004794,C00466,P0097,2025-04-29,525.37,2,,2025-05-01 00:00:00,batch_2025_01.csv
T000663,C00172,P0033,2025-05-26,36.63,4,SAVE10,2025-05-26 04:00:00,batch_2025_01.csv
T000385,C00170,P0093,2025-07-12,269.87,1,,2025-07-13 16:00:00,batch_2025_01.csv
T002600,C00202,P0116,05/11/2025,$888.28,4,,2025-05-12 02:00:00,batch_2025_01.csv
T002961,C00419,P0144,2025-05-05,$189.43,2,WELCOME5,2025-05-06 05:00:00,batch_2025_01.csv
T002300,C00470,P0079,2025-07-28,461.18,2,,2025-07-28 22:00:00,batch_2025_01.csv
T001792,C00489,P0035,2025-05-26,181.49,2,SAVE10,2025-05-26 13:00:00,batch_2025_01.csv
T001863,C00375,P0019,2025-02-04,618.19,1,,2025-02-04 14:00:00,batch_2025_01.csv
T003104,C00386,P0138,06/28/2025,$511.62,1,,2025-06-28 10:00:00,batch_2025_01.csv
T003745,C00307,P0023,02/18/2025,$103.42,2,,2025-02-19 05:00:00,batch_2025_01.csv
T002067,C00058,P0098,2025-02-03,$367.21,1,SAVE10,2025-02-03 12:00:00,batch_2025_01.csv
T004871,C00394,P0125,04/16/2025,149.74,5,WELCOME5,2025-04-17 10:00:00,batch_2025_01.csv
T003222,C00291,P0012,04/25/2025,629.67,2,WELCOME5,2025-04-25 15:00:00,batch_2025_01.csv
T002293,C00369,P0073,2025-02-17,852.93,2,,2025-02-18 00:00:00,batch_2025_01.csv
T002307,C00189,P0141,2025-08-23,406.40,3,,2025-08-24 12:00:00,batch_2025_01.csv
T003561,C00007,P0147,2025-05-10,871.10,5,,2025-05-11 08:00:00,batch_2025_01.csv
T002246,,P0016,05/05/2025,371.54,1,SAVE10,2025-05-06 13:00:00,batch_2025_01.csv
T002938,C00339,P0078,2025-04-27,549.86,4,SAVE10,2025-04-27 03:00:00,batch_2025_01.csv
T004101,C00086,P9999,2025-06-04,212.37,4,,2025-06-04 21:00:00,batch_2025_01.csv
T003303,C00323,P0066,08/11/2025,750.21,1,,2025-08-12 03:00:00,batch_2025_01.csv
T004437,C00364,P0008,2025-03-12,691.67,3,,2025-03-12 03:00:00,batch_2025_01.csv
T004340,C00452,P0095,2025-01-05,770.19,5,SAVE10,2025-01-06 21:00:00,batch_2025_01.csv
T001917,C00332,P0017,2025-03-04,364.54,4,WELCOME5,2025-03-04 10:00:00,batch_2025_01.csv
T003214,C00475,P0132,2025-07-11,$185.17,5,,2025-07-11 18:00:00,batch_2025_01.csv
T000507,C00173,P0041,06/03/2025,484.24,5,,2025-06-04 05:00:00,batch_2025_01.csv
T001027,C00338,P0137,2025-05-28,$404.87,3,WELCOME5,2025-05-29 08:00:00,batch_2025_01.csv
T004610,C00062,P0148,02/01/2025,63.70,3,,2025-02-01 07:00:00,batch_2025_01.csv
T004251,C00004,P0002,04/02/2025,801.22,4,WELCOME5,2025-04-04 00:00:00,batch_2025_01.csv
T004743,C00246,P0105,01/20/2025,778.19,5,SAVE10,2025-01-21 23:00:00,batch_2025_01.csv
T003926,C00203,P0145,02/19/2025,$758.34,1,,2025-02-19 10:00:00,batch_2025_01.csv
T000899,C00492,P0092,08/15/2025,285.58,3,WELCOME5,2025-08-16 11:00:00,batch_2025_01.csv
T002202,C00479,P0036,2025-07-20,$847.14,1,SAVE10,2025-07-21 06:00:00,batch_2025_01.csv
T003867,C00330,P0010,2025-03-26,57.89,5,SAVE10,2025-03-26 14:00:00,batch_2025_01.csv
T004341,C00495,P0038,2025-04-29,261.02,3,,2025-04-29 09:00:00,batch_2025_01.csv
T003886,C00166,P0062,2025-04-10,$621.99,4,,2025-04-10 09:00:00,batch_2025_01.csv
T004860,C00052,P0100,2025-04-29,293.69,1,,2025-04-29 12:00:00,batch_2025_01.csv
T004343,C00092,P0125,04/22/2025,$898.30,2,WELCOME5,2025-04-23 23:00:00,batch_2025_01.csv
T001934,C00055,P0086,2025-01-29,$702.54,1,,2025-01-30 12:00:00,batch_2025_01.csv
T001494,C00446,P0081,2025-06-18,836.19,3,,2025-06-18 14:00:00,batch_2025_01.csv
T002818,C00457,P0004,2025-03-23,647.41,1,,2025-03-23 20:00:00,batch_2025_01.csv
T002980,C00033,P0035,2025-01-03,788.36,2,SAVE10,2025-01-03 19:00:00,batch_2025_01.csv
T002720,C00165,P0103,01/29/2025,258.64,1,SAVE10,2025-01-30 20:00:00,batch_2025_01.csv
T000524,C00180,P0114,04/23/2025,563.88,3,,2025-04-23 03:00:00,batch_2025_01.csv
T000424,C00009,P0052,2025-08-21,474.26,5,,2025-08-22 09:00:00,batch_2025_01.csv
T000251,C00036,P0120,2025-07-18,$780.50,1,,2025-07-18 20:00:00,batch_2025_01.csv
T003188,C00209,P0092,2025-07-13,585.69,4,SAVE10,2025-07-14 23:00:00,batch_2025_01.csv
T003940,C00381,P0054,2025-05-16,$356.40,1,WELCOME5,2025-05-16 15:00:00,batch_2025_01.csv
T002892,C00295,P0095,04/30/2025,$365.53,3,SAVE10,2025-05-02 00:00:00,batch_2025_01.csv
T004267,C00123,P0008,2025-01-18,$689.02,5,,2025-01-18 04:00:00,batch_2025_01.csv
T004171,C00003,P0088,06/08/2025,145.83,3,,2025-06-09 16:00:00,batch_2025_01.csv
T003766,C00451,P0050,2025-01-07,290.14,5,,2025-01-08 18:00:00,batch_2025_01.csv
T001910,C00371,P0133,2025-02-08,253.37,4,,2025-02-09 02:00:00,batch_2025_01.csv
T000907,C00102,P0051,02/26/2025,261.42,5,,2025-02-26 17:00:00,batch_2025_01.csv
T004988,C00026,P0033,02/25/2025,519.90,2,SAVE10,2025-02-26 21:00:00,batch_2025_01.csv
T004801,C00178,P0103,2025-02-21,208.39,2,,2025-02-21 11:00:00,batch_2025_01.csv
T000071,C00376,P0027,2025-07-08,696.18,3,,2025-07-08 22:00:00,batch_2025_01.csv
T001992,,P0140,2025-04-20,649.51,4,SAVE10,2025-04-21 02:00:00,batch_2025_01.csv
T004471,C00021,P0124,2025-02-21,568.41,4,,2025-02-22 01:00:00,batch_2025_01.csv
T001803,C00481,P0095,03/02/2025,113.46,4,WELCOME5,2025-03-03 08:00:00,batch_2025_01.csv
T004849,C00125,P0125,2025-03-10,351.84,5,,2025-03-10 11:00:00,batch_2025_01.csv
T004443,C00494,P0056,2025-07-17,550.26,3,,2025-07-19 00:00:00,batch_2025_01.csv
T001853,C00386,P0011,2025-08-13,286.21,1,,2025-08-14 03:00:00,batch_2025_01.csv
T001979,C00346,P0137,2025-02-19,242.42,2,,2025-02-19 13:00:00,batch_2025_01.csv
T002004,C00195,P0020,2025-01-17,867.46,4,WELCOME5,2025-01-18 23:00:00,batch_2025_01.csv
T004173,C00011,P0043,2025-04-02,819.95,2,,2025-04-03 02:00:00,batch_2025_01.csv
T000763,C00442,P0015,04/06/2025,445.40,4,SAVE10,2025-04-07 21:00:00,batch_2025_01.csv
T000630,C00459,P0029,2025-03-06,628.52,4,,2025-03-06 19:00:00,batch_2025_01.csv
T003192,C00082,P0048,2025-04-22,$387.20,1,WELCOME5,2025-04-23 05:00:00,batch_2025_01.csv
T002523,C00275,P0077,03/09/2025,373.36,1,,2025-03-09 03:00:00,batch_2025_01.csv
T003560,C00445,P0102,2025-05-17,$57.42,2,,2025-05-17 22:00:00,batch_2025_01.csv
T003803,C00062,P0113,03/29/2025,31.95,5,SAVE10,2025-03-29 13:00:00,batch_2025_01.csv
T001365,C00390,P0031,04/11/2025,$222.77,3,,2025-04-12 01:00:00,batch_2025_01.csv
T003670,C00271,P0027,2025-08-15,$106.70,4,,2025-08-15 05:00:00,batch_2025_01.csv
T002806,C00050,P0004,2025-05-06,54.23,4,,2025-05-07 08:00:00,batch_2025_01.csv
T003271,C00233,P0110,2025-03-02,$452.68,1,WELCOME5,2025-03-03 05:00:00,batch_2025_01.csv
T001861,C00332,P0128,2025-01-30,$9.30,2,WELCOME5,2025-01-31 02:00:00,batch_2025_01.csv
T004497,C00224,P0080,2025-03-24,301.94,3,WELCOME5,2025-03-24 12:00:00,batch_2025_01.csv
T001400,C00306,P0101,2025-03-30,484.43,1,,2025-03-31 08:00:00,batch_2025_01.csv
T003820,C00145,P9999,01/29/2025,368.78,3,,2025-01-29 23:00:00,batch_2025_01.csv
T000800,C00153,P0126,07/08/2025,$722.58,3,,2025-07-08 20:00:00,batch_2025_01.csv
T002294,C00126,P0067,07/28/2025,854.72,1,,2025-07-28 03:00:00,batch_2025_01.csv
T004412,C00335,P0063,2025-04-04,$675.45,3,SAVE10,2025-04-04 13:00:00,batch_2025_01.csv
T002038,C00378,P0035,2025-01-17,177.86,1,,2025-01-17 09:00:00,batch_2025_01.csv
T003044,C00299,P0139,2025-06-07,540.71,3,SAVE10,2025-06-07 18:00:00,batch_2025_01.csv
T000426,C00247,P0034,05/19/2025,$812.57,4,WELCOME5,2025-05-19 01:00:00,batch_2025_01.csv
T001459,C00354,P0117,2025-06-05,166.27,2,,2025-06-05 18:00:00,batch_2025_01.csv
T000746,C00052,P0053,2025-05-09,$307.68,3,SAVE10,2025-05-10 19:00:00,batch_2025_01.csv
T003003,C00032,P0107,2025-01-27,379.51,2,,2025-01-27 18:00:00,batch_2025_01.csv
T000613,C00464,P0121,2025-03-26,519.98,3,,2025-03-27 03:00:00,batch_2025_01.csv
T002091,C00497,P0136,2025-05-06,858.87,1,,2025-05-06 20:00:00,batch_2025_01.csv
T003083,C00047,P0114,05/05/2025,$148.88,2,,2025-05-05 19:00:00,batch_2025_01.csv
T004296,C00114,P0022,2025-04-28,400.92,1,,2025-04-29 09:00:00,batch_2025_01.csv
T003314,C00095,P0061,2025-03-20,$395.02,3,,2025-03-20 01:00:00,batch_2025_01.csv
T004588,C00145,P0146,2025-02-15,580.23,1,,2025-02-15 14:00:00,batch_2025_01.csv
T003108,C00072,P0011,2025-07-19,92.07,4,,2025-07-19 18:00:00,batch_2025_01.csv
T003789,C00377,P0019,02/10/2025,$668.64,5,,2025-02-11 13:00:00,batch_2025_01.csv
T004501,C00222,P0071,2025-04-08,38.95,4,,2025-04-09 07:00:00,batch_2025_01.csv
T001275,C00121,P0113,2025-04-27,587.72,3,,2025-04-27 08:00:00,batch_2025_01.csv
T003440,C00246,P0098,2025-01-13,$373.91,4,,2025-01-14 13:00:00,batch_2025_01.csv
T003382,C00443,P0078,2025-01-01,746.23,1,,2025-01-01 13:00:00,batch_2025_01.csv
T004023,C00077,P0062,2025-08-09,48.21,4,,2025-08-10 13:00:00,batch_2025_01.csv
T002228,C00472,P0077,2025-02-05,370.06,4,SAVE10,2025-02-06 11:00:00,batch_2025_01.csv
T001692,C00380,P0096,2025-04-17,$75.88,1,,2025-04-18 18:00:00,batch_2025_01.csv
T001025,C00045,P0144,2025-07-12,237.03,3,,2025-07-12 03:00:00,batch_2025_01.csv
T001146,C00111,P0090,2025-02-18,195.11,3,,2025-02-19 20:00:00,batch_2025_01.csv
T001160,C00105,P0024,2025-04-22,$91.19,1,WELCOME5,2025-04-22 01:00:00,batch_2025_01.csv
T000609,C00211,P0140,2025-01-09,$522.11,1,WELCOME5,2025-01-09 09:00:00,batch_2025_01_late.csv
T003283,C00339,P0043,2025-01-15,438.44,1,,2025-01-16 01:00:00,batch_2025_01.csv
T003255,C00068,P0097,2025-05-14,$670.22,1,,2025-05-14 16:00:00,batch_2025_01.csv
T003147,C00172,P0144,2025-06-24,46.64,4,SAVE10,2025-06-24 22:00:00,batch_2025_01.csv
T002712,C00089,P0142,05/31/2025,$374.78,1,,2025-05-31 17:00:00,batch_2025_01.csv
T004299,C00154,P0053,2025-02-02,74.15,3,,2025-02-03 19:00:00,batch_2025_01.csv
T000150,C00451,P0045,2025-04-20,566.39,4,WELCOME5,2025-04-21 12:00:00,batch_2025_01.csv
T003370,C00036,P0016,2025-07-28,$664.17,3,SAVE10,2025-07-28 20:00:00,batch_2025_01.csv
T001628,C00470,P0039,2025-08-28,$106.99,3,,2025-08-30 01:00:00,batch_2025_01_late.csv
T002240,C00238,P0141,04/01/2025,$52.17,1,,2025-04-02 22:00:00,batch_2025_01.csv
T001136,C00164,P0146,2025-06-03,35.94,4,SAVE10,2025-06-04 01:00:00,batch_2025_01.csv
T000156,C00493,P0031,07/13/2025,$674.22,2,SAVE10,2025-07-14 07:00:00,batch_2025_01.csv
T000973,C00497,P0096,03/20/2025,350.56,1,,2025-03-21 18:00:00,batch_2025_01.csv
T003042,C00035,P0105,2025-07-28,496.70,2,SAVE10,2025-07-28 23:00:00,batch_2025_01.csv
T001611,C00364,P0139,04/13/2025,767.70,4,SAVE10,2025-04-13 09:00:00,batch_2025_01.csv
T002795,C00477,P0103,06/07/2025,138.94,3,,2025-06-08 23:00:00,batch_2025_01.csv
T001070,C00333,P0071,04/09/2025,195.35,5,,2025-04-09 12:00:00,batch_2025_01_late.csv
T001949,C00176,P0077,08/09/2025,$219.78,5,,2025-08-10 19:00:00,batch_2025_01.csv
T001261,C00419,P0085,2025-06-19,832.36,5,WELCOME5,2025-06-19 04:00:00,batch_2025_01.csv
T000792,C00428,P0044,2025-07-30,$676.94,2,WELCOME5,2025-07-30 18:00:00,batch_2025_01.csv
T003980,C00115,P0062,08/22/2025,17.02,4,,2025-08-23 22:00:00,batch_2025_01.csv
T000270,C00323,P0140,2025-04-08,$717.00,4,,2025-04-09 22:00:00,batch_2025_01.csv
T002371,C00362,P0101,2025-05-30,177.76,1,WELCOME5,2025-05-30 22:00:00,batch_2025_01.csv
T004949,C00340,P0129,03/21/2025,714.10,4,WELCOME5,2025-03-22 05:00:00,batch_2025_01.csv
T002234,C00352,P0046,01/07/2025,158.03,2,,2025-01-08 02:00:00,batch_2025_01.csv
T001194,C00498,P0127,2025-01-04,61.76,2,SAVE10,2025-01-05 19:00:00,batch_2025_01.csv
T001328,C00060,P0046,2025-03-23,$422.54,2,SAVE10,2025-03-24 19:00:00,batch_2025_01.csv
T004749,C00001,P0036,08/08/2025,$33.93,5,WELCOME5,2025-08-08 15:00:00,batch_2025_01.csv
T003890,C00333,P0081,2019-13-40,93.88,3,,2025-01-19 16:00:00,batch_2025_01.csv
T001443,C00225,P0124,01/16/2025,746.36,1,,2025-01-16 19:00:00,batch_2025_01.csv
T000971,C00193,P0144,2025-01-19,548.57,2,,2025-01-19 22:00:00,batch_2025_01.csv
T000386,C00343,P0089,2025-08-20,$405.54,1,,2025-08-21 18:00:00,batch_2025_01.csv
T001043,C00295,P9999,03/15/2025,83.45,1,SAVE10,2025-03-16 12:00:00,batch_2025_01.csv
T000573,C00237,P0106,2025-01-15,$835.59,3,WELCOME5,2025-01-16 10:00:00,batch_2025_01.csv
T002867,C00143,P0076,2019-13-40,$131.36,5,,2025-03-19 08:00:00,batch_2025_01.csv
T003212,C00404,P0054,03/19/2025,330.80,3,,2025-03-19 17:00:00,batch_2025_01.csv
T004685,C00276,P0035,2025-03-05,179.39,2,,2025-03-05 13:00:00,batch_2025_01.csv
T003023,C00206,P0064,2025-03-11,$514.38,1,,2025-03-12 23:00:00,batch_2025_01.csv
T004082,C00348,P9999,05/02/2025,$330.57,3,,2025-05-03 05:00:00,batch_2025_01.csv
T003736,C00479,P0013,2025-08-03,297.34,4,,2025-08-04 12:00:00,batch_2025_01.csv
T001601,C00180,P0119,2025-06-14,186.98,3,WELCOME5,2025-06-14 04:00:00,batch_2025_01.csv
T000752,C00110,P0120,06/13/2025,247.00,4,WELCOME5,2025-06-14 11:00:00,batch_2025_01.csv
T001941,C00357,P0076,05/18/2025,124.01,3,,2025-05-19 03:00:00,batch_2025_01.csv
T003301,C00079,P0124,2025-07-07,766.75,3,,2025-07-07 14:00:00,batch_2025_01.csv
T004644,C00002,P0036,2025-02-18,656.62,3,,2025-02-18 06:00:00,batch_2025_01.csv
T001214,C00183,P0128,2025-05-28,35.57,2,,2025-05-30 00:00:00,batch_2025_01.csv
T003693,C00136,P0068,05/07/2025,480.07,2,SAVE10,2025-05-08 20:00:00,batch_2025_01.csv
T002505,C00041,P0071,2025-03-28,851.17,5,WELCOME5,2025-03-29 13:00:00,batch_2025_01.csv
T004381,C00379,P0129,2025-05-11,$373.62,2,,2025-05-11 06:00:00,batch_2025_01.csv
T004759,C00157,P0004,2025-07-19,765.68,5,SAVE10,2025-07-19 19:00:00,batch_2025_01.csv
T003346,C00408,P0144,2025-05-01,395.69,3,SAVE10,2025-05-02 21:00:00,batch_2025_01.csv
T004312,C00467,P0046,2025-08-01,865.67,4,WELCOME5,2025-08-01 15:00:00,batch_2025_01.csv
T001424,C00169,P0139,2025-08-27,355.02,3,SAVE10,2025-08-28 12:00:00,batch_2025_01.csv
T003685,C00249,P0002,03/01/2025,763.48,2,SAVE10,2025-03-02 15:00:00,batch_2025_01.csv
T004216,C00435,P0008,2025-06-15,$237.83,2,SAVE10,2025-06-16 12:00:00,batch_2025_01.csv
T002779,C00232,P0104,2025-08-26,$742.04,4,,2025-08-27 22:00:00,batch_2025_01.csv
T000982,C00001,P0025,2025-06-28,$70.30,4,,2025-06-29 03:00:00,batch_2025_01.csv
T004542,C00463,P0115,2025-03-23,830.19,2,,2025-03-24 19:00:00,batch_2025_01.csv
T000174,C00074,P0102,2025-03-18,$836.56,4,WELCOME5,2025-03-18 11:00:00,batch_2025_01.csv
T001398,C00352,P0101,2025-08-22,631.31,2,,2025-08-23 07:00:00,batch_2025_01.csv
T003618,C00081,P0001,2025-05-22,653.81,3,SAVE10,2025-05-22 08:00:00,batch_2025_01.csv
T001920,,P0027,2025-07-19,284.15,4,,2025-07-19 17:00:00,batch_2025_01.csv
T002843,C00026,P0137,2025-02-04,391.90,4,,2025-02-05 06:00:00,batch_2025_01.csv
T003620,C00492,P0137,2025-07-16,205.98,5,WELCOME5,2025-07-17 02:00:00,batch_2025_01.csv
T000117,C00248,P0050,2025-03-13,861.94,3,,2025-03-14 12:00:00,batch_2025_01.csv
T000858,C00293,P0080,2025-02-01,508.45,5,WELCOME5,2025-02-02 18:00:00,batch_2025_01.csv
T004630,C00273,P0077,2025-06-10,$168.23,3,,2025-06-10 20:00:00,batch_2025_01.csv
T004431,C00479,P0136,2025-03-10,$238.72,2,,2025-03-10 10:00:00,batch_2025_01.csv
T002239,C99999,P0113,2025-08-02,260.01,2,,2025-08-03 08:00:00,batch_2025_01.csv
T001818,C00026,P0009,2025-07-25,758.28,4,SAVE10,2025-07-25 17:00:00,batch_2025_01.csv
T000812,C00354,P0102,2025-01-23,725.74,1,,2025-01-23 09:00:00,batch_2025_01.csv
T003732,C00052,P0085,2025-01-25,658.15,4,,2025-01-26 08:00:00,batch_2025_01.csv
T001422,C00141,P0069,2025-07-22,420.50,1,,2025-07-23 17:00:00,batch_2025_01.csv
T002406,C00139,P0119,not-a-date,$26.56,4,WELCOME5,2025-02-12 01:00:00,batch_2025_01.csv
T000200,C00283,P0041,2025-04-20,303.24,2,,2025-04-21 06:00:00,batch_2025_01.csv
T004044,C00186,P0134,04/09/2025,503.66,1,SAVE10,2025-04-09 10:00:00,batch_2025_01.csv
T000895,C00006,P0117,07/23/2025,$350.46,3,,2025-07-24 04:00:00,batch_2025_01.csv
T000705,C00062,P0071,01/18/2025,$447.80,5,SAVE10,2025-01-19 15:00:00,batch_2025_01.csv
T003554,C00121,P0050,2025-05-19,686.14,1,,2025-05-20 12:00:00,batch_2025_01.csv
T004728,C00336,P0042,2025-01-21,$456.24,2,SAVE10,2025-01-22 06:00:00,batch_2025_01.csv
T002865,C00370,P0137,2025-06-16,781.78,2,,2025-06-16 10:00:00,batch_2025_01.csv
T001626,C00300,P0147,08/17/2025,170.20,5,,2025-08-17 02:00:00,batch_2025_01.csv
T001062,C00102,P0122,07/27/2025,$638.16,2,,2025-07-27 07:00:00,batch_2025_01.csv
T002166,C00087,P0008,2025-08-02,$178.93,1,SAVE10,2025-08-03 12:00:00,batch_2025_01.csv
T004634,C00192,P0146,04/03/2025,732.29,3,,2025-04-03 16:00:00,batch_2025_01.csv
T000796,C00337,P0002,2025-01-12,301.85,5,,2025-01-13 18:00:00,batch_2025_01.csv
T004454,C00121,P0054,03/25/2025,75.24,5,SAVE10,2025-03-26 16:00:00,batch_2025_01.csv
T001118,C00290,P0012,2025-07-22,510.86,3,,2025-07-23 07:00:00,batch_2025_01.csv
T004754,C00134,P0101,2025-02-21,738.28,5,,2025-02-22 15:00:00,batch_2025_01.csv
T001950,C00209,P0012,2025-06-15,197.07,1,,2025-06-16 00:00:00,batch_2025_01.csv
T002825,C00461,P0014,2025-08-04,$687.78,5,WELCOME5,2025-08-05 04:00:00,batch_2025_01.csv
T002046,C00495,P0048,2025-08-26,861.37,5,WELCOME5,2025-08-26 02:00:00,batch_2025_01.csv
T004800,C00085,P0082,2025-05-16,$488.58,1,,2025-05-16 16:00:00,batch_2025_01.csv
T004186,C00423,P0076,03/14/2025,465.15,3,,2025-03-15 14:00:00,batch_2025_01.csv
T001759,C00385,P0098,2025-07-15,$28.54,4,WELCOME5,2025-07-15 18:00:00,batch_2025_01.csv
T004623,C00128,P0086,08/10/2025,876.19,1,SAVE10,2025-08-10 15:00:00,batch_2025_01.csv
T001996,C00230,P0027,2025-04-14,620.58,2,,2025-04-15 13:00:00,batch_2025_01.csv
T004135,C00257,P0097,2025-05-03,887.79,2,SAVE10,2025-05-04 14:00:00,batch_2025_01.csv
T000930,C00301,P0006,2025-01-09,514.28,3,WELCOME5,2025-01-09 09:00:00,batch_2025_01.csv
T000255,C00054,P0053,2025-03-02,480.59,2,,2025-03-03 03:00:00,batch_2025_01.csv
T003809,C00002,P0031,06/27/2025,$428.38,4,,2025-06-28 09:00:00,batch_2025_01.csv
T004438,C00051,P0021,2025-04-07,,1,,2025-04-07 15:00:00,batch_2025_01.csv
T001670,C00228,P0081,2025-03-12,$104.11,4,,2025-03-13 06:00:00,batch_2025_01.csv
T000032,C00160,P0084,2025-05-26,700.94,2,WELCOME5,2025-05-27 15:00:00,batch_2025_01.csv
T003461,C00057,P0032,2025-06-14,855.17,3,WELCOME5,2025-06-14 17:00:00,batch_2025_01.csv
T002743,C00006,P0133,2025-01-11,282.79,5,SAVE10,2025-01-12 21:00:00,batch_2025_01.csv
T003272,C00257,P0107,2025-08-05,677.07,1,,2025-08-06 04:00:00,batch_2025_01.csv
T004005,C00106,P0147,2025-04-17,,3,WELCOME5,2025-04-17 15:00:00,batch_2025_01.csv
T004174,C00226,P0031,03/12/2025,$724.50,2,,2025-03-12 04:00:00,batch_2025_01.csv
T002737,C00400,P0057,2025-01-20,433.44,4,SAVE10,2025-01-20 17:00:00,batch_2025_01.csv
T004566,C00472,P0139,2025-06-05,739.47,3,SAVE10,2025-06-06 22:00:00,batch_2025_01.csv
T004291,C00322,P0020,2025-05-23,226.82,4,WELCOME5,2025-05-24 07:00:00,batch_2025_01.csv
T000092,C00266,P0040,02/11/2025,,5,,2025-02-11 21:00:00,batch_2025_01.csv
T001349,C00447,P0002,02/23/2025,0.00,3,,2025-02-24 12:00:00,batch_2025_01.csv
T004292,C00068,P0132,2025-07-05,719.68,3,,2025-07-06 07:00:00,batch_2025_01.csv
T001188,C00088,P0023,08/19/2025,$178.51,1,,2025-08-20 00:00:00,batch_2025_01.csv
T002130,C00096,P0064,2025-03-07,47.06,3,,2025-03-07 21:00:00,batch_2025_01.csv
T002936,C00367,P0010,2025-01-13,786.78,2,WELCOME5,2025-01-14 06:00:00,batch_2025_01.csv
T001245,C00035,P0124,2025-05-01,$343.86,5,WELCOME5,2025-05-02 15:00:00,batch_2025_01.csv
T004500,C00355,P0011,2025-06-05,$377.43,2,WELCOME5,2025-06-05 11:00:00,batch_2025_01.csv
T001903,C00442,P0008,02/12/2025,$82.60,1,,2025-02-14 00:00:00,batch_2025_01.csv
T003740,C00229,P0140,2025-02-15,500.53,4,,2025-02-16 02:00:00,batch_2025_01.csv
T003174,C00280,P0101,2025-01-23,600.35,1,,2025-01-23 20:00:00,batch_2025_01.csv
T000955,C00200,P0055,01/17/2025,$417.23,3,,2025-01-18 19:00:00,batch_2025_01.csv
T001981,C00006,P0053,2025-08-19,765.79,2,,2025-08-19 11:00:00,batch_2025_01.csv
T000346,C00039,P0026,2025-06-14,815.06,3,SAVE10,2025-06-14 15:00:00,batch_2025_01.csv
T003038,C00252,P0098,2025-04-20,270.75,1,,2025-04-20 13:00:00,batch_2025_01.csv
T002790,C00302,P0141,03/24/2025,229.17,4,WELCOME5,2025-03-25 12:00:00,batch_2025_01.csv
T000293,C00050,P0007,06/13/2025,192.60,1,,2025-06-13 19:00:00,batch_2025_01.csv
T004229,C00347,P0001,2025-04-01,$56.27,4,SAVE10,2025-04-01 22:00:00,batch_2025_01.csv
T004192,C00112,P0132,08/06/2025,407.06,2,SAVE10,2025-08-06 19:00:00,batch_2025_01.csv
T004928,C00139,P0072,2025-06-22,$757.64,5,WELCOME5,2025-06-23 17:00:00,batch_2025_01.csv
T003193,C00359,P0050,04/12/2025,407.21,3,,2025-04-12 06:00:00,batch_2025_01.csv
T003944,C00140,P0049,2019-13-40,$785.47,2,SAVE10,2025-05-03 06:00:00,batch_2025_01.csv
T001847,C00357,P0067,2025-02-09,735.60,1,WELCOME5,2025-02-09 18:00:00,batch_2025_01.csv
T000795,C00079,P0008,2025-08-01,80.31,3,WELCOME5,2025-08-02 22:00:00,batch_2025_01.csv
T001233,C00265,P0037,2025-05-07,$509.35,2,,2025-05-07 09:00:00,batch_2025_01.csv
T002878,C00426,P0041,01/11/2025,0.00,5,,2025-01-11 16:00:00,batch_2025_01.csv
T002960,C00404,P0077,2025-06-20,755.30,5,,2025-06-21 07:00:00,batch_2025_01.csv
T002190,C00190,P0072,2025-07-10,849.56,3,,2025-07-11 14:00:00,batch_2025_01.csv
T000139,C00068,P0132,2025-05-25,$378.56,3,,2025-05-25 04:00:00,batch_2025_01.csv
T003527,C00027,P0117,08/06/2025,538.16,5,,2025-08-07 14:00:00,batch_2025_01.csv
T004008,C00379,P0024,02/07/2025,22.00,2,SAVE10,2025-02-09 00:00:00,batch_2025_01.csv
T004859,C00339,P0130,2025-04-27,415.03,5,WELCOME5,2025-04-27 05:00:00,batch_2025_01.csv
T004904,C00040,P0082,06/29/2025,140.64,2,,2025-06-30 04:00:00,batch_2025_01.csv
T001827,C00119,P0081,2025-02-27,752.64,1,,2025-02-28 05:00:00,batch_2025_01.csv
T001075,C00307,P0071,2025-02-03,$629.46,2,SAVE10,2025-02-03 19:00:00,batch_2025_01.csv
T000870,C00488,P0109,2025-05-23,865.53,5,,2025-05-24 05:00:00,batch_2025_01.csv
T000984,C00291,P0055,2025-01-16,,3,SAVE10,2025-01-18 00:00:00,batch_2025_01.csv
T000472,C00018,P0092,2025-03-25,775.45,3,WELCOME5,2025-03-26 07:00:00,batch_2025_01.csv
T002313,C00033,P0007,2025-04-05,$835.39,1,,2025-04-05 21:00:00,batch_2025_01.csv
T000085,C00147,P0126,2025-02-04,186.56,4,,2025-02-04 05:00:00,batch_2025_01.csv
T000681,C00142,P0029,05/08/2025,$629.80,1,,2025-05-08 10:00:00,batch_2025_01.csv
T002745,C00117,P0064,2025-08-23,,1,SAVE10,2025-08-24 04:00:00,batch_2025_01.csv
T000208,C00086,P0126,02/17/2025,$265.64,3,,2025-02-17 21:00:00,batch_2025_01.csv
T002515,C00369,P0103,2025-02-23,$514.97,1,,2025-02-23 23:00:00,batch_2025_01.csv
T004340,C00452,P0095,2025-01-05,770.19,5,SAVE10,2025-01-07 03:00:00,batch_2025_01_late.csv
T001725,C00011,P0135,2025-04-05,808.74,1,,2025-04-06 17:00:00,batch_2025_01.csv
T003515,C00156,P0013,2025-07-15,$817.35,2,,2025-07-15 06:00:00,batch_2025_01.csv
T002929,C00320,P0011,2025-07-11,759.95,5,,2025-07-11 14:00:00,batch_2025_01.csv
T000847,C00110,P0115,2025-06-23,$77.64,4,,2025-06-24 10:00:00,batch_2025_01.csv
T003877,C00482,P0081,06/01/2025,527.75,4,,2025-06-02 20:00:00,batch_2025_01.csv
T001293,,P0076,2025-02-11,562.75,5,,2025-02-12 00:00:00,batch_2025_01.csv
T003029,C00272,P9999,04/17/2025,749.07,5,,2025-04-18 03:00:00,batch_2025_01.csv
T004402,C00294,P0037,2025-08-04,240.92,3,WELCOME5,2025-08-05 13:00:00,batch_2025_01.csv
T004505,C00273,P0083,2025-05-08,$314.08,3,,2025-05-08 21:00:00,batch_2025_01.csv
T001162,C00325,P0092,2025-06-17,$174.41,2,SAVE10,2025-06-17 15:00:00,batch_2025_01.csv
T002139,C00175,P0067,2025-07-25,881.18,2,WELCOME5,2025-07-26 19:00:00,batch_2025_01.csv
T000390,C00443,P0109,02/22/2025,753.41,4,,2025-02-23 11:00:00,batch_2025_01.csv
T004461,C00150,P0101,2025-02-15,122.12,5,,2025-02-16 09:00:00,batch_2025_01.csv
T004809,C00264,P0004,02/23/2025,218.17,1,WELCOME5,2025-02-24 21:00:00,batch_2025_01.csv
T002906,C00109,P9999,01/04/2025,$603.83,5,SAVE10,2025-01-05 14:00:00,batch_2025_01.csv
T002580,C00169,P0129,2025-05-27,134.24,3,,2025-05-27 20:00:00,batch_2025_01.csv
T002537,C00035,P0044,2025-03-01,$777.22,3,SAVE10,2025-03-01 06:00:00,batch_2025_01.csv
T003282,C00354,P0021,05/28/2025,690.83,5,,2025-05-28 12:00:00,batch_2025_01.csv
T002530,C00070,P0126,2025-03-10,117.97,5,WELCOME5,2025-03-10 13:00:00,batch_2025_01.csv
T003408,C00492,P0119,2025-03-10,822.28,2,,2025-03-11 12:00:00,batch_2025_01.csv
T003833,C00450,P0011,02/07/2025,797.20,3,WELCOME5,2025-02-08 19:00:00,batch_2025_01.csv
T003675,C00317,P0150,2025-04-09,528.58,4,,2025-04-10 17:00:00,batch_2025_01.csv
T000898,C00228,P0048,2025-07-24,224.89,4,WELCOME5,2025-07-24 03:00:00,batch_2025_01.csv
T004924,C00098,P0034,2025-08-05,693.83,3,WELCOME5,2025-08-05 15:00:00,batch_2025_01.csv
T004882,C00092,P0118,07/04/2025,$148.30,2,WELCOME5,2025-07-05 15:00:00,batch_2025_01.csv
T003682,C00312,P0033,2025-07-03,113.65,4,WELCOME5,2025-07-03 08:00:00,batch_2025_01.csv
T000463,C00102,P0148,2025-06-16,$521.70,3,,2025-06-17 11:00:00,batch_2025_01.csv
T003448,C00187,P0011,01/22/2025,$160.28,2,WELCOME5,2025-01-22 23:00:00,batch_2025_01.csv
T000751,C00233,P0141,01/05/2025,169.10,5,SAVE10,2025-01-06 17:00:00,batch_2025_01.csv
T001151,C00333,P0005,2025-04-16,,5,,2025-04-16 07:00:00,batch_2025_01.csv
T001707,C00351,P0086,03/25/2025,444.35,4,WELCOME5,2025-03-26 23:00:00,batch_2025_01.csv
T000591,C00404,P0084,2025-01-08,412.33,4,,2025-01-08 05:00:00,batch_2025_01.csv
T002730,C00147,P0144,03/20/2025,203.52,4,,2025-03-20 18:00:00,batch_2025_01.csv
T000763,C00442,P0015,04/06/2025,445.40,4,SAVE10,2025-04-08 03:00:00,batch_2025_01_late.csv
T001300,C00118,P0115,02/28/2025,709.38,5,,2025-03-01 13:00:00,batch_2025_01.csv
T001774,C00086,P0013,2025-08-05,$426.41,3,WELCOME5,2025-08-05 09:00:00,batch_2025_01.csv
T002847,C00272,P0055,08/03/2025,260.79,4,,2025-08-03 19:00:00,batch_2025_01.csv
T002534,C00390,P0122,2025-08-01,$408.96,5,,2025-08-01 17:00:00,batch_2025_01.csv
T002877,C00401,P0094,2025-04-20,459.65,1,SAVE10,2025-04-21 06:00:00,batch_2025_01.csv
T003346,C00408,P0144,2025-05-01,395.69,3,SAVE10,2025-05-03 03:00:00,batch_2025_01_late.csv
T000389,C00486,P0025,2025-07-17,,2,,2025-07-18 11:00:00,batch_2025_01.csv
T001810,C99999,P0075,05/15/2025,556.97,1,SAVE10,2025-05-15 05:00:00,batch_2025_01.csv
T003779,C00356,P0091,2025-01-02,229.51,3,WELCOME5,2025-01-02 17:00:00,batch_2025_01.csv
T002142,C00386,P0143,2025-02-23,728.29,2,,2025-02-24 03:00:00,batch_2025_01.csv
T002334,C00077,P0004,01/19/2025,800.52,1,WELCOME5,2025-01-19 15:00:00,batch_2025_01.csv
T004555,C00158,P0055,2025-06-08,59.22,4,,2025-06-09 07:00:00,batch_2025_01.csv
T000488,C00063,P0065,2025-03-18,437.26,2,,2025-03-18 13:00:00,batch_2025_01.csv
T004243,C00023,P0080,2025-01-02,$848.42,3,,2025-01-03 17:00:00,batch_2025_01.csv
T000300,C00486,P0043,2025-07-26,875.17,4,,2025-07-26 13:00:00,batch_2025_01.csv
T002723,C00338,P0038,2025-06-22,772.79,2,SAVE10,2025-06-22 08:00:00,batch_2025_01.csv
T001983,C00240,P0127,2025-03-30,495.13,1,WELCOME5,2025-03-31 01:00:00,batch_2025_01.csv
T004360,C00325,P0140,2025-05-13,107.94,5,WELCOME5,2025-05-13 06:00:00,batch_2025_01.csv
T004531,C00311,P0069,07/01/2025,-45.00,3,,2025-07-01 04:00:00,batch_2025_01.csv
T000801,C00427,P0095,05/06/2025,465.29,5,WELCOME5,2025-05-07 05:00:00,batch_2025_01.csv
T000313,C00124,P0096,04/25/2025,444.00,5,,2025-04-25 12:00:00,batch_2025_01.csv
T001440,C00429,P0085,2025-08-21,$785.90,1,,2025-08-21 11:00:00,batch_2025_01.csv
T003138,C00328,P0004,04/14/2025,99.97,4,,2025-04-15 10:00:00,batch_2025_01.csv
T004832,C00118,P0130,03/17/2025,864.57,2,SAVE10,2025-03-17 04:00:00,batch_2025_01.csv
T002550,C00046,P0049,2025-01-09,679.35,1,,2025-01-10 18:00:00,batch_2025_01.csv
T000976,C00125,P0123,2025-07-28,$38.78,2,,2025-07-29 00:00:00,batch_2025_01.csv
T002666,C00096,P0008,2031-01-01,809.45,5,,2025-07-12 03:00:00,batch_2025_01.csv
T004349,C00128,P0080,2025-07-04,638.74,1,SAVE10,2025-07-04 04:00:00,batch_2025_01.csv
T003973,C00140,P0130,2025-02-09,250.02,3,WELCOME5,2025-02-11 02:00:00,batch_2025_01_late.csv
T001874,C00439,P0148,2025-05-16,720.70,1,,2025-05-16 12:00:00,batch_2025_01.csv
T003112,,P0131,2025-04-20,269.81,5,,2025-04-20 11:00:00,batch_2025_01.csv
T004024,C00202,P0043,02/26/2025,244.57,3,WELCOME5,2025-02-26 20:00:00,batch_2025_01.csv
T000431,C00080,P0110,03/06/2025,589.21,3,WELCOME5,2025-03-06 17:00:00,batch_2025_01.csv
T004281,C00200,P0145,2025-06-01,619.78,1,,2025-06-01 11:00:00,batch_2025_01.csv
T003088,C00344,P0150,2025-05-28,51.48,5,,2025-05-28 22:00:00,batch_2025_01_late.csv
T002336,C00033,P0081,2025-07-22,659.60,5,,2025-07-23 07:00:00,batch_2025_01.csv
T001678,C00123,P0015,2025-05-23,583.12,2,SAVE10,2025-05-23 02:00:00,batch_2025_01.csv
T001066,C00144,P0090,03/05/2025,642.73,1,,2025-03-05 21:00:00,batch_2025_01.csv
T002430,C00032,P0002,2025-02-20,318.27,5,SAVE10,2025-02-22 00:00:00,batch_2025_01.csv
T002742,C00293,P0009,2025-02-08,$845.04,5,,2025-02-09 05:00:00,batch_2025_01.csv
T001658,C00314,P0032,2025-05-16,542.41,2,,2025-05-16 19:00:00,batch_2025_01.csv
T004934,C00010,P0023,2025-05-08,775.92,2,WELCOME5,2025-05-08 06:00:00,batch_2025_01.csv
T004706,C00365,P0052,07/14/2025,783.33,5,,2025-07-15 12:00:00,batch_2025_01.csv
T003459,C00425,P0150,2025-06-06,244.94,2,,2025-06-06 04:00:00,batch_2025_01.csv
T000966,C00047,P0045,2025-08-01,536.63,4,,2025-08-01 14:00:00,batch_2025_01.csv
T004587,C00024,P0061,2025-07-07,593.86,5,,2025-07-08 23:00:00,batch_2025_01.csv
T002990,C00014,P0104,2025-01-10,372.70,5,WELCOME5,2025-01-10 07:00:00,batch_2025_01.csv
T004617,C00243,P0061,2025-05-09,329.80,2,WELCOME5,2025-05-10 08:00:00,batch_2025_01.csv
T004036,C00029,P0099,2025-06-17,$674.92,5,,2025-06-17 06:00:00,batch_2025_01.csv
T003765,C00030,P0114,01/26/2025,589.72,4,,2025-01-27 20:00:00,batch_2025_01.csv
T004372,C00023,P0106,08/11/2025,330.21,4,,2025-08-11 03:00:00,batch_2025_01.csv
T001038,C00177,P0137,2025-08-14,500.09,1,WELCOME5,2025-08-15 02:00:00,batch_2025_01.csv
T000817,C00306,P0142,2025-01-10,$899.13,5,SAVE10,2025-01-11 08:00:00,batch_2025_01.csv
T000358,C00260,P0058,04/07/2025,499.04,4,WELCOME5,2025-04-08 02:00:00,batch_2025_01.csv
T002516,C00279,P0083,2025-07-12,$878.08,3,SAVE10,2025-07-13 04:00:00,batch_2025_01.csv
T001212,C00187,P0118,04/01/2025,20.10,5,SAVE10,2025-04-02 02:00:00,batch_2025_01_late.csv
T000757,C00140,P0035,2025-07-22,33.99,1,SAVE10,2025-07-22 18:00:00,batch_2025_01.csv
T005000,C00246,P0081,03/21/2025,$367.58,3,WELCOME5,2025-03-21 23:00:00,batch_2025_01.csv
T004089,C00041,P0034,2025-05-01,$57.61,2,SAVE10,2025-05-01 21:00:00,batch_2025_01.csv
T004779,C00108,P0107,2025-04-23,19.56,2,,2025-04-24 08:00:00,batch_2025_01.csv
T002842,C00240,P0094,2025-01-29,214.29,4,,2025-01-30 13:00:00,batch_2025_01.csv
T001024,C00442,P0047,2025-04-25,12.75,2,,2025-04-25 21:00:00,batch_2025_01.csv
T001366,C00430,P0134,01/21/2025,290.74,3,,2025-01-22 15:00:00,batch_2025_01.csv
T004704,C00340,P0077,2025-05-05,19.22,1,SAVE10,2025-05-06 14:00:00,batch_2025_01.csv
T000226,C00129,P0022,2025-08-20,339.68,3,,2025-08-21 18:00:00,batch_2025_01.csv
T003934,C00175,P0087,03/11/2025,640.68,2,SAVE10,2025-03-12 01:00:00,batch_2025_01.csv
T003208,C00482,P0035,07/21/2025,$732.65,4,,2025-07-21 12:00:00,batch_2025_01.csv
T000412,C00120,P0011,2025-05-13,604.38,1,,2025-05-14 06:00:00,batch_2025_01_late.csv
T003849,C00266,P0008,2025-03-01,780.82,2,SAVE10,2025-03-01 07:00:00,batch_2025_01.csv
T003204,C00010,P0032,2025-08-13,98.69,5,SAVE10,2025-08-13 10:00:00,batch_2025_01.csv
T004918,C00422,P0144,03/09/2025,$706.81,5,,2025-03-10 20:00:00,batch_2025_01_late.csv
T002492,C00417,P0102,2025-06-04,-45.00,4,,2025-06-05 13:00:00,batch_2025_01.csv
T004764,C00035,P0135,01/28/2025,203.38,2,WELCOME5,2025-01-28 13:00:00,batch_2025_01.csv
T000328,C00484,P0019,2025-02-19,$429.22,5,,2025-02-20 09:00:00,batch_2025_01.csv
T002332,C00035,P0030,2025-03-11,482.16,1,,2025-03-12 02:00:00,batch_2025_01.csv
T004234,C00293,P0136,06/18/2025,,1,,2025-06-18 02:00:00,batch_2025_01.csv
T000497,C00376,P0048,06/08/2025,795.58,1,WELCOME5,2025-06-09 00:00:00,batch_2025_01.csv
T001564,C00033,P0091,2025-07-04,66.35,1,WELCOME5,2025-07-04 18:00:00,batch_2025_01.csv
T003777,C00167,P0008,04/14/2025,398.34,2,WELCOME5,2025-04-14 07:00:00,batch_2025_01.csv
T000029,C00315,P0143,08/26/2025,31.42,2,,2025-08-27 19:00:00,batch_2025_01.csv
T001780,C00310,P0106,2025-03-18,349.25,1,,2025-03-19 00:00:00,batch_2025_01.csv
T000964,C00411,P0057,2025-04-08,550.39,1,,2025-04-09 10:00:00,batch_2025_01.csv
T003734,C00494,P0105,2025-06-30,$556.82,2,,2025-07-01 03:00:00,batch_2025_01.csv
T004808,C00125,P0005,2025-03-17,767.92,4,,2025-03-18 01:00:00,batch_2025_01.csv
T000509,C00280,P0055,2025-05-21,342.56,4,SAVE10,2025-05-23 00:00:00,batch_2025_01.csv
T000755,C00331,P0042,2025-06-03,236.75,2,,2025-06-03 16:00:00,batch_2025_01.csv
T003725,C00006,P0116,2025-03-03,$128.10,5,,2025-03-03 21:00:00,batch_2025_01.csv
T000432,C00142,P0102,04/16/2025,681.43,3,WELCOME5,2025-04-17 12:00:00,batch_2025_01.csv
T001130,C00192,P0022,2025-05-10,616.52,1,WELCOME5,2025-05-11 05:00:00,batch_2025_01.csv
T002266,C00042,P0081,04/29/2025,515.53,1,SAVE10,2025-04-30 21:00:00,batch_2025_01.csv
T002565,C00421,P0143,2025-05-25,878.97,5,WELCOME5,2025-05-25 08:00:00,batch_2025_01.csv
T000567,C00414,P0047,2025-03-01,796.23,1,,2025-03-02 22:00:00,batch_2025_01.csv
T001615,C00241,P0028,04/26/2025,492.20,5,SAVE10,2025-04-26 20:00:00,batch_2025_01.csv
T000978,C00060,P0024,2025-08-23,$582.80,1,WELCOME5,2025-08-24 01:00:00,batch_2025_01.csv
T000695,C00012,P0022,2025-04-25,488.26,5,SAVE10,2025-04-26 20:00:00,batch_2025_01.csv
T000642,C00033,P0139,05/08/2025,581.92,1,,2025-05-09 11:00:00,batch_2025_01.csv
T002490,C00218,P0123,2025-03-13,$175.69,4,SAVE10,2025-03-14 01:00:00,batch_2025_01.csv
T002773,C00440,P0029,2025-05-01,160.97,1,WELCOME5,2025-05-02 02:00:00,batch_2025_01.csv
T000009,C00199,P0117,07/10/2025,338.94,2,SAVE10,2025-07-11 21:00:00,batch_2025_01.csv
T002507,C00442,P0109,2025-05-30,$832.75,1,,2025-05-30 14:00:00,batch_2025_01.csv
T003219,C00354,P0087,2025-01-09,$780.94,3,,2025-01-09 23:00:00,batch_2025_01.csv
T004416,C00369,P0095,01/28/2025,$61.54,3,,2025-01-28 18:00:00,batch_2025_01.csv
T001248,C00390,P0060,07/26/2025,883.34,2,SAVE10,2025-07-27 23:00:00,batch_2025_01.csv
T003637,C00409,P0097,2025-03-28,147.83,4,,2025-03-28 10:00:00,batch_2025_01.csv
T004762,C00373,P0128,08/05/2025,260.49,5,,2025-08-06 02:00:00,batch_2025_01.csv
T002266,C00042,P0081,2031-01-01,515.53,1,SAVE10,2025-05-01 03:00:00,batch_2025_01_late.csv
T003494,C00429,P0110,2025-07-19,465.59,4,,2025-07-19 07:00:00,batch_2025_01.csv
T003629,C00191,P0073,2025-06-22,496.38,3,,2025-06-22 10:00:00,batch_2025_01.csv
T001387,C00263,P0054,2025-04-30,238.33,2,SAVE10,2025-04-30 17:00:00,batch_2025_01.csv
T000353,C00472,P0125,2025-04-16,108.74,3,,2025-04-17 05:00:00,batch_2025_01.csv
T004189,C00358,P0054,2025-03-27,336.49,5,,2025-03-28 09:00:00,batch_2025_01.csv
T002419,C00214,P0138,04/13/2025,453.56,5,,2025-04-13 20:00:00,batch_2025_01.csv
T003176,C00489,P0052,2025-08-14,658.83,2,,2025-08-15 18:00:00,batch_2025_01.csv
T004379,C00275,P0022,2025-05-27,$483.46,2,,2025-05-27 15:00:00,batch_2025_01.csv
T002624,C00354,P0132,06/07/2025,107.07,2,WELCOME5,2025-06-08 07:00:00,batch_2025_01.csv
T003245,C00311,P0017,2025-03-26,$106.30,3,,2025-03-26 19:00:00,batch_2025_01.csv
T002124,C00082,P0092,2025-03-04,$525.36,2,,2025-03-05 17:00:00,batch_2025_01.csv
T000996,C00066,P0128,03/19/2025,718.76,4,,2025-03-20 20:00:00,batch_2025_01.csv
T001278,C00027,P0079,07/15/2025,35.93,3,,2025-07-15 23:00:00,batch_2025_01.csv
T000297,C00498,P0059,08/04/2025,501.81,5,SAVE10,2025-08-05 01:00:00,batch_2025_01.csv
T001479,C00057,P0121,2025-07-11,$127.78,4,,2025-07-11 05:00:00,batch_2025_01.csv
T004241,C00186,P0006,2025-02-03,305.71,5,WELCOME5,2025-02-04 07:00:00,batch_2025_01.csv
T003354,C00076,P0014,2025-07-11,851.26,3,,2025-07-12 04:00:00,batch_2025_01.csv
T000476,C00147,P0121,06/26/2025,485.31,1,SAVE10,2025-06-27 08:00:00,batch_2025_01.csv
T000827,C00343,P0027,08/26/2025,638.11,1,,2025-08-27 05:00:00,batch_2025_01.csv
T003262,C00186,P0061,07/17/2025,$163.04,1,SAVE10,2025-07-18 12:00:00,batch_2025_01.csv
T002485,C00216,P0022,2025-01-18,787.47,5,WELCOME5,2025-01-19 21:00:00,batch_2025_01.csv
T003411,C00009,P0098,2025-05-22,47.17,2,,2025-05-22 02:00:00,batch_2025_01.csv
T003825,C00153,P0101,2019-13-40,$468.46,5,,2025-01-21 18:00:00,batch_2025_01.csv
T003094,C00170,P0097,07/07/2025,266.35,1,WELCOME5,2025-07-08 01:00:00,batch_2025_01_late.csv
T004532,C00479,P0026,2025-03-07,$193.26,4,,2025-03-07 15:00:00,batch_2025_01.csv
T000371,C00432,P0141,07/02/2025,$775.75,2,,2025-07-04 00:00:00,batch_2025_01.csv
T002912,C00076,P0012,01/24/2025,$722.88,2,,2025-01-24 23:00:00,batch_2025_01.csv
T001802,C00475,P0015,2025-07-28,396.58,1,,2025-07-29 04:00:00,batch_2025_01.csv
T004893,C00500,P0133,2025-03-27,36.56,4,SAVE10,2025-03-28 05:00:00,batch_2025_01.csv
T001388,C00072,P0120,2025-04-06,$531.44,1,,2025-04-07 13:00:00,batch_2025_01.csv
T003107,C00411,P0128,05/26/2025,376.16,2,WELCOME5,2025-05-26 05:00:00,batch_2025_01.csv
T000541,C00137,P0146,2025-06-02,554.23,1,SAVE10,2025-06-02 15:00:00,batch_2025_01.csv
T001372,C00141,P0015,07/30/2025,874.26,5,SAVE10,2025-07-30 02:00:00,batch_2025_01.csv
T004669,C00031,P0058,2025-03-28,600.98,5,,2025-03-28 18:00:00,batch_2025_01.csv
T003684,C00356,P0115,2025-08-29,$21.89,3,,2025-08-29 19:00:00,batch_2025_01.csv
T001883,C00473,P9999,01/24/2025,$553.70,2,,2025-01-24 17:00:00,batch_2025_01.csv
T001127,C00296,P0094,01/19/2025,323.20,4,,2025-01-19 12:00:00,batch_2025_01.csv
T004561,C00156,P0103,2025-04-11,$392.40,2,SAVE10,2025-04-12 07:00:00,batch_2025_01_late.csv
T000892,C00064,P0022,2025-08-23,877.28,1,,2025-08-23 03:00:00,batch_2025_01.csv
T003337,C00331,P0103,2025-05-13,$602.93,5,WELCOME5,2025-05-14 04:00:00,batch_2025_01.csv
T004265,C00048,P0115,2025-08-05,$580.61,4,SAVE10,2025-08-06 11:00:00,batch_2025_01.csv
T002401,C00053,P0045,08/20/2025,$164.55,2,,2025-08-21 08:00:00,batch_2025_01.csv
T001432,C00258,P0138,2025-02-27,483.00,4,,2025-02-28 02:00:00,batch_2025_01.csv
T002189,C00002,P0051,01/05/2025,662.14,2,,2025-01-06 06:00:00,batch_2025_01.csv
T002591,C99999,P0057,2025-04-20,57.40,5,,2025-04-21 03:00:00,batch_2025_01.csv
T003975,C00345,P0069,2025-04-12,732.37,4,,2025-04-12 21:00:00,batch_2025_01.csv
T004123,C00158,P0135,2025-03-20,,3,SAVE10,2025-03-20 19:00:00,batch_2025_01.csv
T002908,C00079,P0143,2025-02-23,247.70,1,,2025-02-24 00:00:00,batch_2025_01.csv
T002964,C00372,P0150,2025-07-29,350.95,4,SAVE10,2025-07-29 12:00:00,batch_2025_01.csv
T000473,C00228,P0035,2025-06-28,$872.83,5,SAVE10,2025-06-29 11:00:00,batch_2025_01.csv
T002658,C00161,P0050,2025-07-08,616.18,4,WELCOME5,2025-07-08 21:00:00,batch_2025_01.csv
T003096,C00220,P0108,2025-03-29,$642.66,4,,2025-03-29 04:00:00,batch_2025_01.csv
T004382,C00059,P0138,2025-06-25,503.52,4,,2025-06-25 02:00:00,batch_2025_01.csv
T000362,C00433,P0117,2025-07-16,$304.12,3,SAVE10,2025-07-17 16:00:00,batch_2025_01.csv
T003449,C00126,P0006,04/27/2025,$608.83,1,,2025-04-27 22:00:00,batch_2025_01.csv
T001737,C00124,P0134,2025-07-17,264.56,1,WELCOME5,2025-07-17 05:00:00,batch_2025_01.csv
T002963,C00416,P0039,2025-08-07,386.88,1,WELCOME5,2025-08-08 17:00:00,batch_2025_01.csv
T001977,C00409,P0024,2025-05-06,673.31,4,,2025-05-07 23:00:00,batch_2025_01.csv
T003655,C00258,P0093,2025-05-27,377.35,4,SAVE10,2025-05-29 00:00:00,batch_2025_01.csv
T002486,C00094,P0110,2025-05-12,843.21,5,,2025-05-13 07:00:00,batch_2025_01.csv
T003488,C00444,P0041,2025-01-22,$726.15,5,WELCOME5,2025-01-22 07:00:00,batch_2025_01.csv
T004815,C00392,P0027,2025-05-11,573.40,4,SAVE10,2025-05-11 20:00:00,batch_2025_01.csv
T004756,C00387,P0091,2025-05-09,469.60,2,,2025-05-10 04:00:00,batch_2025_01.csv
T001063,C00438,P0039,2025-02-03,212.61,2,SAVE10,2025-02-04 02:00:00,batch_2025_01.csv
T001788,C00409,P0118,2025-03-25,317.46,5,,2025-03-25 19:00:00,batch_2025_01.csv
T000062,C00477,P0007,2025-04-12,378.09,1,,2025-04-13 09:00:00,batch_2025_01.csv
T001141,C00468,P0147,01/03/2025,$355.11,1,WELCOME5,2025-01-04 12:00:00,batch_2025_01.csv
T003330,,P0064,02/15/2025,656.89,5,,2025-02-16 01:00:00,batch_2025_01.csv
T000839,C00019,P0138,07/05/2025,306.37,5,,2025-07-06 23:00:00,batch_2025_01.csv
T004547,C00182,P0106,05/16/2025,$771.26,3,,2025-05-16 19:00:00,batch_2025_01.csv
T002748,C00398,P0021,2025-07-17,$555.96,4,,2025-07-18 09:00:00,batch_2025_01.csv
T001445,C00386,P0029,2025-04-04,652.02,2,SAVE10,2025-04-05 03:00:00,batch_2025_01.csv
T001351,C00218,P0020,2025-07-13,$343.11,2,,2025-07-13 01:00:00,batch_2025_01.csv
T004596,C99999,P0087,2025-08-08,$194.17,3,,2025-08-08 02:00:00,batch_2025_01.csv
T004938,C00221,P9999,2025-08-08,869.97,4,SAVE10,2025-08-09 13:00:00,batch_2025_01.csv
T003955,C00366,P0090,2025-07-21,698.29,2,WELCOME5,2025-07-22 11:00:00,batch_2025_01.csv
T000197,C00426,P0037,03/29/2025,-45.00,3,SAVE10,2025-03-30 06:00:00,batch_2025_01.csv
T004086,C00024,P0064,2025-04-04,$232.57,5,SAVE10,2025-04-04 21:00:00,batch_2025_01_late.csv
T000874,C00313,P0130,03/23/2025,$862.02,4,,2025-03-24 20:00:00,batch_2025_01.csv
T000879,C00237,P0095,2025-04-24,843.13,3,,2025-04-24 01:00:00,batch_2025_01.csv
T000166,C00273,P0142,01/05/2025,$374.91,3,,2025-01-06 10:00:00,batch_2025_01.csv
T004786,C00220,P0074,2025-05-07,664.54,4,WELCOME5,2025-05-07 03:00:00,batch_2025_01.csv
T002218,C00349,P0004,05/04/2025,12.11,1,WELCOME5,2025-05-04 17:00:00,batch_2025_01.csv
T001936,C00492,P0107,2025-08-14,825.67,5,,2025-08-15 16:00:00,batch_2025_01.csv
T001071,C00022,P0049,2025-04-25,$180.09,3,,2025-04-25 07:00:00,batch_2025_01.csv
T004056,C00256,P0027,07/25/2025,236.94,5,,2025-07-26 12:00:00,batch_2025_01.csv
T000103,C00495,P0062,2025-04-01,199.91,4,,2025-04-01 04:00:00,batch_2025_01.csv
T004488,C00089,P0108,2025-03-08,192.86,2,,2025-03-09 20:00:00,batch_2025_01.csv
T002783,C00431,P0131,01/31/2025,$495.73,4,,2025-01-31 23:00:00,batch_2025_01.csv
T001458,C00291,P0134,2025-03-07,229.19,2,,2025-03-09 00:00:00,batch_2025_01.csv
T001320,C00362,P0081,2025-01-10,$803.91,5,,2025-01-11 04:00:00,batch_2025_01.csv
T004550,C00184,P9999,2025-05-29,329.95,1,,2025-05-30 03:00:00,batch_2025_01.csv
T002277,C00002,P0015,2025-07-23,315.24,4,SAVE10,2025-07-24 15:00:00,batch_2025_01.csv
T003396,C00165,P0058,2025-01-16,42.78,5,,2025-01-16 20:00:00,batch_2025_01.csv
T002076,C00061,P0037,2025-04-19,$253.71,4,,2025-04-19 23:00:00,batch_2025_01.csv
T002009,C00352,P0117,2025-01-08,515.72,5,,2025-01-09 20:00:00,batch_2025_01.csv
T002424,C00058,P0037,2025-04-22,645.65,1,,2025-04-22 10:00:00,batch_2025_01.csv
T003526,C00278,P0024,04/10/2025,891.82,2,SAVE10,2025-04-10 02:00:00,batch_2025_01.csv
T003134,C00450,P0013,2025-05-15,$201.33,1,,2025-05-16 23:00:00,batch_2025_01.csv
T004725,C00042,P0030,2025-06-26,504.66,5,,2025-06-26 10:00:00,batch_2025_01.csv
T003352,C00496,P0054,03/17/2025,9.37,2,SAVE10,2025-03-18 18:00:00,batch_2025_01.csv
T000202,C00003,P0055,07/12/2025,191.56,1,WELCOME5,2025-07-13 22:00:00,batch_2025_01.csv
T000673,C00272,P0009,2025-07-12,0.00,5,,2025-07-12 18:00:00,batch_2025_01.csv
T004042,C00391,P0050,04/01/2025,257.27,3,,2025-04-01 11:00:00,batch_2025_01.csv
T001119,C00183,P0073,2025-05-09,863.20,3,,2025-05-09 13:00:00,batch_2025_01.csv
T000711,C00274,P0149,2025-02-06,321.65,4,SAVE10,2025-02-06 01:00:00,batch_2025_01.csv
T003074,C00144,P0050,2025-04-13,$435.19,4,,2025-04-14 16:00:00,batch_2025_01.csv
T002885,C00081,P0141,08/28/2025,530.47,1,,2025-08-29 11:00:00,batch_2025_01.csv
T004668,C00108,P0102,06/23/2025,$450.75,1,,2025-06-24 14:00:00,batch_2025_01.csv
T003278,C00192,P0048,2025-02-28,271.61,4,,2025-02-28 08:00:00,batch_2025_01.csv
T002483,C00183,P0149,2025-07-26,275.85,5,,2025-07-27 13:00:00,batch_2025_01.csv
T001375,C00228,P0016,2025-08-08,288.30,5,,2025-08-09 11:00:00,batch_2025_01.csv
T003887,C00154,P0132,08/16/2025,$333.18,5,,2025-08-16 19:00:00,batch_2025_01.csv
T002905,C00375,P0013,2025-07-08,490.18,3,,2025-07-09 11:00:00,batch_2025_01.csv
T004040,C00363,P0042,08/06/2025,678.08,3,,2025-08-07 12:00:00,batch_2025_01.csv
T001943,C00356,P0025,02/02/2025,111.93,1,,2025-02-03 04:00:00,batch_2025_01.csv
T001339,C00419,P0070,2025-01-20,$776.89,4,,2025-01-20 05:00:00,batch_2025_01.csv
T002949,C00372,P0110,2025-07-28,858.77,2,WELCOME5,2025-07-28 02:00:00,batch_2025_01.csv
T001831,C00148,P0030,2025-08-25,770.87,5,,2025-08-26 01:00:00,batch_2025_01.csv
T003829,C00355,P0015,05/13/2025,820.65,5,,2025-05-14 00:00:00,batch_2025_01.csv
T001050,C00476,P0132,01/10/2025,744.55,1,,2025-01-11 06:00:00,batch_2025_01.csv
T002946,C00420,P0137,2025-07-10,544.75,4,WELCOME5,2025-07-10 03:00:00,batch_2025_01.csv
T000747,C00104,P0128,07/21/2025,$574.82,3,,2025-07-21 05:00:00,batch_2025_01.csv
T003319,C00277,P0017,2025-04-30,808.35,2,,2025-04-30 03:00:00,batch_2025_01.csv
T004997,C00249,P0041,06/20/2025,374.20,4,,2025-06-20 20:00:00,batch_2025_01.csv
T003093,C00043,P0099,04/30/2025,$588.59,1,,2025-05-01 06:00:00,batch_2025_01.csv
T002817,C00472,P0102,2025-05-06,49.83,5,,2025-05-07 07:00:00,batch_2025_01.csv
T002510,C00006,P0064,05/17/2025,863.01,3,,2025-05-17 09:00:00,batch_2025_01.csv
T002426,C00376,P0125,08/23/2025,$844.39,1,,2025-08-24 13:00:00,batch_2025_01.csv
T003689,C00218,P0019,2025-08-05,$378.43,3,WELCOME5,2025-08-06 14:00:00,batch_2025_01.csv
T004411,C00185,P0033,2025-06-22,$165.47,4,SAVE10,2025-06-22 20:00:00,batch_2025_01.csv
T003908,C00467,P0124,2025-08-08,$83.89,5,,2025-08-09 18:00:00,batch_2025_01.csv
T004037,,P0103,2025-07-05,565.92,1,WELCOME5,2025-07-06 00:00:00,batch_2025_01.csv
T000217,C00294,P0069,05/12/2025,857.54,4,,2025-05-13 20:00:00,batch_2025_01.csv
T003993,C00277,P0005,2025-06-17,805.13,3,,2025-06-18 17:00:00,batch_2025_01.csv
T004300,C00180,P0064,2025-06-28,456.59,3,,2025-06-28 05:00:00,batch_2025_01.csv
T000571,C00492,P0008,02/19/2025,750.18,4,SAVE10,2025-02-19 22:00:00,batch_2025_01.csv
T001782,C00073,P0005,2025-08-20,811.25,4,,2025-08-21 05:00:00,batch_2025_01.csv
T004729,C00218,P0099,04/11/2025,$358.77,4,,2025-04-13 00:00:00,batch_2025_01_late.csv
T002242,C00105,P0149,2025-03-13,113.72,2,SAVE10,2025-03-13 23:00:00,batch_2025_01.csv
T004156,C00271,P0054,2025-01-06,$770.67,2,SAVE10,2025-01-06 23:00:00,batch_2025_01.csv
T003741,C00273,P0005,01/06/2025,872.68,5,WELCOME5,2025-01-06 17:00:00,batch_2025_01.csv
T000921,C00432,P0129,06/14/2025,465.41,1,,2025-06-14 06:00:00,batch_2025_01.csv
T000492,C00183,P0040,2025-07-22,633.58,5,,2025-07-22 07:00:00,batch_2025_01.csv
T003240,C00074,P0033,2025-06-30,823.63,1,,2025-07-01 23:00:00,batch_2025_01.csv
T001710,C00254,P0037,2025-06-27,824.93,2,WELCOME5,2025-06-27 20:00:00,batch_2025_01.csv
T000831,C00428,P0122,2025-05-10,312.46,4,,2025-05-10 11:00:00,batch_2025_01.csv
T000602,C00462,P0141,2025-01-01,871.37,1,,2025-01-02 22:00:00,batch_2025_01.csv
T004157,C00017,P0048,2025-01-08,$686.39,3,SAVE10,2025-01-09 23:00:00,batch_2025_01.csv
T001096,C00316,P0086,08/25/2025,$113.57,2,SAVE10,2025-08-25 06:00:00,batch_2025_01.csv
T000327,C00134,P0150,2025-08-06,270.29,5,WELCOME5,2025-08-06 08:00:00,batch_2025_01.csv
T001098,C00419,P0074,01/27/2025,$318.76,3,,2025-01-27 18:00:00,batch_2025_01.csv
T003287,C00347,P0115,2025-07-06,477.03,5,SAVE10,2025-07-07 23:00:00,batch_2025_01.csv
T001619,C00391,P0125,2025-08-27,$290.06,1,,2025-08-28 16:00:00,batch_2025_01.csv
T003141,C00360,P0027,2025-01-28,396.85,5,SAVE10,2025-01-29 00:00:00,batch_2025_01.csv
T001537,C00429,P0111,06/13/2025,384.13,3,,2025-06-13 07:00:00,batch_2025_01.csv
T002746,C00248,P0113,2025-01-06,$601.96,1,WELCOME5,2025-01-07 02:00:00,batch_2025_01.csv
T000783,C00377,P0066,2025-05-23,73.17,4,,2025-05-23 04:00:00,batch_2025_01.csv
T002129,C99999,P0053,2025-01-28,$645.54,1,,2025-01-28 15:00:00,batch_2025_01.csv
T002014,C00273,P0087,2025-08-27,652.40,4,,2025-08-28 07:00:00,batch_2025_01.csv
T000180,C00047,P0002,04/24/2025,849.12,1,,2025-04-25 00:00:00,batch_2025_01.csv
T004876,C00466,P0018,2025-08-03,819.95,2,,2025-08-04 21:00:00,batch_2025_01.csv
T001347,C00430,P0122,08/03/2025,474.88,4,,2025-08-04 13:00:00,batch_2025_01.csv
T001502,C00449,P0121,2025-03-12,22.14,2,,2025-03-13 23:00:00,batch_2025_01.csv
T000443,C00287,P0019,03/29/2025,456.83,5,WELCOME5,2025-03-29 08:00:00,batch_2025_01.csv
T001489,C00038,P0047,2025-03-28,-45.00,4,,2025-03-29 06:00:00,batch_2025_01.csv
T002584,C00362,P0139,2025-06-26,N/A,2,WELCOME5,2025-06-27 09:00:00,batch_2025_01.csv
T002398,C00414,P0013,2025-08-17,605.29,4,,2025-08-17 05:00:00,batch_2025_01.csv
T004955,C00361,P0017,05/24/2025,110.37,3,,2025-05-24 22:00:00,batch_2025_01.csv
T001210,C00349,P0075,2025-05-15,753.14,1,,2025-05-16 09:00:00,batch_2025_01.csv
T003543,C00259,P0088,2025-07-03,224.26,3,,2025-07-03 04:00:00,batch_2025_01.csv
T003621,C00300,P0146,2031-01-01,339.14,5,,2025-06-14 17:00:00,batch_2025_01.csv
T004984,C00384,P0064,2025-04-04,$547.08,2,WELCOME5,2025-04-04 11:00:00,batch_2025_01.csv
T001354,C00166,P0096,2025-02-12,$510.92,5,,2025-02-12 10:00:00,batch_2025_01.csv
T004107,C00213,P0138,05/23/2025,155.21,3,,2025-05-23 17:00:00,batch_2025_01.csv
T004702,C00358,P0008,2025-06-26,59.11,1,SAVE10,2025-06-26 20:00:00,batch_2025_01.csv
T003466,C00010,P0150,2025-08-03,$708.89,4,,2025-08-03 23:00:00,batch_2025_01.csv
T003128,C00481,P0139,05/08/2025,547.88,2,SAVE10,2025-05-09 23:00:00,batch_2025_01.csv
T002128,C00425,P0029,2025-07-13,$531.16,5,,2025-07-14 23:00:00,batch_2025_01.csv
T002524,C00343,P0144,02/04/2025,495.80,2,SAVE10,2025-02-05 08:00:00,batch_2025_01.csv
T003712,C00309,P0092,2025-08-07,879.26,5,,2025-08-08 14:00:00,batch_2025_01.csv
T001029,C00154,P0056,2025-06-04,862.02,2,WELCOME5,2025-06-05 12:00:00,batch_2025_01.csv
T004991,C00035,P0135,2025-06-29,245.19,5,,2025-06-30 17:00:00,batch_2025_01.csv
T000916,C00298,P9999,2025-07-22,577.19,2,SAVE10,2025-07-23 14:00:00,batch_2025_01.csv
T000363,C00059,P0025,2025-02-26,685.31,3,WELCOME5,2025-02-26 01:00:00,batch_2025_01.csv
T003624,C00044,P0109,2025-04-21,N/A,3,SAVE10,2025-04-21 03:00:00,batch_2025_01.csv
T001102,C00071,P0063,2025-05-21,349.80,5,,2025-05-22 08:00:00,batch_2025_01.csv
T000803,C00021,P0132,2025-04-29,$312.84,2,SAVE10,2025-04-30 20:00:00,batch_2025_01.csv
T001088,C00219,P0063,2025-06-15,$413.88,1,WELCOME5,2025-06-16 02:00:00,batch_2025_01.csv
T000826,C00175,P0091,2025-07-17,694.28,5,WELCOME5,2025-07-18 12:00:00,batch_2025_01.csv
T003903,C00048,P0075,2025-03-20,$536.12,5,,2025-03-21 12:00:00,batch_2025_01.csv
T004894,C00439,P0143,2025-08-22,683.43,3,,2025-08-23 18:00:00,batch_2025_01.csv
T004633,C00130,P0113,2025-03-24,$657.77,5,SAVE10,2025-03-24 14:00:00,batch_2025_01.csv
T001702,C00178,P0075,2025-06-22,139.69,4,,2025-06-23 08:00:00,batch_2025_01.csv
T002713,C00406,P0042,2025-03-12,$227.15,5,,2025-03-12 06:00:00,batch_2025_01.csv
T004207,C00446,P0018,2025-04-18,604.06,5,WELCOME5,2025-04-18 03:00:00,batch_2025_01.csv
T002448,C00309,P0070,2025-06-10,606.68,3,,2025-06-11 17:00:00,batch_2025_01.csv
T001105,C00031,P0090,2025-08-06,329.89,5,SAVE10,2025-08-06 09:00:00,batch_2025_01.csv
T002915,C00186,P0094,2031-01-01,$860.46,4,,2025-01-31 19:00:00,batch_2025_01.csv
T001609,C00451,P0093,03/15/2025,207.67,4,,2025-03-16 17:00:00,batch_2025_01.csv
T004777,C00311,P0035,2025-08-12,688.81,4,,2025-08-12 15:00:00,batch_2025_01.csv
T001342,C00052,P0068,2025-05-28,872.58,2,SAVE10,2025-05-29 07:00:00,batch_2025_01.csv
T004866,C00449,P0095,2025-07-02,$180.42,2,SAVE10,2025-07-02 15:00:00,batch_2025_01.csv
T001109,C00077,P0047,2025-02-05,427.03,4,SAVE10,2025-02-07 00:00:00,batch_2025_01.csv
T002597,C00319,P0023,2025-01-02,$304.94,2,,2025-01-03 00:00:00,batch_2025_01.csv
T001526,C00432,P0039,06/06/2025,490.41,4,,2025-06-07 04:00:00,batch_2025_01.csv
T004960,C00259,P0105,2025-06-02,603.68,3,SAVE10,2025-06-02 04:00:00,batch_2025_01.csv
T000449,C00378,P0052,2025-03-03,217.50,2,WELCOME5,2025-03-03 17:00:00,batch_2025_01.csv
T004074,C00148,P0039,02/02/2025,224.04,5,,2025-02-03 23:00:00,batch_2025_01.csv
T003566,C00038,P0147,2025-01-31,$124.58,3,,2025-02-01 18:00:00,batch_2025_01_late.csv
T000307,C00460,P0096,2025-07-29,26.05,1,,2025-07-29 20:00:00,batch_2025_01.csv
T003706,C00044,P0086,2025-03-31,$291.00,1,SAVE10,2025-04-01 15:00:00,batch_2025_01.csv
T000142,C00192,P0098,2025-08-23,,5,,2025-08-24 01:00:00,batch_2025_01.csv
T002395,C00365,P0066,2025-07-05,,2,,2025-07-07 00:00:00,batch_2025_01.csv
T003581,C00079,P0009,2025-07-20,$204.97,1,,2025-07-21 15:00:00,batch_2025_01.csv
T000556,C00321,P0047,2025-02-03,$112.86,1,SAVE10,2025-02-03 13:00:00,batch_2025_01.csv
T004476,C00175,P0100,2025-01-02,$347.55,1,,2025-01-03 14:00:00,batch_2025_01.csv
T003421,C00302,P0032,07/27/2025,239.58,2,,2025-07-28 13:00:00,batch_2025_01.csv
T002233,C00049,P0005,07/26/2025,134.95,4,,2025-07-26 19:00:00,batch_2025_01.csv
T000794,C00455,P0085,2025-06-24,31.16,1,,2025-06-25 20:00:00,batch_2025_01.csv
T003619,C00080,P0050,2025-04-01,416.63,2,,2025-04-02 03:00:00,batch_2025_01.csv
T003843,,P0149,02/24/2025,892.08,3,WELCOME5,2025-02-25 03:00:00,batch_2025_01.csv
T003821,C00482,P0094,2025-08-18,90.88,5,,2025-08-18 13:00:00,batch_2025_01.csv
T004966,C00059,P0117,04/29/2025,118.87,2,,2025-04-29 10:00:00,batch_2025_01.csv
T000845,,P0097,2025-03-05,$471.54,3,SAVE10,2025-03-05 07:00:00,batch_2025_01.csv
T000584,C00396,P0113,2025-03-11,606.64,5,WELCOME5,2025-03-11 10:00:00,batch_2025_01.csv
T001856,C00172,P0044,08/24/2025,173.14,1,SAVE10,2025-08-25 13:00:00,batch_2025_01.csv
T004233,C00234,P0026,2025-02-05,779.99,5,,2025-02-05 04:00:00,batch_2025_01.csv
T002102,C00102,P0119,06/25/2025,534.56,5,,2025-06-25 08:00:00,batch_2025_01.csv
T003743,C00092,P0057,06/29/2025,$336.23,3,WELCOME5,2025-06-29 22:00:00,batch_2025_01.csv
T002873,,P0102,2025-03-18,366.41,4,,2025-03-19 23:00:00,batch_2025_01.csv
T003076,C00145,P0048,2025-02-06,222.43,1,,2025-02-06 17:00:00,batch_2025_01.csv
T000908,C00092,P0051,08/04/2025,27.17,2,SAVE10,2025-08-04 17:00:00,batch_2025_01.csv
T003531,C00260,P0087,06/24/2025,$247.38,5,WELCOME5,2025-06-24 02:00:00,batch_2025_01.csv
T001779,C00258,P0128,2025-01-10,120.61,3,,2025-01-10 14:00:00,batch_2025_01.csv
T000943,C00211,P0142,04/05/2025,$116.14,3,SAVE10,2025-04-05 05:00:00,batch_2025_01.csv
T000245,C00172,P0110,01/17/2025,$250.61,1,SAVE10,2025-01-17 17:00:00,batch_2025_01.csv
T004915,C00012,P0036,01/20/2025,865.04,4,SAVE10,2025-01-20 11:00:00,batch_2025_01.csv
T002241,C00342,P0017,04/11/2025,$50.94,3,,2025-04-11 19:00:00,batch_2025_01.csv
T004931,C00353,P0042,2025-04-17,131.86,4,,2025-04-18 11:00:00,batch_2025_01.csv
T001181,C00163,P0082,2025-01-13,184.75,4,,2025-01-14 08:00:00,batch_2025_01.csv
T000680,C00457,P0118,2025-04-11,85.88,1,,2025-04-11 12:00:00,batch_2025_01.csv
T003756,C00497,P0148,2025-06-28,424.93,5,,2025-06-28 16:00:00,batch_2025_01.csv
T000942,C00454,P0041,2025-06-10,252.21,2,SAVE10,2025-06-11 11:00:00,batch_2025_01.csv
T001356,C00269,P0122,2025-04-17,16.76,1,,2025-04-17 12:00:00,batch_2025_01.csv
T001948,C00149,P0011,2025-03-19,$111.32,4,,2025-03-20 12:00:00,batch_2025_01.csv
T001348,C00211,P0080,2025-08-02,$668.54,5,SAVE10,2025-08-02 10:00:00,batch_2025_01.csv
T001237,C00431,P0140,2025-06-06,$240.16,1,SAVE10,2025-06-07 20:00:00,batch_2025_01.csv
T002457,C00204,P0103,2025-06-04,$266.57,3,WELCOME5,2025-06-04 04:00:00,batch_2025_01.csv
T003634,C00016,P0149,2025-02-27,78.89,2,,2025-02-27 21:00:00,batch_2025_01.csv
T004237,C00364,P0053,2025-05-06,$174.06,3,,2025-05-07 19:00:00,batch_2025_01.csv
T000885,C00130,P9999,2025-01-01,795.73,1,,2025-01-02 04:00:00,batch_2025_01.csv
T002676,C00500,P0145,01/16/2025,$736.86,4,SAVE10,2025-01-16 09:00:00,batch_2025_01.csv
T002269,C00142,P0085,2025-03-21,865.61,2,,2025-03-21 04:00:00,batch_2025_01.csv
T004477,C00470,P0126,2025-02-24,731.59,2,,2025-02-25 03:00:00,batch_2025_01.csv
T001534,C00079,P0019,2025-07-13,793.16,1,SAVE10,2025-07-14 23:00:00,batch_2025_01.csv
T002623,,P0015,not-a-date,645.83,1,WELCOME5,2025-04-30 08:00:00,batch_2025_01.csv
T000229,C00245,P0019,01/23/2025,212.22,3,,2025-01-24 23:00:00,batch_2025_01.csv
T004325,C00493,P0093,2025-04-12,$626.48,3,,2025-04-13 13:00:00,batch_2025_01.csv
T003838,C00247,P0141,06/24/2025,827.62,1,,2025-06-25 07:00:00,batch_2025_01.csv
T003395,C00046,P0051,2025-03-27,230.52,1,,2025-03-28 18:00:00,batch_2025_01.csv
T001461,C00238,P0026,2025-07-20,$486.94,2,SAVE10,2025-07-20 04:00:00,batch_2025_01.csv
T004383,C00373,P0011,2025-06-12,229.19,3,WELCOME5,2025-06-12 07:00:00,batch_2025_01.csv
T003186,C00442,P0111,2025-02-21,$451.50,2,,2025-02-22 15:00:00,batch_2025_01.csv
T000856,C99999,P0084,2025-06-09,87.67,4,,2025-06-10 19:00:00,batch_2025_01.csv
T001301,C00398,P0105,2025-06-20,$609.30,3,,2025-06-20 09:00:00,batch_2025_01.csv
T000144,C00388,P0006,04/29/2025,880.81,4,,2025-04-30 20:00:00,batch_2025_01.csv
T004847,C00149,P0144,02/25/2025,842.31,4,SAVE10,2025-02-26 19:00:00,batch_2025_01.csv
T003659,C00440,P0116,2025-06-08,244.85,5,SAVE10,2025-06-09 23:00:00,batch_2025_01_late.csv
T002563,C00131,P0123,2025-07-22,503.95,4,SAVE10,2025-07-23 09:00:00,batch_2025_01.csv
T004393,C00159,P0127,01/18/2025,685.75,1,SAVE10,2025-01-18 08:00:00,batch_2025_01.csv
T003433,C00198,P0041,03/24/2025,$390.26,5,WELCOME5,2025-03-24 08:00:00,batch_2025_01.csv
T003361,C00430,P0129,2025-02-05,643.87,4,,2025-02-06 14:00:00,batch_2025_01.csv
T002653,C00244,P0107,2025-04-02,624.93,4,WELCOME5,2025-04-03 15:00:00,batch_2025_01.csv
T002498,C00179,P0134,2025-05-13,$120.77,2,,2025-05-15 00:00:00,batch_2025_01.csv
T003526,C00278,P0024,04/10/2025,891.82,2,SAVE10,2025-04-10 08:00:00,batch_2025_01_late.csv
T004166,C00354,P0002,2025-08-13,782.24,5,,2025-08-13 17:00:00,batch_2025_01.csv
T000451,C00392,P0139,2025-08-06,862.53,5,,2025-08-07 07:00:00,batch_2025_01.csv
T002615,C00073,P0026,2025-06-14,644.47,2,,2025-06-15 09:00:00,batch_2025_01.csv
T000452,C00252,P0047,2025-08-23,886.08,5,,2025-08-24 09:00:00,batch_2025_01.csv
T003593,,P0069,2025-02-27,851.91,5,SAVE10,2025-02-28 16:00:00,batch_2025_01.csv
T004386,C00230,P0021,2025-03-22,609.45,5,,2025-03-22 17:00:00,batch_2025_01.csv
T003854,C00040,P0082,2025-03-18,$629.68,5,SAVE10,2025-03-18 23:00:00,batch_2025_01.csv
T003069,C00389,P0072,2025-08-18,174.42,4,WELCOME5,2025-08-20 00:00:00,batch_2025_01.csv
T000048,C00053,P0088,2025-01-22,884.29,4,SAVE10,2025-01-23 09:00:00,batch_2025_01.csv
T004952,C00487,P0075,2025-04-24,$375.07,1,WELCOME5,2025-04-25 18:00:00,batch_2025_01.csv
T004444,C00022,P0004,2025-01-01,131.05,3,,2025-01-02 08:00:00,batch_2025_01.csv
T000637,C00224,P0104,2025-07-19,760.89,4,,2025-07-19 05:00:00,batch_2025_01.csv
T004222,C00481,P0145,2025-03-10,726.24,5,,2025-03-11 14:00:00,batch_2025_01.csv
T000381,C00021,P0110,2019-13-40,256.97,1,,2025-03-09 09:00:00,batch_2025_01.csv
T004632,C00462,P0065,2025-03-15,597.28,4,,2025-03-15 12:00:00,batch_2025_01.csv
T002085,C00237,P0112,2025-01-12,10.44,5,,2025-01-13 12:00:00,batch_2025_01.csv
T001254,C00350,P0136,2025-08-02,450.59,3,,2025-08-02 14:00:00,batch_2025_01.csv
T002967,C00407,P0033,2025-06-28,$127.21,1,,2025-06-28 15:00:00,batch_2025_01.csv
T000500,C00448,P0009,2025-05-05,$188.25,4,SAVE10,2025-05-05 13:00:00,batch_2025_01.csv
T002926,C00422,P0070,2025-07-02,786.65,5,,2025-07-03 11:00:00,batch_2025_01.csv
T001708,C00337,P0101,2025-03-31,$203.41,1,,2025-04-02 00:00:00,batch_2025_01.csv
T002753,C00392,P0020,04/13/2025,494.20,4,,2025-04-14 20:00:00,batch_2025_01.csv
T004748,C99999,P0059,2025-06-30,373.51,4,,2025-07-01 10:00:00,batch_2025_01.csv
T003726,C00002,P0049,06/24/2025,$605.34,2,SAVE10,2025-06-24 10:00:00,batch_2025_01.csv
T002133,C00206,P0017,07/09/2025,427.28,1,WELCOME5,2025-07-10 07:00:00,batch_2025_01.csv
T000888,C00451,P0147,07/08/2025,728.44,1,,2025-07-08 15:00:00,batch_2025_01.csv
T003473,C00423,P0100,2025-01-20,$97.89,1,,2025-01-21 06:00:00,batch_2025_01.csv
T004942,C00386,P0089,02/18/2025,582.76,3,,2025-02-20 00:00:00,batch_2025_01.csv
T001426,C00207,P0009,2025-05-27,$597.34,3,,2025-05-27 06:00:00,batch_2025_01.csv
T000132,C00155,P0150,2025-01-03,$652.81,1,,2025-01-03 23:00:00,batch_2025_01_late.csv
T000617,C00144,P0071,2025-01-04,773.21,5,,2025-01-06 00:00:00,batch_2025_01.csv
T002757,C00238,P0024,2025-08-23,416.13,3,WELCOME5,2025-08-23 01:00:00,batch_2025_01.csv
T001407,C00395,P0014,2025-03-08,$278.24,4,WELCOME5,2025-03-10 00:00:00,batch_2025_01.csv
T001580,C00492,P0126,2025-04-14,176.00,4,WELCOME5,2025-04-14 03:00:00,batch_2025_01.csv
T001205,C00106,P0044,2025-03-30,$708.87,1,,2025-03-31 17:00:00,batch_2025_01.csv
T000286,C99999,P0097,04/07/2025,$321.30,5,,2025-04-07 07:00:00,batch_2025_01.csv
T004816,C00383,P0012,2025-07-22,667.88,1,,2025-07-22 04:00:00,batch_2025_01.csv
T004943,C00303,P0058,2025-02-03,847.53,4,SAVE10,2025-02-03 09:00:00,batch_2025_01.csv
T001610,C00452,P0042,01/06/2025,336.33,4,SAVE10,2025-01-07 04:00:00,batch_2025_01.csv
T004574,C00279,P0008,2025-05-29,116.20,5,,2025-05-31 00:00:00,batch_2025_01.csv
T004012,C00006,P0078,04/21/2025,$497.45,4,,2025-04-22 02:00:00,batch_2025_01.csv
T001597,C00487,P0023,2025-05-08,502.84,4,SAVE10,2025-05-08 13:00:00,batch_2025_01.csv
T003707,C00358,P9999,05/16/2025,703.76,3,WELCOME5,2025-05-17 07:00:00,batch_2025_01.csv
T000946,C00344,P0119,2025-01-18,440.41,4,,2025-01-18 06:00:00,batch_2025_01.csv
T000623,C00007,P0074,2025-04-25,835.08,1,,2025-04-26 01:00:00,batch_2025_01.csv
T001769,C00118,P0105,2025-05-14,285.95,1,WELCOME5,2025-05-14 05:00:00,batch_2025_01.csv
T002108,C00049,P0140,2025-07-24,$849.79,5,WELCOME5,2025-07-24 06:00:00,batch_2025_01.csv
T002986,C00209,P0141,01/01/2025,589.31,2,,2025-01-01 10:00:00,batch_2025_01.csv
T004825,C00131,P0117,2025-03-23,520.82,2,WELCOME5,2025-03-23 23:00:00,batch_2025_01.csv
T002701,C00327,P0036,2025-06-04,$240.75,2,,2025-06-04 09:00:00,batch_2025_01.csv
T002739,C00235,P0014,2025-04-07,361.39,3,SAVE10,2025-04-07 06:00:00,batch_2025_01.csv
T001672,C00073,P0081,2025-04-07,749.97,3,SAVE10,2025-04-08 12:00:00,batch_2025_01.csv
T000003,C00468,P0124,03/17/2025,870.91,4,,2025-03-19 00:00:00,batch_2025_01.csv
T000167,C00258,P0111,2025-08-21,727.10,2,,2025-08-21 12:00:00,batch_2025_01.csv
T001789,C00453,P0113,2025-04-21,$684.58,5,WELCOME5,2025-04-22 09:00:00,batch_2025_01.csv
T000558,C00233,P0105,2025-06-03,402.15,3,WELCOME5,2025-06-04 15:00:00,batch_2025_01.csv
T003846,C00147,P0076,03/04/2025,$434.84,4,,2025-03-05 04:00:00,batch_2025_01.csv
T004027,C00215,P0075,2025-01-01,348.53,4,SAVE10,2025-01-01 20:00:00,batch_2025_01.csv
T002614,C00363,P0103,06/06/2025,53.45,2,SAVE10,2025-06-08 00:00:00,batch_2025_01.csv
T000682,C00214,P0139,2025-05-02,$839.10,1,,2025-05-02 23:00:00,batch_2025_01.csv
T003233,C00161,P0057,06/28/2025,622.26,4,,2025-06-28 03:00:00,batch_2025_01.csv
T004707,C00472,P0024,2025-06-24,863.85,5,WELCOME5,2025-06-24 04:00:00,batch_2025_01.csv
T000941,C00235,P0099,2025-02-16,820.46,1,,2025-02-18 03:00:00,batch_2025_01_late.csv
T000941,C00235,P0099,2025-02-16,820.46,1,,2025-02-17 21:00:00,batch_2025_01.csv
T004355,C00381,P0084,2025-03-31,554.20,3,,2025-03-31 19:00:00,batch_2025_01.csv
T004228,C00340,P0103,06/20/2025,589.34,4,WELCOME5,2025-06-21 00:00:00,batch_2025_01.csv
T002150,C00395,P0108,2025-03-16,$308.16,5,WELCOME5,2025-03-16 04:00:00,batch_2025_01.csv
T004200,C00174,P0073,2025-03-28,864.66,3,WELCOME5,2025-03-29 12:00:00,batch_2025_01.csv
T004961,C00166,P0088,08/10/2025,$104.05,5,SAVE10,2025-08-11 14:00:00,batch_2025_01.csv
T003326,C00402,P0079,06/17/2025,121.12,4,SAVE10,2025-06-18 17:00:00,batch_2025_01.csv
T004436,C00110,P0054,2025-06-20,359.57,4,,2025-06-20 09:00:00,batch_2025_01.csv
T002164,C00147,P0138,07/08/2025,$556.38,5,,2025-07-09 23:00:00,batch_2025_01.csv
T003390,C00111,P0138,2025-08-07,191.34,5,,2025-08-07 07:00:00,batch_2025_01.csv
T003049,C00012,P0011,08/08/2025,82.04,2,,2025-08-09 18:00:00,batch_2025_01.csv
T002027,C00456,P0036,2025-05-23,842.18,5,WELCOME5,2025-05-24 04:00:00,batch_2025_01.csv
T000728,C00092,P0004,2025-05-06,898.86,1,,2025-05-07 20:00:00,batch_2025_01.csv
T004913,C00491,P0133,06/18/2025,$650.83,1,,2025-06-19 04:00:00,batch_2025_01.csv
T000039,C00059,P0104,03/25/2025,$26.60,3,,2025-03-25 11:00:00,batch_2025_01.csv
T004871,C00394,P0125,04/16/2025,149.74,5,WELCOME5,2025-04-17 16:00:00,batch_2025_01_late.csv
T003641,,P0018,04/21/2025,376.23,2,,2025-04-21 03:00:00,batch_2025_01.csv
T000890,C00304,P9999,2025-03-05,757.73,1,,2025-03-05 07:00:00,batch_2025_01.csv
T001089,C00052,P0097,01/29/2025,$350.52,1,,2025-01-29 01:00:00,batch_2025_01.csv
T004268,C00397,P0097,2025-05-21,$549.07,4,WELCOME5,2025-05-21 13:00:00,batch_2025_01.csv
T000184,C00033,P0043,2025-04-18,395.73,3,,2025-04-18 20:00:00,batch_2025_01.csv
T003249,C00486,P0120,04/10/2025,547.62,2,,2025-04-10 22:00:00,batch_2025_01.csv
T000063,C00115,P0008,2025-01-26,$292.27,2,,2025-01-27 22:00:00,batch_2025_01.csv
T004510,,P0065,06/17/2025,68.92,4,,2025-06-18 11:00:00,batch_2025_01.csv
T003755,C00188,P0144,2025-05-12,775.82,3,,2025-05-13 02:00:00,batch_2025_01.csv
T001488,C00393,P0111,04/30/2025,737.44,2,,2025-05-01 05:00:00,batch_2025_01.csv
T000716,C00382,P0031,2025-08-08,206.34,2,,2025-08-09 21:00:00,batch_2025_01.csv
T003910,C00123,P0053,2025-01-06,-45.00,5,,2025-01-06 16:00:00,batch_2025_01.csv
T003863,C00096,P0121,2025-04-29,136.47,2,,2025-05-01 00:00:00,batch_2025_01.csv
T002303,C00063,P0074,2025-06-20,$54.95,2,,2025-06-20 17:00:00,batch_2025_01.csv
T002685,C00453,P0058,03/14/2025,$890.47,1,,2025-03-14 22:00:00,batch_2025_01.csv
T002362,C00009,P0135,2025-08-03,685.09,2,,2025-08-04 19:00:00,batch_2025_01.csv
T000121,C00104,P0138,2025-05-24,249.85,5,,2025-05-25 21:00:00,batch_2025_01.csv
T004016,C00150,P0094,2025-05-24,577.54,4,,2025-05-24 07:00:00,batch_2025_01.csv
T001326,C00449,P9999,2025-05-06,603.83,4,,2025-05-07 17:00:00,batch_2025_01.csv
T000012,C00032,P0102,2025-02-01,254.09,5,,2025-02-02 06:00:00,batch_2025_01.csv
T002611,C00271,P0133,2025-07-25,255.29,4,,2025-07-26 03:00:00,batch_2025_01.csv
T001082,C00167,P0015,2025-01-03,566.35,2,,2025-01-03 23:00:00,batch_2025_01.csv
T002771,C00076,P0133,05/29/2025,460.82,4,,2025-05-29 22:00:00,batch_2025_01.csv
T001811,C00311,P0067,2025-07-18,148.40,2,,2025-07-19 21:00:00,batch_2025_01.csv
T001364,C00040,P0014,2025-07-26,130.18,3,WELCOME5,2025-07-27 05:00:00,batch_2025_01.csv
T004014,C00341,P0121,2025-06-07,466.58,4,SAVE10,2025-06-08 00:00:00,batch_2025_01.csv
T004466,C00262,P0093,2025-04-25,483.35,1,,2025-04-25 18:00:00,batch_2025_01.csv
T000727,C00116,P0142,2025-08-07,371.30,4,,2025-08-08 04:00:00,batch_2025_01.csv
T003585,C99999,P0085,2025-07-08,552.85,2,WELCOME5,2025-07-08 18:00:00,batch_2025_01.csv
T003666,C00238,P0077,2025-04-07,790.12,5,,2025-04-08 17:00:00,batch_2025_01.csv
T003410,C00096,P0012,2025-05-12,303.41,5,SAVE10,2025-05-13 18:00:00,batch_2025_01.csv
T004298,C00167,P0124,2025-05-07,625.91,1,SAVE10,2025-05-08 23:00:00,batch_2025_01.csv
T004333,C00455,P0061,05/20/2025,266.52,2,,2025-05-20 17:00:00,batch_2025_01.csv
T003366,C00436,P0072,2025-07-23,666.72,5,,2025-07-24 03:00:00,batch_2025_01.csv
T000013,C00026,P0086,2025-02-02,225.26,5,,2025-02-03 13:00:00,batch_2025_01.csv
T000570,C00260,P0141,2025-01-02,296.94,5,WELCOME5,2025-01-02 08:00:00,batch_2025_01.csv
T001133,C00239,P0120,2025-08-19,581.10,1,SAVE10,2025-08-20 06:00:00,batch_2025_01.csv
T002951,C00484,P0128,2025-06-30,$334.52,2,SAVE10,2025-06-30 11:00:00,batch_2025_01.csv
T002007,C00349,P0135,2025-06-14,$8.58,3,,2025-06-14 12:00:00,batch_2025_01.csv
T000539,C00163,P0038,07/15/2025,656.55,4,,2025-07-15 21:00:00,batch_2025_01.csv
T002160,C00237,P0142,2025-07-29,320.52,5,,2025-07-30 17:00:00,batch_2025_01.csv
T001995,C00168,P0041,2019-13-40,84.88,3,WELCOME5,2025-04-12 20:00:00,batch_2025_01.csv
T004427,C00223,P0012,2025-04-22,90.58,2,,2025-04-22 04:00:00,batch_2025_01.csv
T001525,C00356,P0136,2025-02-10,$156.74,5,,2025-02-10 07:00:00,batch_2025_01.csv
T004435,C00225,P0028,02/03/2025,479.94,1,,2025-02-03 10:00:00,batch_2025_01.csv
T002013,C00492,P0147,2025-03-29,841.61,3,,2025-03-30 02:00:00,batch_2025_01.csv
T002074,C00430,P0017,2025-07-08,730.93,5,WELCOME5,2025-07-10 00:00:00,batch_2025_01_late.csv
T004175,C00014,P0031,2025-06-10,138.20,3,,2025-06-11 15:00:00,batch_2025_01.csv
T002368,C00006,P0011,05/26/2025,277.18,1,,2025-05-27 04:00:00,batch_2025_01.csv
T000770,C00449,P0026,2025-06-28,743.37,5,WELCOME5,2025-06-28 17:00:00,batch_2025_01.csv
T004875,C00376,P0094,08/02/2025,$461.79,2,SAVE10,2025-08-03 06:00:00,batch_2025_01.csv
T001447,C00388,P0067,2025-06-26,313.46,3,WELCOME5,2025-06-27 05:00:00,batch_2025_01.csv
T001216,C00090,P0068,2025-03-31,820.01,3,,2025-03-31 22:00:00,batch_2025_01.csv
T003052,C00031,P0070,2025-07-25,$889.54,1,SAVE10,2025-07-25 07:00:00,batch_2025_01.csv
T001486,C00145,P0148,2025-01-18,305.71,5,,2025-01-20 06:00:00,batch_2025_01_late.csv
T001247,C00024,P0008,2025-02-10,768.01,4,,2025-02-10 15:00:00,batch_2025_01.csv
T003659,C00440,P0116,2025-06-08,244.85,5,SAVE10,2025-06-09 17:00:00,batch_2025_01.csv
T000515,C00305,P0077,2025-07-26,$41.34,3,,2025-07-27 13:00:00,batch_2025_01.csv
T003359,C00161,P0011,08/19/2025,$462.42,4,,2025-08-20 12:00:00,batch_2025_01.csv
T004180,C00139,P0085,2025-03-25,577.17,1,WELCOME5,2025-03-25 16:00:00,batch_2025_01.csv
T004993,C00308,P0041,2025-06-27,146.38,5,,2025-06-28 00:00:00,batch_2025_01.csv
T002462,C00348,P0089,2025-07-14,$650.42,5,,2025-07-15 20:00:00,batch_2025_01.csv
T003504,C00302,P0022,03/24/2025,$365.94,5,,2025-03-25 22:00:00,batch_2025_01.csv
T001235,C00035,P0001,2025-08-14,144.50,1,SAVE10,2025-08-14 08:00:00,batch_2025_01.csv
T002673,C00032,P0041,2025-06-07,793.83,3,,2025-06-08 23:00:00,batch_2025_01.csv
T000666,C00243,P0119,07/06/2025,257.02,3,SAVE10,2025-07-07 04:00:00,batch_2025_01.csv
T000911,C00407,P0049,2025-04-07,$178.98,2,,2025-04-08 21:00:00,batch_2025_01.csv
T002533,C00241,P0114,2025-04-02,589.49,4,,2025-04-03 09:00:00,batch_2025_01.csv
T001345,C00204,P0060,2025-05-03,406.80,2,,2025-05-04 13:00:00,batch_2025_01.csv
T001896,C00462,P0014,06/29/2025,212.93,4,SAVE10,2025-06-30 11:00:00,batch_2025_01.csv
T003694,C00439,P0093,2025-07-05,872.73,1,WELCOME5,2025-07-06 03:00:00,batch_2025_01.csv
T001104,,P0093,2025-08-06,10.56,2,,2025-08-06 02:00:00,batch_2025_01.csv
T000423,C00086,P0088,2025-06-02,830.74,2,,2025-06-03 14:00:00,batch_2025_01.csv
T004855,,P0087,2025-04-26,520.87,1,,2025-04-26 15:00:00,batch_2025_01.csv
T000955,C00200,P0055,01/17/2025,$417.23,3,,2025-01-19 01:00:00,batch_2025_01_late.csv
T004726,C00352,P0110,06/22/2025,772.40,4,,2025-06-23 22:00:00,batch_2025_01.csv
T002362,C00009,P0135,2025-08-03,685.09,2,,2025-08-05 01:00:00,batch_2025_01_late.csv
T004257,C00017,P0038,2025-04-12,$250.10,3,,2025-04-13 20:00:00,batch_2025_01.csv
T002183,C00095,P0059,2025-01-01,$164.75,4,SAVE10,2025-01-01 02:00:00,batch_2025_01.csv
T000399,C00212,P0132,2025-02-17,135.07,1,,2025-02-17 15:00:00,batch_2025_01.csv
T004463,C00350,P0067,2025-02-07,816.75,2,,2025-02-07 07:00:00,batch_2025_01.csv
T000975,C00364,P0126,2025-04-05,574.40,4,,2025-04-06 21:00:00,batch_2025_01.csv
T001252,C00380,P0042,2025-05-16,395.18,1,,2025-05-16 13:00:00,batch_2025_01.csv
T003961,C00196,P0021,2025-05-30,$871.31,4,,2025-05-31 09:00:00,batch_2025_01.csv
T001056,C00146,P0011,2025-04-18,127.24,2,SAVE10,2025-04-20 00:00:00,batch_2025_01.csv
T000810,C00447,P0028,2025-01-05,394.95,4,SAVE10,2025-01-05 01:00:00,batch_2025_01.csv
T000367,C00338,P0130,2025-05-08,128.10,4,WELCOME5,2025-05-08 01:00:00,batch_2025_01.csv
T003339,C00300,P0014,2025-03-08,83.82,1,,2025-03-09 16:00:00,batch_2025_01.csv
T004136,C00141,P0070,2025-01-14,796.27,4,SAVE10,2025-01-14 11:00:00,batch_2025_01.csv
T001384,C00152,P0067,2025-03-09,$630.22,3,WELCOME5,2025-03-09 06:00:00,batch_2025_01.csv
T001762,C00161,P0091,2025-03-05,369.35,5,SAVE10,2025-03-06 22:00:00,batch_2025_01.csv
T001020,C00294,P0147,2025-06-27,$435.71,4,SAVE10,2025-06-29 00:00:00,batch_2025_01.csv
T001452,C00245,P0044,2025-06-14,$875.38,5,,2025-06-14 10:00:00,batch_2025_01.csv
T004819,C00321,P0126,03/15/2025,494.75,2,,2025-03-15 21:00:00,batch_2025_01.csv
T001401,C00454,P0046,2025-04-05,692.92,5,WELCOME5,2025-04-06 00:00:00,batch_2025_01.csv
T001985,C00073,P0102,2025-01-12,270.26,1,,2025-01-12 07:00:00,batch_2025_01.csv
T004752,C00115,P0097,2025-05-04,330.54,1,,2025-05-04 01:00:00,batch_2025_01.csv
T004373,C00034,P0004,2025-01-29,569.07,3,SAVE10,2025-01-29 13:00:00,batch_2025_01.csv
T003356,C00054,P0138,2025-02-08,72.17,4,,2025-02-08 13:00:00,batch_2025_01.csv
T003610,C00415,P0092,2025-04-18,603.54,3,,2025-04-19 15:00:00,batch_2025_01.csv
T000350,C00206,P0103,2025-03-11,866.38,4,,2025-03-12 01:00:00,batch_2025_01.csv
T004215,C00096,P0104,2025-05-04,395.99,3,,2025-05-04 18:00:00,batch_2025_01.csv
T002876,C00406,P0077,2025-02-03,$657.31,4,SAVE10,2025-02-04 08:00:00,batch_2025_01.csv
T004908,C00230,P0078,07/15/2025,$501.99,1,,2025-07-16 18:00:00,batch_2025_01.csv
T001656,C00488,P0083,2025-06-05,$637.77,4,,2025-06-05 19:00:00,batch_2025_01.csv
T003570,C00145,P0043,2025-08-20,876.45,3,,2025-08-21 06:00:00,batch_2025_01.csv
T004106,C00062,P0047,2025-06-15,$710.40,2,WELCOME5,2025-06-16 11:00:00,batch_2025_01.csv
T004112,C00337,P0080,2025-07-24,883.45,3,,2025-07-25 04:00:00,batch_2025_01.csv
T003150,C00287,P0057,2025-01-18,$235.50,1,,2025-01-19 17:00:00,batch_2025_01.csv
T001258,C00447,P9999,2025-01-20,871.56,5,WELCOME5,2025-01-21 11:00:00,batch_2025_01.csv
T002567,C00202,P0033,07/21/2025,751.58,3,WELCOME5,2025-07-21 21:00:00,batch_2025_01.csv
T003996,C00332,P0110,2025-04-03,$473.98,2,WELCOME5,2025-04-04 16:00:00,batch_2025_01.csv
T004661,C00012,P0034,2025-03-30,$770.31,5,,2025-03-31 14:00:00,batch_2025_01.csv
T001331,C00205,P0067,03/10/2025,821.83,1,,2025-03-11 08:00:00,batch_2025_01.csv
T000110,C00273,P0126,03/18/2025,640.20,1,SAVE10,2025-03-19 07:00:00,batch_2025_01.csv
T002691,C00488,P0015,2025-03-04,113.17,4,,2025-03-05 08:00:00,batch_2025_01.csv
T001051,C00004,P0118,2025-04-01,301.07,2,SAVE10,2025-04-01 07:00:00,batch_2025_01.csv
T004478,C00104,P0069,08/22/2025,73.27,2,,2025-08-22 16:00:00,batch_2025_01.csv
T004311,C00431,P0042,03/19/2025,350.84,2,,2025-03-19 22:00:00,batch_2025_01.csv
T004718,C00057,P0125,2025-01-28,356.28,4,,2025-01-29 15:00:00,batch_2025_01.csv
T003801,C00257,P0117,2025-02-09,858.52,1,WELCOME5,2025-02-10 11:00:00,batch_2025_01.csv
T002109,C00263,P0130,2025-07-19,797.38,1,,2025-07-20 14:00:00,batch_2025_01.csv
T001770,C00336,P0046,05/01/2025,265.11,2,WELCOME5,2025-05-02 04:00:00,batch_2025_01.csv
T002540,C00330,P0020,2025-05-04,61.07,2,,2025-05-05 22:00:00,batch_2025_01.csv
T002310,C00408,P0088,2025-07-30,788.78,4,,2025-07-30 10:00:00,batch_2025_01.csv
T004564,C00085,P0147,2025-02-17,$433.24,2,,2025-02-18 01:00:00,batch_2025_01.csv
T001373,C00252,P0045,08/12/2025,430.32,1,,2025-08-13 18:00:00,batch_2025_01.csv
T002925,C99999,P0121,2025-05-27,613.94,4,,2025-05-27 04:00:00,batch_2025_01.csv
T000731,C00392,P0149,07/13/2025,537.54,5,SAVE10,2025-07-14 18:00:00,batch_2025_01.csv
T003645,C00410,P0067,2025-02-08,627.12,2,,2025-02-08 17:00:00,batch_2025_01.csv
T004093,C00404,P0098,2025-04-01,,2,,2025-04-02 22:00:00,batch_2025_01.csv
T003802,C00070,P0132,2025-02-07,718.61,4,,2025-02-08 02:00:00,batch_2025_01.csv
T004399,C00126,P0035,2025-04-07,$282.70,5,SAVE10,2025-04-08 19:00:00,batch_2025_01.csv
T002586,C00255,P0068,2025-08-20,$622.43,3,,2025-08-20 09:00:00,batch_2025_01.csv
T002137,C00316,P0138,2025-08-23,$558.73,5,WELCOME5,2025-08-23 16:00:00,batch_2025_01.csv
T004689,C00418,P0130,02/10/2025,433.94,4,,2025-02-10 07:00:00,batch_2025_01.csv
T000352,C00348,P0113,2025-04-08,169.68,2,SAVE10,2025-04-08 23:00:00,batch_2025_01.csv
T003341,C00222,P0084,2025-03-28,$8.05,1,,2025-03-28 05:00:00,batch_2025_01.csv
T001549,C00425,P0079,2025-07-04,98.36,4,,2025-07-04 06:00:00,batch_2025_01.csv
T002159,C00118,P0123,2025-04-21,$313.20,5,,2025-04-21 23:00:00,batch_2025_01.csv
T003575,C00319,P0119,02/12/2025,470.85,4,,2025-02-13 15:00:00,batch_2025_01.csv
T003762,C00169,P0146,04/29/2025,$668.77,4,,2025-04-30 15:00:00,batch_2025_01.csv
T004395,C00219,P0105,2025-05-14,439.26,4,,2025-05-15 03:00:00,batch_2025_01.csv
T001292,C00013,P0084,04/03/2025,549.41,3,SAVE10,2025-04-03 22:00:00,batch_2025_01.csv
T000739,C00351,P0139,05/02/2025,$518.41,4,,2025-05-03 12:00:00,batch_2025_01.csv
T002341,C00037,P0128,2025-07-06,93.72,2,WELCOME5,2025-07-07 19:00:00,batch_2025_01.csv
T004994,C00285,P0126,2025-08-11,$604.02,2,,2025-08-12 04:00:00,batch_2025_01.csv
T004259,C00364,P0079,2025-01-09,$493.58,2,,2025-01-09 21:00:00,batch_2025_01.csv
T002024,,P0023,2025-04-01,$39.39,1,WELCOME5,2025-04-01 12:00:00,batch_2025_01.csv
T002229,C00475,P0071,2025-04-11,636.58,1,,2025-04-12 00:00:00,batch_2025_01.csv
T003702,C00291,P0083,2025-02-12,762.33,4,,2025-02-12 12:00:00,batch_2025_01.csv
T000131,C00245,P0083,2025-01-02,842.76,3,,2025-01-02 17:00:00,batch_2025_01.csv
T004159,,P0047,07/04/2025,221.33,5,,2025-07-05 02:00:00,batch_2025_01.csv
T002543,C00254,P0077,2025-02-17,715.76,2,,2025-02-17 19:00:00,batch_2025_01.csv
T001637,C00192,P0017,07/25/2025,145.37,1,,2025-07-25 16:00:00,batch_2025_01.csv
T000612,C00409,P0149,2025-01-14,286.75,4,WELCOME5,2025-01-14 22:00:00,batch_2025_01.csv
T004148,C00161,P0027,2025-07-08,$48.93,5,SAVE10,2025-07-08 10:00:00,batch_2025_01.csv
T000437,C00315,P0134,06/02/2025,263.53,4,SAVE10,2025-06-02 04:00:00,batch_2025_01.csv
T004683,,P0085,2025-06-28,$726.88,1,,2025-06-28 17:00:00,batch_2025_01.csv
T001746,C00106,P0087,2025-06-15,171.31,3,WELCOME5,2025-06-16 08:00:00,batch_2025_01.csv
T003098,C00281,P0015,2025-01-19,370.85,2,,2025-01-20 23:00:00,batch_2025_01.csv
T003862,C00404,P0114,2025-07-11,837.08,5,,2025-07-12 07:00:00,batch_2025_01.csv
T004408,C00195,P0036,2025-08-13,289.16,1,,2025-08-14 18:00:00,batch_2025_01.csv
T003475,C00279,P0111,2025-02-15,$633.05,4,,2025-02-16 10:00:00,batch_2025_01.csv
T004845,C00003,P0079,2025-03-05,200.62,4,WELCOME5,2025-03-06 00:00:00,batch_2025_01.csv
T000420,C00076,P0015,2025-08-25,156.38,5,,2025-08-25 12:00:00,batch_2025_01.csv
T004034,C00174,P0124,2025-05-13,180.18,1,,2025-05-13 01:00:00,batch_2025_01.csv
T000459,C00413,P0003,05/08/2025,165.53,5,WELCOME5,2025-05-08 09:00:00,batch_2025_01.csv
T001505,C00089,P0045,02/08/2025,$843.17,3,,2025-02-10 00:00:00,batch_2025_01.csv
T004681,C00372,P0106,2025-04-28,452.81,3,SAVE10,2025-04-29 06:00:00,batch_2025_01.csv
T001317,C00471,P0029,2025-08-24,646.90,3,,2025-08-24 08:00:00,batch_2025_01.csv
T000740,C00254,P0097,2025-04-01,558.31,1,,2025-04-01 19:00:00,batch_2025_01.csv
T002470,C00394,P0046,2025-08-07,172.34,2,,2025-08-07 12:00:00,batch_2025_01.csv
T004947,C00365,P0137,08/02/2025,444.35,1,,2025-08-03 09:00:00,batch_2025_01.csv
T002532,C00157,P9999,07/14/2025,$534.86,2,WELCOME5,2025-07-15 10:00:00,batch_2025_01.csv
T003045,C00200,P0073,06/03/2025,459.96,1,WELCOME5,2025-06-03 15:00:00,batch_2025_01.csv
T004184,C00464,P0087,03/04/2025,535.84,4,WELCOME5,2025-03-04 04:00:00,batch_2025_01.csv
T004214,C00451,P0035,2025-05-20,$667.32,2,,2025-05-20 15:00:00,batch_2025_01.csv
T003277,C00152,P0029,04/28/2025,$71.88,2,,2025-04-29 03:00:00,batch_2025_01.csv
T002692,C00302,P0096,2025-01-17,$255.85,3,,2025-01-17 01:00:00,batch_2025_01.csv
T002283,C00029,P0094,08/15/2025,370.03,4,SAVE10,2025-08-16 00:00:00,batch_2025_01.csv
T001183,C00330,P0148,2025-08-22,889.26,4,,2025-08-23 06:00:00,batch_2025_01.csv
T001482,C00491,P0093,04/25/2025,815.35,4,,2025-04-27 00:00:00,batch_2025_01.csv
T004161,C00359,P0054,2025-03-05,$819.03,1,,2025-03-06 08:00:00,batch_2025_01.csv
T003178,C00046,P0015,2025-01-10,58.72,5,,2025-01-11 14:00:00,batch_2025_01.csv
T002087,C00205,P0071,2025-01-24,$688.99,5,,2025-01-25 08:00:00,batch_2025_01.csv
T003334,C99999,P0084,06/03/2025,194.90,3,,2025-06-03 07:00:00,batch_2025_01.csv
T003995,C00343,P0041,2025-01-08,396.09,4,,2025-01-08 21:00:00,batch_2025_01.csv
T003794,C00082,P0133,2025-07-11,748.89,2,SAVE10,2025-07-13 00:00:00,batch_2025_01.csv
T000037,C00273,P0059,08/02/2025,454.23,1,SAVE10,2025-08-03 19:00:00,batch_2025_01.csv
T004591,C00113,P0029,2025-04-30,96.07,5,,2025-05-01 13:00:00,batch_2025_01.csv
T001644,C00435,P0083,2025-02-28,682.61,3,WELCOME5,2025-02-28 11:00:00,batch_2025_01.csv
T002579,C00043,P0025,2025-01-22,$474.87,3,,2025-01-22 21:00:00,batch_2025_01.csv
T002029,C00173,P0072,2025-03-28,490.88,3,WELCOME5,2025-03-29 23:00:00,batch_2025_01.csv
T002965,C00232,P0118,07/11/2025,117.82,1,,2025-07-12 01:00:00,batch_2025_01.csv
T002921,C00048,P0136,2025-07-24,$831.60,3,,2025-07-24 06:00:00,batch_2025_01.csv
T004612,C00441,P0087,05/25/2025,123.29,1,WELCOME5,2025-05-26 02:00:00,batch_2025_01.csv
T001165,C00040,P0127,2025-08-22,761.40,1,SAVE10,2025-08-22 14:00:00,batch_2025_01.csv
T001471,C00167,P0133,06/17/2025,$883.19,3,,2025-06-18 15:00:00,batch_2025_01.csv
T002472,C00278,P0074,2025-03-25,$618.78,3,,2025-03-26 00:00:00,batch_2025_01.csv
T004293,C00217,P0044,2025-06-03,$55.51,4,,2025-06-05 02:00:00,batch_2025_01_late.csv
T001039,C00366,P0040,2025-02-06,594.55,3,,2025-02-07 01:00:00,batch_2025_01.csv
T003797,C00420,P0005,2025-08-15,$584.89,3,,2025-08-15 17:00:00,batch_2025_01.csv
T003372,C00042,P0023,2025-06-24,$496.48,4,,2025-06-24 21:00:00,batch_2025_01.csv
T004104,C00236,P0005,04/09/2025,205.29,3,SAVE10,2025-04-10 03:00:00,batch_2025_01.csv
T001201,C00190,P0026,04/08/2025,51.83,2,SAVE10,2025-04-09 23:00:00,batch_2025_01.csv
T001877,C00322,P0103,2025-06-04,605.49,4,WELCOME5,2025-06-05 13:00:00,batch_2025_01.csv
T000221,C00445,P0024,2025-04-28,659.99,1,WELCOME5,2025-04-29 17:00:00,batch_2025_01.csv
T000549,C00453,P0078,2025-03-15,698.12,1,WELCOME5,2025-03-16 06:00:00,batch_2025_01.csv
T002467,C00487,P0065,2025-06-02,125.32,3,SAVE10,2025-06-02 03:00:00,batch_2025_01.csv
T004515,C00417,P0002,08/27/2025,N/A,1,WELCOME5,2025-08-28 08:00:00,batch_2025_01.csv
T004490,C00161,P0145,2025-01-04,708.65,2,,2025-01-05 06:00:00,batch_2025_01.csv
T004496,C99999,P0091,05/09/2025,120.14,2,WELCOME5,2025-05-10 19:00:00,batch_2025_01.csv
T004559,C00102,P0014,04/30/2025,$829.66,3,SAVE10,2025-05-01 11:00:00,batch_2025_01.csv
T004063,C00050,P0101,2025-03-15,844.83,4,,2025-03-16 08:00:00,batch_2025_01.csv
T000797,C99999,P0013,03/14/2025,$722.99,5,WELCOME5,2025-03-14 21:00:00,batch_2025_01.csv
T004053,C00496,P0074,2025-03-30,328.50,1,,2025-03-30 11:00:00,batch_2025_01.csv
T000891,C00267,P0061,2025-07-18,$849.64,4,WELCOME5,2025-07-19 15:00:00,batch_2025_01.csv
T002404,C00379,P0001,2025-07-29,625.58,3,SAVE10,2025-07-29 13:00:00,batch_2025_01.csv
T003148,C00281,P0125,02/23/2025,$547.44,1,,2025-02-23 01:00:00,batch_2025_01.csv
T004817,C00215,P0005,2025-04-24,,5,WELCOME5,2025-04-24 17:00:00,batch_2025_01.csv
T000391,C00383,P0040,2025-07-03,29.19,2,,2025-07-03 22:00:00,batch_2025_01.csv
T004573,C00025,P0144,2025-02-28,877.72,5,,2025-03-01 21:00:00,batch_2025_01.csv
T001435,C00313,P0129,06/03/2025,899.03,3,WELCOME5,2025-06-04 13:00:00,batch_2025_01.csv
T000334,C00010,P0002,2025-03-05,567.00,2,,2025-03-05 15:00:00,batch_2025_01.csv
T003578,C00065,P0076,08/10/2025,$428.04,1,WELCOME5,2025-08-11 03:00:00,batch_2025_01.csv
T001359,C00141,P0073,2025-08-11,740.11,5,SAVE10,2025-08-12 04:00:00,batch_2025_01.csv
T004670,C00389,P0023,07/02/2025,313.50,4,WELCOME5,2025-07-02 06:00:00,batch_2025_01.csv
T003528,C00412,P0123,2025-01-31,376.89,5,SAVE10,2025-01-31 07:00:00,batch_2025_01.csv
T001060,C00220,P0003,2025-03-16,$395.42,2,WELCOME5,2025-03-16 19:00:00,batch_2025_01.csv
T001800,C00238,P0040,2025-06-28,834.04,4,SAVE10,2025-06-29 11:00:00,batch_2025_01.csv
T004905,C00434,P0067,2025-07-18,$813.43,1,,2025-07-19 05:00:00,batch_2025_01.csv
T004854,C00142,P0011,2025-04-17,$521.72,3,SAVE10,2025-04-18 06:00:00,batch_2025_01.csv
T004314,C00127,P0076,04/09/2025,212.33,5,,2025-04-10 01:00:00,batch_2025_01.csv
T001727,C99999,P0130,2025-08-21,827.99,5,,2025-08-21 09:00:00,batch_2025_01.csv
T003058,C00100,P0082,2025-04-24,$870.73,5,,2025-04-24 10:00:00,batch_2025_01.csv
T001273,C00462,P0106,2025-06-09,637.31,2,WELCOME5,2025-06-10 08:00:00,batch_2025_01.csv
T004557,C00457,P0049,2025-02-12,548.65,3,WELCOME5,2025-02-13 15:00:00,batch_2025_01.csv
T002394,C00307,P0011,2025-05-30,723.98,5,,2025-05-31 21:00:00,batch_2025_01.csv
T003103,C00099,P0006,2025-08-29,43.72,2,WELCOME5,2025-08-31 00:00:00,batch_2025_01.csv
T004321,C00283,P0030,2025-06-06,$399.81,5,,2025-06-06 07:00:00,batch_2025_01.csv
T002030,C99999,P0046,03/19/2025,455.81,4,,2025-03-20 16:00:00,batch_2025_01.csv
T002126,C00315,P0011,2025-02-05,793.26,5,SAVE10,2025-02-05 17:00:00,batch_2025_01.csv
T003535,C00225,P0096,2025-07-13,$425.80,4,,2025-07-14 18:00:00,batch_2025_01.csv
T004793,C00238,P0023,06/20/2025,344.76,2,WELCOME5,2025-06-21 10:00:00,batch_2025_01.csv
T003669,C99999,P9999,06/02/2025,817.45,1,SAVE10,2025-06-02 13:00:00,batch_2025_01.csv
T004936,C00137,P0117,2025-04-04,207.10,3,,2025-04-05 19:00:00,batch_2025_01.csv
T003648,C00404,P0032,2025-03-05,547.02,1,,2025-03-06 19:00:00,batch_2025_01.csv
T000007,C00469,P0057,06/12/2025,585.71,4,,2025-06-13 06:00:00,batch_2025_01.csv
T000314,C00177,P0042,03/08/2025,755.19,1,SAVE10,2025-03-10 00:00:00,batch_2025_01.csv
T004767,C00086,P0148,2025-07-31,260.16,5,WELCOME5,2025-07-31 12:00:00,batch_2025_01.csv
T000686,C00498,P0074,2025-01-13,694.62,2,WELCOME5,2025-01-13 10:00:00,batch_2025_01.csv
T004223,C00491,P0032,05/18/2025,,2,,2025-05-18 12:00:00,batch_2025_01.csv
T001676,C00042,P0106,2025-01-18,314.47,4,SAVE10,2025-01-19 08:00:00,batch_2025_01.csv
T000415,C00129,P0097,2025-02-27,875.63,3,SAVE10,2025-02-28 10:00:00,batch_2025_01.csv
T003959,C00444,P0120,06/22/2025,864.13,1,SAVE10,2025-06-23 10:00:00,batch_2025_01.csv
T002559,C00210,P0021,06/04/2025,589.18,2,,2025-06-04 20:00:00,batch_2025_01.csv
T004613,C00079,P0025,2025-03-20,409.27,4,,2025-03-20 22:00:00,batch_2025_01.csv
T004499,C00185,P0077,2025-02-06,668.44,5,,2025-02-06 11:00:00,batch_2025_01.csv
T000368,C00248,P0131,2025-08-22,704.72,2,,2025-08-22 12:00:00,batch_2025_01.csv
T004963,C00001,P0068,2025-04-01,571.00,3,,2025-04-02 09:00:00,batch_2025_01.csv
T002439,C00051,P0139,2025-07-07,765.44,5,,2025-07-07 15:00:00,batch_2025_01.csv
T003397,C00344,P0026,2025-06-07,$805.18,3,,2025-06-09 00:00:00,batch_2025_01.csv
T003010,C00375,P0138,2025-05-25,139.23,5,WELCOME5,2025-05-26 07:00:00,batch_2025_01.csv
T002417,C00033,P0022,02/08/2025,165.69,1,,2025-02-08 07:00:00,batch_2025_01.csv
T002258,C00387,P0145,2025-05-20,$504.38,2,,2025-05-21 05:00:00,batch_2025_01.csv
T004357,C00118,P0103,2025-07-07,682.63,1,,2025-07-08 15:00:00,batch_2025_01.csv
T000824,C00286,P0013,not-a-date,899.34,5,,2025-04-02 17:00:00,batch_2025_01.csv
T001308,C00371,P0131,2025-08-18,82.74,4,SAVE10,2025-08-18 01:00:00,batch_2025_01.csv
T003563,C00229,P0040,2025-04-13,$212.38,5,,2025-04-14 08:00:00,batch_2025_01.csv
T002848,C00444,P0043,2025-06-25,540.63,4,,2025-06-26 00:00:00,batch_2025_01.csv
T002639,,P0080,2025-01-24,498.56,3,SAVE10,2025-01-24 01:00:00,batch_2025_01.csv
T003927,C00356,P0061,2025-04-23,374.79,3,WELCOME5,2025-04-24 00:00:00,batch_2025_01.csv
T002065,C00075,P0102,2025-02-08,51.19,1,SAVE10,2025-02-09 23:00:00,batch_2025_01.csv
T000052,C00305,P0022,04/07/2025,284.15,5,,2025-04-08 18:00:00,batch_2025_01.csv
T003109,C00084,P0110,2025-02-17,$358.48,2,,2025-02-18 04:00:00,batch_2025_01.csv
T002178,C00130,P0097,07/27/2025,215.44,5,SAVE10,2025-07-27 06:00:00,batch_2025_01.csv
T002968,C00461,P0054,2025-04-19,654.88,3,WELCOME5,2025-04-20 18:00:00,batch_2025_01_late.csv
T002718,C00318,P0046,2025-03-18,127.95,2,SAVE10,2025-03-19 06:00:00,batch_2025_01.csv
T004018,C00277,P0113,08/14/2025,$693.16,3,,2025-08-14 04:00:00,batch_2025_01.csv
T000107,C00192,P0087,2025-04-04,$505.59,5,,2025-04-04 10:00:00,batch_2025_01.csv
T000911,C00407,P0049,2025-04-07,$178.98,2,,2025-04-09 03:00:00,batch_2025_01_late.csv
T003075,C00138,P0078,08/03/2025,418.17,1,WELCOME5,2025-08-04 08:00:00,batch_2025_01.csv
T004579,C00150,P0002,2025-02-15,537.53,2,,2025-02-15 06:00:00,batch_2025_01.csv
T003133,C00057,P0122,08/19/2025,315.72,1,WELCOME5,2025-08-20 10:00:00,batch_2025_01.csv
T003154,C00241,P0117,2025-07-13,$828.51,3,,2025-07-13 08:00:00,batch_2025_01.csv
T001196,C00336,P0040,2025-01-28,764.24,4,WELCOME5,2025-01-28 09:00:00,batch_2025_01.csv
T004465,C00132,P0009,2025-08-17,401.92,4,WELCOME5,2025-08-18 20:00:00,batch_2025_01.csv
T002612,C00444,P0005,01/26/2025,317.81,2,,2025-01-26 07:00:00,batch_2025_01.csv
T001349,C00447,P0002,02/23/2025,$247.19,3,,2025-02-24 18:00:00,batch_2025_01_late.csv
T003790,C00058,P0001,2025-02-27,766.29,4,,2025-02-27 02:00:00,batch_2025_01.csv
T003914,C00492,P0129,01/24/2025,$657.46,1,,2025-01-25 18:00:00,batch_2025_01.csv
T000525,C00388,P0022,01/14/2025,108.24,3,,2025-01-14 16:00:00,batch_2025_01.csv
T002575,C00072,P0127,04/27/2025,$187.78,5,SAVE10,2025-04-29 00:00:00,batch_2025_01.csv
T003264,C00290,P0023,06/29/2025,$586.47,5,,2025-06-30 07:00:00,batch_2025_01.csv
T001047,C00090,P0020,2025-02-04,335.41,4,SAVE10,2025-02-05 09:00:00,batch_2025_01.csv
T003181,C00451,P0047,01/13/2025,565.49,3,,2025-01-14 16:00:00,batch_2025_01.csv
T002693,C00290,P0053,03/29/2025,812.30,2,,2025-03-30 16:00:00,batch_2025_01.csv
T000312,C00471,P0093,03/12/2025,$636.53,1,,2025-03-13 00:00:00,batch_2025_01.csv
T001306,C00173,P0087,06/07/2025,535.60,3,SAVE10,2025-06-07 07:00:00,batch_2025_01.csv
T002815,C00407,P0091,2025-03-30,461.92,1,,2025-03-30 23:00:00,batch_2025_01.csv
T003606,C00440,P0081,2025-02-01,327.28,5,,2025-02-02 02:00:00,batch_2025_01.csv
T000374,C00147,P0109,2025-05-14,729.01,1,,2025-05-14 07:00:00,batch_2025_01.csv
T002776,C00172,P0134,08/13/2025,614.98,1,,2025-08-14 08:00:00,batch_2025_01.csv
T001627,C00454,P0087,2025-08-15,889.13,3,SAVE10,2025-08-16 00:00:00,batch_2025_01.csv
T002330,,P0048,2025-04-01,167.35,5,,2025-04-02 02:00:00,batch_2025_01.csv
T003538,C00215,P0045,2025-07-23,175.19,2,,2025-07-23 03:00:00,batch_2025_01.csv
T001900,C00219,P0126,02/22/2025,766.42,1,WELCOME5,2025-02-22 15:00:00,batch_2025_01_late.csv
T003571,C00406,P0080,03/18/2025,823.95,5,SAVE10,2025-03-19 12:00:00,batch_2025_01.csv
T001072,C00372,P0122,not-a-date,890.76,2,SAVE10,2025-02-22 11:00:00,batch_2025_01.csv
T000320,C00312,P0073,2025-01-28,274.24,3,,2025-01-29 07:00:00,batch_2025_01.csv
T000253,C00396,P0051,2025-05-20,661.36,1,,2025-05-20 16:00:00,batch_2025_01.csv
T002407,C00351,P0090,2025-07-16,$71.66,4,,2025-07-16 21:00:00,batch_2025_01.csv
T004626,C99999,P0107,2025-02-13,196.91,2,,2025-02-14 10:00:00,batch_2025_01.csv
T003274,C00254,P0054,02/20/2025,$417.22,3,,2025-02-21 11:00:00,batch_2025_01.csv
T000429,C00307,P0140,02/18/2025,$372.51,5,WELCOME5,2025-02-18 01:00:00,batch_2025_01.csv
T003744,C00451,P0047,2025-07-08,48.31,4,SAVE10,2025-07-08 23:00:00,batch_2025_01.csv
T004686,C00348,P0018,2025-06-17,$285.70,1,SAVE10,2025-06-18 10:00:00,batch_2025_01.csv
T000043,C00488,P0127,2025-05-25,421.85,5,WELCOME5,2025-05-26 14:00:00,batch_2025_01.csv
T002927,C00415,P0120,05/29/2025,886.11,4,SAVE10,2025-05-29 21:00:00,batch_2025_01.csv
T000668,C00021,P0121,2025-05-10,662.26,1,SAVE10,2025-05-10 03:00:00,batch_2025_01.csv
T004888,C00340,P0048,2025-01-17,$358.44,4,,2025-01-17 16:00:00,batch_2025_01.csv
T004319,C00375,P0086,2025-02-19,248.67,3,,2025-02-19 20:00:00,batch_2025_01_late.csv
T001605,C00020,P0037,2025-06-25,812.16,1,SAVE10,2025-06-25 15:00:00,batch_2025_01.csv
T003533,C00374,P0047,06/16/2025,830.57,5,,2025-06-17 22:00:00,batch_2025_01.csv
T002992,C00066,P0035,2025-03-13,768.77,5,,2025-03-13 03:00:00,batch_2025_01.csv
T000922,C00037,P0093,2025-02-21,42.15,3,,2025-02-21 22:00:00,batch_2025_01.csv
T000661,C00193,P0057,2025-05-30,73.59,2,WELCOME5,2025-05-31 08:00:00,batch_2025_01.csv
T004879,C00194,P0016,01/31/2025,49.69,4,SAVE10,2025-01-31 13:00:00,batch_2025_01.csv
T000599,C00339,P0039,2025-03-16,412.05,2,,2025-03-17 01:00:00,batch_2025_01.csv
T003343,C00356,P0054,04/05/2025,872.93,5,WELCOME5,2025-04-06 16:00:00,batch_2025_01.csv
T001250,C00391,P0096,08/04/2025,549.03,4,SAVE10,2025-08-04 02:00:00,batch_2025_01.csv
T000674,C00404,P0021,03/27/2025,$561.45,3,,2025-03-29 00:00:00,batch_2025_01.csv
T001211,C00156,P0086,07/08/2025,,4,,2025-07-08 23:00:00,batch_2025_01.csv
T004250,C00346,P0062,08/17/2025,369.42,3,,2025-08-18 07:00:00,batch_2025_01.csv
T003615,C00363,P0138,01/23/2025,662.60,4,WELCOME5,2025-01-24 16:00:00,batch_2025_01_late.csv
T003889,C00483,P0117,2025-07-18,$805.64,1,SAVE10,2025-07-19 10:00:00,batch_2025_01.csv
T004179,C00184,P0114,2025-05-05,682.79,5,,2025-05-06 15:00:00,batch_2025_01.csv
T002882,C00132,P0130,2025-05-31,389.11,3,,2025-06-02 00:00:00,batch_2025_01.csv
T003537,C00344,P0022,04/23/2025,57.22,5,WELCOME5,2025-04-23 16:00:00,batch_2025_01.csv
T004211,C00256,P0011,2025-01-01,172.97,5,SAVE10,2025-01-02 19:00:00,batch_2025_01.csv
T002733,C00382,P0058,2025-07-14,$345.62,3,SAVE10,2025-07-14 09:00:00,batch_2025_01.csv
T003837,C00144,P0115,2025-01-02,280.10,4,,2025-01-02 19:00:00,batch_2025_01.csv
T004590,C00365,P0116,2025-04-03,350.87,2,,2025-04-03 10:00:00,batch_2025_01.csv
T001797,C00342,P0134,07/26/2025,616.88,1,SAVE10,2025-07-27 21:00:00,batch_2025_01_late.csv
T003891,C00252,P0076,2025-03-23,641.80,2,SAVE10,2025-03-23 10:00:00,batch_2025_01.csv
T000958,C00090,P0082,2019-13-40,880.40,5,SAVE10,2025-06-21 07:00:00,batch_2025_01.csv
T004131,C00469,P0114,2025-02-10,,3,,2025-02-11 08:00:00,batch_2025_01.csv
T000115,C00266,P0054,2025-06-19,508.31,2,SAVE10,2025-06-20 07:00:00,batch_2025_01.csv
T002199,C00233,P0097,2025-06-02,28.85,2,SAVE10,2025-06-02 16:00:00,batch_2025_01.csv
T002663,C00311,P0031,2025-01-28,$872.09,2,WELCOME5,2025-01-29 04:00:00,batch_2025_01.csv
T002732,C00131,P0115,2025-01-03,516.68,5,,2025-01-03 11:00:00,batch_2025_01.csv
T000588,C00323,P0115,03/21/2025,$557.75,5,,2025-03-21 22:00:00,batch_2025_01.csv
T003994,C00155,P0037,2025-05-06,$93.51,4,WELCOME5,2025-05-07 19:00:00,batch_2025_01.csv
T001579,C00402,P0115,2025-06-21,850.06,2,,2025-06-22 12:00:00,batch_2025_01.csv
T004523,C00098,P0089,2025-03-13,,5,,2025-03-14 00:00:00,batch_2025_01.csv
T001333,C00313,P0085,05/19/2025,123.26,4,,2025-05-19 02:00:00,batch_2025_01.csv
T000240,C00316,P0040,2025-03-21,255.50,2,WELCOME5,2025-03-21 06:00:00,batch_2025_01.csv
T002150,C00395,P0108,2025-03-16,$308.16,5,WELCOME5,2025-03-16 10:00:00,batch_2025_01_late.csv
T000776,C00321,P0059,2025-04-29,816.91,1,SAVE10,2025-04-29 13:00:00,batch_2025_01.csv
T000719,C00034,P0078,07/13/2025,603.49,2,WELCOME5,2025-07-13 07:00:00,batch_2025_01.csv
T001390,C00096,P0092,2025-04-30,281.20,5,SAVE10,2025-05-01 11:00:00,batch_2025_01.csv
T003474,C00225,P0010,04/28/2025,846.58,1,SAVE10,2025-04-29 13:00:00,batch_2025_01.csv
T004494,C00226,P0103,07/21/2025,$446.46,4,,2025-07-22 19:00:00,batch_2025_01.csv
T004154,C00304,P0119,2025-06-12,432.39,2,,2025-06-13 07:00:00,batch_2025_01.csv
T002686,C00438,P0104,07/28/2025,526.16,2,WELCOME5,2025-07-29 12:00:00,batch_2025_01.csv
T002271,C00321,P0059,2025-02-09,128.66,4,,2025-02-09 04:00:00,batch_2025_01.csv
T003953,C00230,P0104,2025-07-08,857.22,5,,2025-07-10 00:00:00,batch_2025_01.csv
T001738,C00044,P0038,2025-01-11,697.44,3,,2025-01-12 00:00:00,batch_2025_01.csv
T001571,C00256,P0024,2025-04-13,172.63,1,,2025-04-13 13:00:00,batch_2025_01.csv
T002051,C00149,P0064,2025-05-27,848.17,4,WELCOME5,2025-05-27 22:00:00,batch_2025_01.csv
T003018,C00106,P0049,04/28/2025,$541.28,5,,2025-04-28 09:00:00,batch_2025_01.csv
T001917,C00332,P0017,2025-03-04,364.54,4,WELCOME5,2025-03-04 16:00:00,batch_2025_01_late.csv
T002236,C00094,P0113,2025-07-20,811.80,1,,2025-07-21 13:00:00,batch_2025_01.csv
T001932,C00255,P0084,01/25/2025,892.35,5,WELCOME5,2025-01-26 06:00:00,batch_2025_01.csv
T003401,C00012,P0108,08/23/2025,874.76,4,WELCOME5,2025-08-24 21:00:00,batch_2025_01.csv
T000745,C00011,P0121,2025-03-23,532.49,1,SAVE10,2025-03-24 01:00:00,batch_2025_01.csv
T002777,,P0037,2025-06-18,$274.04,5,,2025-06-19 00:00:00,batch_2025_01.csv
T000702,C00103,P0048,2031-01-01,750.40,3,WELCOME5,2025-03-17 12:00:00,batch_2025_01.csv
T000004,C00073,P0058,07/05/2025,775.25,5,,2025-07-06 20:00:00,batch_2025_01.csv
T004467,C00203,P0112,2025-02-08,416.30,4,WELCOME5,2025-02-09 04:00:00,batch_2025_01.csv
T001213,C00058,P0070,2025-07-06,619.72,2,,2025-07-07 17:00:00,batch_2025_01.csv
T002913,C00267,P0072,2025-08-11,552.59,2,,2025-08-11 02:00:00,batch_2025_01.csv
T003137,C00264,P0056,2025-04-28,433.76,1,WELCOME5,2025-04-28 21:00:00,batch_2025_01.csv
T000369,C00199,P0083,04/09/2025,457.67,2,,2025-04-10 03:00:00,batch_2025_01.csv
T004592,C00086,P0099,01/07/2025,448.74,4,WELCOME5,2025-01-07 07:00:00,batch_2025_01.csv
T001775,C00401,P0072,04/27/2025,$420.47,2,WELCOME5,2025-04-27 12:00:00,batch_2025_01.csv
T000104,C00275,P0003,04/21/2025,$763.68,4,,2025-04-21 09:00:00,batch_2025_01.csv
T001888,C00378,P0012,2025-02-20,661.34,1,SAVE10,2025-02-20 14:00:00,batch_2025_01.csv
T002254,C00170,P0025,2025-07-08,$70.21,4,,2025-07-08 03:00:00,batch_2025_01.csv
T003060,C00285,P0011,2025-04-29,542.13,5,,2025-04-30 10:00:00,batch_2025_01.csv
T002227,C00477,P0139,05/21/2025,457.01,2,SAVE10,2025-05-21 20:00:00,batch_2025_01.csv
T003807,C00351,P0093,2025-04-06,220.49,4,,2025-04-07 20:00:00,batch_2025_01.csv
T002652,,P0123,2025-08-09,851.47,5,SAVE10,2025-08-10 22:00:00,batch_2025_01.csv
T004572,C00491,P0110,03/24/2025,562.45,3,,2025-03-25 03:00:00,batch_2025_01.csv
T002302,C00233,P0071,2025-04-05,129.94,2,SAVE10,2025-04-06 22:00:00,batch_2025_01.csv
T003919,C00297,P0127,2025-01-17,$781.05,2,,2025-01-17 18:00:00,batch_2025_01.csv
T000264,C00053,P0036,2025-01-16,116.34,3,,2025-01-16 15:00:00,batch_2025_01.csv
T002655,C00202,P0060,06/27/2025,$165.32,3,,2025-06-27 22:00:00,batch_2025_01.csv
T004085,C00060,P0018,2025-05-15,,1,,2025-05-16 20:00:00,batch_2025_01.csv
T000532,C00127,P0136,05/06/2025,0.00,3,,2025-05-07 02:00:00,batch_2025_01.csv
T002680,C00434,P0006,not-a-date,159.32,5,,2025-05-20 01:00:00,batch_2025_01.csv
T002434,C00422,P0118,08/27/2025,682.61,5,,2025-08-27 16:00:00,batch_2025_01.csv
T000136,C00349,P0021,2025-05-16,476.75,1,,2025-05-17 22:00:00,batch_2025_01.csv
T002859,C00136,P0144,2025-05-21,418.33,2,,2025-05-21 01:00:00,batch_2025_01.csv
T001168,C00500,P0088,2025-05-04,894.42,5,,2025-05-05 16:00:00,batch_2025_01.csv
T002499,C00037,P0113,2025-04-29,$672.71,1,,2025-04-30 23:00:00,batch_2025_01.csv
T000339,C00449,P0066,2025-06-09,695.95,1,,2025-06-09 04:00:00,batch_2025_01.csv
T003719,C00367,P0110,2025-07-15,883.58,1,SAVE10,2025-07-15 19:00:00,batch_2025_01.csv
T001257,C00170,P0006,08/29/2025,207.83,3,,2025-08-29 19:00:00,batch_2025_01.csv
T003146,C00297,P0131,2025-02-10,153.48,4,SAVE10,2025-02-11 01:00:00,batch_2025_01.csv
T001822,C00214,P0010,06/11/2025,695.61,3,,2025-06-12 00:00:00,batch_2025_01.csv
T004972,C00202,P0106,2025-05-08,546.99,1,SAVE10,2025-05-09 19:00:00,batch_2025_01.csv
T001145,C00019,P0056,2025-02-18,$673.17,5,SAVE10,2025-02-19 03:00:00,batch_2025_01.csv
T000906,C00059,P0037,2025-02-19,$267.19,1,,2025-02-20 17:00:00,batch_2025_01.csv
T001173,C00053,P0150,2025-05-31,715.49,4,SAVE10,2025-05-31 20:00:00,batch_2025_01.csv
T002055,C00297,P0143,2025-05-13,851.66,1,,2025-05-13 16:00:00,batch_2025_01.csv
T000066,C00155,P0032,04/18/2025,50.59,1,SAVE10,2025-04-19 17:00:00,batch_2025_01.csv
T000045,C00029,P0091,2025-03-21,460.54,3,,2025-03-22 06:00:00,batch_2025_01.csv
T000153,C00069,P0100,2025-02-22,224.63,3,,2025-02-22 22:00:00,batch_2025_01.csv
T003389,C00193,P0085,2025-05-13,330.02,5,,2025-05-13 08:00:00,batch_2025_01.csv
T001899,C00174,P0135,2025-03-08,487.51,2,,2025-03-08 17:00:00,batch_2025_01.csv
T003875,C00435,P0019,2025-02-11,868.64,5,SAVE10,2025-02-11 19:00:00,batch_2025_01.csv
T003967,C00341,P0104,2025-01-05,375.45,2,WELCOME5,2025-01-05 10:00:00,batch_2025_01.csv
T002609,C00280,P0141,2031-01-01,79.63,4,,2025-02-08 06:00:00,batch_2025_01.csv
T000840,C00110,P0024,2025-03-21,$464.41,1,,2025-03-22 10:00:00,batch_2025_01.csv
T004604,C00033,P0050,04/20/2025,$236.01,1,WELCOME5,2025-04-20 13:00:00,batch_2025_01.csv
T001629,C00182,P0127,2025-08-17,22.23,3,,2025-08-18 14:00:00,batch_2025_01.csv
T003956,C00415,P0121,2025-08-09,$643.94,5,,2025-08-10 02:00:00,batch_2025_01.csv
T000211,C00141,P0058,2025-02-13,$487.55,4,WELCOME5,2025-02-14 06:00:00,batch_2025_01.csv
T000606,C00370,P0125,2025-02-04,594.87,4,WELCOME5,2025-02-04 06:00:00,batch_2025_01.csv
T002041,C00266,P0023,02/15/2025,601.32,3,,2025-02-15 12:00:00,batch_2025_01.csv
T001355,C00266,P0065,02/23/2025,$429.12,2,,2025-02-23 22:00:00,batch_2025_01.csv
T004664,C00235,P0058,2025-08-09,,3,,2025-08-09 17:00:00,batch_2025_01.csv
T002263,C00359,P0044,07/23/2025,96.29,3,WELCOME5,2025-07-24 15:00:00,batch_2025_01.csv
T004323,C00417,P0150,2025-06-14,777.61,5,WELCOME5,2025-06-15 20:00:00,batch_2025_01.csv
T003059,,P0002,2025-04-22,$714.06,3,SAVE10,2025-04-22 19:00:00,batch_2025_01.csv
T001919,C00153,P0041,08/14/2025,26.47,5,SAVE10,2025-08-15 03:00:00,batch_2025_01.csv
T003918,C00354,P0119,05/07/2025,60.86,1,,2025-05-07 13:00:00,batch_2025_01_late.csv
T001612,C00453,P0107,04/26/2025,418.84,3,,2025-04-27 05:00:00,batch_2025_01.csv
T003442,C00466,P0077,01/19/2025,501.77,2,,2025-01-19 22:00:00,batch_2025_01.csv
T003916,C00031,P0109,2025-04-29,$363.85,3,SAVE10,2025-04-29 02:00:00,batch_2025_01.csv
T004804,C00100,P0038,2025-07-23,703.28,5,SAVE10,2025-07-24 00:00:00,batch_2025_01.csv
T004049,C00475,P0057,2025-02-16,182.54,5,SAVE10,2025-02-16 21:00:00,batch_2025_01.csv
T002662,C00484,P0038,01/28/2025,438.07,4,SAVE10,2025-01-28 05:00:00,batch_2025_01.csv
T003309,C00310,P0046,2025-04-28,634.74,3,,2025-04-29 07:00:00,batch_2025_01.csv
T002832,C00348,P0036,2025-08-18,,3,SAVE10,2025-08-18 13:00:00,batch_2025_01.csv
T004671,C00379,P0082,03/23/2025,$427.05,1,,2025-03-23 15:00:00,batch_2025_01.csv
T002255,C00183,P0063,2025-07-15,13.01,3,,2025-07-16 11:00:00,batch_2025_01.csv
T004262,C00461,P0073,2025-07-17,114.61,1,,2025-07-17 17:00:00,batch_2025_01.csv
T002861,C00289,P9999,2025-06-04,-45.00,2,,2025-06-05 00:00:00,batch_2025_01.csv
T000931,C00323,P0147,04/08/2025,781.31,4,,2025-04-08 14:00:00,batch_2025_01.csv
T000968,C00140,P0124,2025-04-03,79.37,4,WELCOME5,2025-04-04 02:00:00,batch_2025_01.csv
T003082,C00199,P0058,2025-01-06,49.11,5,WELCOME5,2025-01-06 09:00:00,batch_2025_01.csv
T003344,C00168,P0005,2025-08-26,795.59,3,SAVE10,2025-08-26 18:00:00,batch_2025_01.csv
T000605,C00431,P0107,2025-08-12,145.61,1,,2025-08-13 19:00:00,batch_2025_01.csv
T002383,C00170,P0103,2025-01-28,519.67,1,,2025-01-28 14:00:00,batch_2025_01.csv
T001449,C00186,P0075,2025-07-03,281.54,4,,2025-07-03 11:00:00,batch_2025_01.csv
T004552,C00132,P0036,2025-05-25,86.74,3,,2025-05-25 11:00:00,batch_2025_01.csv
T000579,C00013,P0124,2025-02-09,815.22,5,,2025-02-09 13:00:00,batch_2025_01.csv
T001499,C00098,P0054,2025-07-24,886.76,1,SAVE10,2025-07-25 09:00:00,batch_2025_01.csv
T003043,C00379,P0080,not-a-date,804.93,1,SAVE10,2025-01-01 09:00:00,batch_2025_01.csv
T002863,C99999,P0011,2025-05-24,$173.95,4,SAVE10,2025-05-24 09:00:00,batch_2025_01.csv
T003091,C00033,P0132,2025-04-01,$668.05,5,WELCOME5,2025-04-02 15:00:00,batch_2025_01.csv
T000878,C00181,P0097,2025-04-02,$746.10,1,,2025-04-03 01:00:00,batch_2025_01.csv
T003167,C00368,P0054,08/05/2025,$605.13,5,,2025-08-06 06:00:00,batch_2025_01.csv
T000936,C00490,P0053,2019-13-40,$123.90,4,,2025-02-22 20:00:00,batch_2025_01.csv
T004069,C00045,P0038,03/12/2025,295.48,3,SAVE10,2025-03-12 12:00:00,batch_2025_01.csv
T004640,C00216,P0100,01/07/2025,$109.89,4,,2025-01-08 01:00:00,batch_2025_01.csv
T004602,C00086,P0117,04/24/2025,579.99,2,WELCOME5,2025-04-24 16:00:00,batch_2025_01.csv
T001439,C00126,P0114,07/23/2025,$890.82,1,WELCOME5,2025-07-23 12:00:00,batch_2025_01.csv
T001215,C00100,P0097,2025-03-12,577.75,4,WELCOME5,2025-03-13 17:00:00,batch_2025_01.csv
T000298,C00294,P0061,01/21/2025,$432.83,5,WELCOME5,2025-01-22 02:00:00,batch_2025_01.csv
T002501,C00008,P0085,05/16/2025,677.55,3,,2025-05-16 20:00:00,batch_2025_01.csv
T003360,C00402,P0127,2025-08-08,$869.84,2,,2025-08-09 00:00:00,batch_2025_01.csv
T003414,C00259,P0085,2025-06-26,396.60,4,,2025-06-26 23:00:00,batch_2025_01_late.csv
T002570,C00381,P0126,07/10/2025,620.20,3,,2025-07-10 10:00:00,batch_2025_01.csv
T003162,C00083,P0073,2025-06-22,850.92,4,WELCOME5,2025-06-23 01:00:00,batch_2025_01.csv
T003617,C00389,P0042,2025-02-15,,2,SAVE10,2025-02-16 10:00:00,batch_2025_01.csv
T003603,C00165,P0060,07/28/2025,$463.54,1,WELCOME5,2025-07-28 03:00:00,batch_2025_01.csv
T004969,C00438,P0124,2025-02-22,295.82,5,SAVE10,2025-02-23 19:00:00,batch_2025_01.csv
T003357,C00245,P0013,02/26/2025,408.06,3,SAVE10,2025-02-26 08:00:00,batch_2025_01.csv
T003180,C00089,P0135,2025-03-01,582.18,3,WELCOME5,2025-03-01 22:00:00,batch_2025_01.csv
T000938,C00004,P0037,2025-07-31,405.59,3,WELCOME5,2025-08-01 02:00:00,batch_2025_01.csv
T002099,C00421,P0145,2025-08-08,683.50,1,,2025-08-09 22:00:00,batch_2025_01.csv
T002451,C00401,P0118,2025-06-24,281.84,5,WELCOME5,2025-06-25 08:00:00,batch_2025_01.csv
T000275,C00015,P0091,2025-05-25,853.22,4,WELCOME5,2025-05-25 10:00:00,batch_2025_01.csv
T002021,C00233,P0028,2025-03-25,$299.48,3,WELCOME5,2025-03-25 13:00:00,batch_2025_01.csv
T002450,C00156,P0017,2025-05-27,689.91,1,WELCOME5,2025-05-28 16:00:00,batch_2025_01.csv
T002522,C00018,P0027,06/28/2025,564.12,2,,2025-06-29 06:00:00,batch_2025_01.csv
T001865,C00371,P0032,2025-03-25,$782.97,3,SAVE10,2025-03-26 03:00:00,batch_2025_01.csv
T000042,C00180,P0038,2025-02-07,$218.75,1,,2025-02-07 17:00:00,batch_2025_01.csv
T000474,C00269,P0137,2025-03-30,284.22,4,,2025-03-31 07:00:00,batch_2025_01.csv
T003630,C00071,P0096,2025-03-16,$860.13,3,,2025-03-16 22:00:00,batch_2025_01.csv
T002444,C00497,P0108,2025-05-17,$524.96,3,SAVE10,2025-05-18 18:00:00,batch_2025_01.csv
T001892,C00118,P0043,2025-05-14,$245.40,5,WELCOME5,2025-05-15 22:00:00,batch_2025_01.csv
T000818,C00119,P0016,2025-04-19,479.25,4,SAVE10,2025-04-20 13:00:00,batch_2025_01.csv
T000203,C00096,P0094,2025-04-28,298.78,5,,2025-04-28 08:00:00,batch_2025_01.csv
T001766,C00113,P0150,06/03/2025,583.35,4,,2025-06-04 10:00:00,batch_2025_01.csv
T003900,C00036,P0052,2025-07-16,$199.19,4,SAVE10,2025-07-17 20:00:00,batch_2025_01.csv
T000102,C00264,P0120,2025-03-20,452.89,5,SAVE10,2025-03-21 08:00:00,batch_2025_01.csv
T004077,C00263,P0057,2025-08-21,$244.59,4,WELCOME5,2025-08-21 13:00:00,batch_2025_01.csv
T001982,C00195,P0029,04/19/2025,203.23,3,,2025-04-19 16:00:00,batch_2025_01.csv
T004937,C00319,P0019,02/25/2025,$35.34,1,WELCOME5,2025-02-25 12:00:00,batch_2025_01.csv
T003477,C00228,P0103,04/01/2025,611.76,2,,2025-04-01 13:00:00,batch_2025_01.csv
T001722,C00496,P0020,2025-05-05,$185.62,2,SAVE10,2025-05-05 16:00:00,batch_2025_01.csv
T004273,C00076,P0047,05/29/2025,N/A,2,SAVE10,2025-05-30 19:00:00,batch_2025_01.csv
T003986,C00239,P0036,2025-08-02,806.53,3,WELCOME5,2025-08-02 21:00:00,batch_2025_01_late.csv
T002821,C00205,P0072,2025-06-27,568.48,5,,2025-06-29 00:00:00,batch_2025_01.csv
T003161,C00438,P0061,2025-07-19,,3,,2025-07-19 18:00:00,batch_2025_01.csv
T000336,C00373,P0134,03/28/2025,539.96,3,SAVE10,2025-03-29 04:00:00,batch_2025_01.csv
T000662,C00233,P0046,02/04/2025,$353.50,3,,2025-02-05 06:00:00,batch_2025_01.csv
T003830,C00211,P0109,2025-06-06,$808.18,5,,2025-06-07 12:00:00,batch_2025_01.csv
T000706,C00445,P0067,05/02/2025,568.17,5,,2025-05-03 21:00:00,batch_2025_01.csv
T004449,C00067,P0122,08/16/2025,$890.10,5,,2025-08-16 18:00:00,batch_2025_01.csv
T000143,C00335,P0090,2025-05-18,$113.82,2,,2025-05-19 02:00:00,batch_2025_01.csv
T002328,C00108,P0056,02/09/2025,884.08,5,,2025-02-09 10:00:00,batch_2025_01.csv
T002057,C00453,P0012,2025-05-22,244.66,4,WELCOME5,2025-05-23 08:00:00,batch_2025_01.csv
T002022,C00454,P0055,05/02/2025,$737.24,2,SAVE10,2025-05-03 23:00:00,batch_2025_01.csv
T000384,C00035,P0130,2025-05-20,150.16,2,,2025-05-21 11:00:00,batch_2025_01.csv
T003632,C00291,P0127,2025-04-28,366.10,3,SAVE10,2025-04-28 16:00:00,batch_2025_01.csv
T003163,C00103,P0047,2025-01-23,121.45,5,,2025-01-24 14:00:00,batch_2025_01.csv
T001155,C00430,P0107,2025-01-02,608.58,3,WELCOME5,2025-01-03 03:00:00,batch_2025_01.csv
T002747,C00478,P0035,2025-02-16,171.27,5,,2025-02-17 03:00:00,batch_2025_01.csv
T001891,C00090,P0108,2025-07-15,104.80,1,SAVE10,2025-07-15 11:00:00,batch_2025_01.csv
T002259,C00088,P0109,2025-04-12,286.02,4,,2025-04-12 03:00:00,batch_2025_01.csv
T002736,C00047,P0101,03/02/2025,$655.69,1,WELCOME5,2025-03-02 21:00:00,batch_2025_01.csv
T001844,C00442,P0119,2025-08-04,$84.02,1,WELCOME5,2025-08-04 07:00:00,batch_2025_01.csv
T004509,C00499,P0064,02/22/2025,$594.09,5,SAVE10,2025-02-23 11:00:00,batch_2025_01.csv
T003297,C00408,P9999,2025-02-26,110.51,2,,2025-02-27 21:00:00,batch_2025_01.csv
T002928,C00255,P0081,2025-06-01,287.98,5,WELCOME5,2025-06-02 10:00:00,batch_2025_01.csv
T004818,C00055,P0098,2025-02-04,802.96,4,SAVE10,2025-02-04 20:00:00,batch_2025_01.csv
T001021,C00331,P0112,2025-02-02,$274.14,5,,2025-02-02 07:00:00,batch_2025_01.csv
T004441,C00227,P0108,2025-07-23,$445.41,3,,2025-07-23 18:00:00,batch_2025_01.csv
T002059,C00183,P0048,05/17/2025,$219.22,1,,2025-05-18 02:00:00,batch_2025_01.csv
T002491,C00478,P0042,04/12/2025,536.50,2,,2025-04-13 14:00:00,batch_2025_01.csv
T001850,C00049,P0068,2025-03-23,693.05,1,,2025-03-23 08:00:00,batch_2025_01.csv
T003983,C00247,P0148,01/07/2025,537.45,2,SAVE10,2025-01-07 04:00:00,batch_2025_01.csv
T001469,C00110,P0079,2025-03-23,$455.59,5,,2025-03-24 10:00:00,batch_2025_01.csv
T003628,C00051,P0097,2025-05-23,$449.66,4,,2025-05-24 07:00:00,batch_2025_01.csv
T000722,C00420,P0149,05/16/2025,688.81,2,WELCOME5,2025-05-16 14:00:00,batch_2025_01.csv
T001797,C00342,P0134,07/26/2025,616.88,1,SAVE10,2025-07-27 15:00:00,batch_2025_01.csv
T002725,C00071,P0052,2025-04-10,0.00,1,,2025-04-10 23:00:00,batch_2025_01.csv
T001436,C00128,P0043,2025-05-01,515.82,5,SAVE10,2025-05-02 20:00:00,batch_2025_01.csv
T000766,C00283,P0099,06/29/2025,$283.87,5,,2025-06-30 00:00:00,batch_2025_01.csv
T001042,C00395,P0081,2025-06-12,761.96,1,,2025-06-12 06:00:00,batch_2025_01.csv
T004838,C00054,P0016,2025-05-04,555.95,2,WELCOME5,2025-05-04 17:00:00,batch_2025_01.csv
T000031,C00073,P0008,2025-05-16,89.85,2,,2025-05-16 14:00:00,batch_2025_01.csv
T004603,C00014,P0031,2025-05-21,763.30,1,,2025-05-21 16:00:00,batch_2025_01.csv
T000168,C00099,P0135,04/01/2025,233.16,4,SAVE10,2025-04-01 18:00:00,batch_2025_01.csv
T000163,C00470,P0139,2025-01-16,891.37,1,,2025-01-17 10:00:00,batch_2025_01.csv
T000540,C00227,P0071,2025-02-18,143.55,5,WELCOME5,2025-02-18 07:00:00,batch_2025_01.csv
T003815,C00243,P0042,2025-08-27,$619.98,2,,2025-08-28 17:00:00,batch_2025_01.csv
T001377,C00214,P0016,2025-07-31,65.94,2,SAVE10,2025-08-01 09:00:00,batch_2025_01.csv
T003232,C00300,P0060,2025-01-21,297.17,3,,2025-01-22 07:00:00,batch_2025_01.csv
T002539,C00430,P0070,2025-02-25,96.94,2,WELCOME5,2025-02-25 11:00:00,batch_2025_01.csv
T004576,C00283,P0001,2025-06-22,$89.22,1,SAVE10,2025-06-22 11:00:00,batch_2025_01.csv
T000583,C00296,P0080,2025-02-23,577.85,5,,2025-02-23 21:00:00,batch_2025_01.csv
T000395,C00145,P0113,2025-07-30,348.22,2,,2025-07-31 19:00:00,batch_2025_01.csv
T002545,C00221,P0026,2025-02-25,621.29,4,SAVE10,2025-02-25 04:00:00,batch_2025_01.csv
T003905,C00081,P0049,2025-05-27,112.38,1,WELCOME5,2025-05-27 07:00:00,batch_2025_01.csv
T003823,C00195,P0137,06/23/2025,110.77,5,,2025-06-24 01:00:00,batch_2025_01.csv
T003568,C00387,P0123,2025-05-10,530.26,5,,2025-05-10 11:00:00,batch_2025_01.csv
T002792,C00155,P0032,2025-05-15,228.38,3,WELCOME5,2025-05-15 12:00:00,batch_2025_01.csv
T002158,C00327,P0109,07/06/2025,75.92,5,,2025-07-06 08:00:00,batch_2025_01.csv
T004236,C00468,P0048,2025-07-01,751.00,4,SAVE10,2025-07-02 13:00:00,batch_2025_01.csv
T000883,C00290,P0045,2025-02-02,66.30,5,,2025-02-04 00:00:00,batch_2025_01.csv
T001880,C00211,P0012,04/16/2025,190.82,5,SAVE10,2025-04-17 11:00:00,batch_2025_01.csv
T002245,C00178,P0063,2025-06-25,819.10,4,,2025-06-26 13:00:00,batch_2025_01.csv
T000694,C00168,P0015,2025-02-19,$550.47,3,,2025-02-20 14:00:00,batch_2025_01.csv
T004428,C00432,P0065,2025-04-23,426.11,3,,2025-04-24 13:00:00,batch_2025_01.csv
T001376,C00171,P0082,02/13/2025,808.78,1,SAVE10,2025-02-14 14:00:00,batch_2025_01.csv
T002412,C00474,P0106,2025-02-08,$202.78,5,SAVE10,2025-02-09 14:00:00,batch_2025_01.csv
T000628,C00129,P0050,2025-06-08,$38.37,2,WELCOME5,2025-06-08 06:00:00,batch_2025_01.csv
T002068,C00070,P9999,08/25/2025,598.25,2,WELCOME5,2025-08-26 10:00:00,batch_2025_01.csv
T001179,C00408,P0083,2025-05-24,$809.68,5,,2025-05-24 05:00:00,batch_2025_01.csv
T001705,C00072,P0053,04/12/2025,743.62,5,WELCOME5,2025-04-12 06:00:00,batch_2025_01.csv
T002119,C00217,P0029,01/12/2025,$324.31,2,SAVE10,2025-01-13 08:00:00,batch_2025_01.csv
T003591,C00128,P0084,06/18/2025,291.74,2,,2025-06-18 04:00:00,batch_2025_01.csv
T004841,C00169,P0125,05/03/2025,$680.85,4,SAVE10,2025-05-03 19:00:00,batch_2025_01.csv
T001616,C00027,P0052,2025-05-22,201.72,4,,2025-05-22 11:00:00,batch_2025_01.csv
T003189,C00354,P0026,05/03/2025,462.11,5,WELCOME5,2025-05-04 02:00:00,batch_2025_01.csv
T004419,C00016,P0087,2025-07-26,32.99,5,,2025-07-27 08:00:00,batch_2025_01.csv
T003971,C00385,P0107,06/30/2025,827.79,2,,2025-07-01 10:00:00,batch_2025_01_late.csv
T003328,C00276,P0059,2025-03-07,857.43,5,SAVE10,2025-03-07 14:00:00,batch_2025_01.csv
T003691,C00072,P0050,03/19/2025,481.52,5,,2025-03-20 19:00:00,batch_2025_01.csv
T002763,C00416,P0014,2025-07-20,$630.06,4,WELCOME5,2025-07-21 21:00:00,batch_2025_01.csv
T002449,C00297,P0006,2025-06-10,$404.99,4,WELCOME5,2025-06-11 07:00:00,batch_2025_01.csv
T004378,C00443,P0017,2025-05-03,202.22,2,WELCOME5,2025-05-04 06:00:00,batch_2025_01.csv
T001947,C00249,P0125,05/24/2025,0.00,5,,2025-05-25 18:00:00,batch_2025_01.csv
T000069,C00489,P0135,2025-07-21,493.32,4,,2025-07-22 09:00:00,batch_2025_01.csv
T000733,C00322,P0035,07/08/2025,34.51,1,,2025-07-08 04:00:00,batch_2025_01.csv
T000301,C00422,P0038,03/08/2025,752.02,1,,2025-03-08 21:00:00,batch_2025_01.csv
T004353,C00184,P0019,2025-07-30,$552.91,3,,2025-07-30 17:00:00,batch_2025_01.csv
T000002,C00103,P0034,2025-08-13,709.57,2,,2025-08-14 00:00:00,batch_2025_01.csv
T004783,C00348,P0133,2025-08-08,482.40,5,WELCOME5,2025-08-08 21:00:00,batch_2025_01.csv
T004163,C00061,P0008,2025-03-10,738.25,5,,2025-03-10 03:00:00,batch_2025_01.csv
T002993,C00095,P0046,2025-04-07,50.09,5,,2025-04-07 09:00:00,batch_2025_01.csv
T004778,C00412,P0113,2025-04-02,248.68,2,,2025-04-03 09:00:00,batch_2025_01.csv
T003182,C00325,P0114,01/23/2025,380.11,5,,2025-01-23 16:00:00,batch_2025_01.csv
T003733,C00265,P0001,2025-03-17,,1,WELCOME5,2025-03-17 07:00:00,batch_2025_01.csv
T001667,C00310,P0031,01/16/2025,$271.69,5,,2025-01-18 00:00:00,batch_2025_01.csv
T000242,C00030,P0063,2025-04-22,$84.90,3,,2025-04-22 08:00:00,batch_2025_01.csv
T003236,C00132,P0026,2025-04-19,$163.03,5,SAVE10,2025-04-19 02:00:00,batch_2025_01.csv
T000135,C00192,P0107,not-a-date,634.13,2,,2025-08-23 07:00:00,batch_2025_01.csv
T001859,C00314,P0100,2025-05-16,179.68,5,SAVE10,2025-05-16 19:00:00,batch_2025_01.csv
T002660,C00361,P0008,2025-07-20,223.19,4,,2025-07-21 10:00:00,batch_2025_01.csv
T000828,C00401,P0027,2025-01-11,$742.66,2,,2025-01-12 09:00:00,batch_2025_01.csv
T003441,C00489,P0022,08/12/2025,725.58,2,,2025-08-13 09:00:00,batch_2025_01.csv
T001391,C00304,P0148,2025-07-07,627.49,3,WELCOME5,2025-07-08 02:00:00,batch_2025_01.csv
T001090,C00128,P0022,2025-08-29,$246.75,1,,2025-08-30 17:00:00,batch_2025_01.csv
T004506,C00292,P0101,2025-01-20,$101.07,3,,2025-01-20 18:00:00,batch_2025_01.csv
T002243,C00024,P0130,2025-07-14,$553.52,5,,2025-07-14 19:00:00,batch_2025_01.csv
T002654,C00428,P0122,2025-04-15,$549.78,5,WELCOME5,2025-04-16 19:00:00,batch_2025_01.csv
T001535,C00430,P0066,2025-04-30,108.65,4,,2025-05-01 04:00:00,batch_2025_01.csv
T003402,C00048,P0005,07/12/2025,$60.52,2,,2025-07-13 21:00:00,batch_2025_01.csv
T003931,C00130,P0021,2025-02-15,337.93,2,SAVE10,2025-02-16 11:00:00,batch_2025_01.csv
T004516,C00161,P0033,02/18/2025,754.32,1,,2025-02-19 11:00:00,batch_2025_01.csv
T002320,C00078,P0114,06/07/2025,$210.34,2,,2025-06-07 13:00:00,batch_2025_01.csv
T004885,C00035,P0082,04/18/2025,463.17,4,,2025-04-18 18:00:00,batch_2025_01.csv
T001846,C99999,P0080,2025-04-19,487.08,3,,2025-04-19 19:00:00,batch_2025_01.csv
T001586,C00274,P0008,2025-03-19,50.11,1,SAVE10,2025-03-20 01:00:00,batch_2025_01.csv
T002095,C00422,P0039,2025-05-30,78.41,4,,2025-05-30 05:00:00,batch_2025_01.csv
T002113,C00226,P0130,2025-08-27,341.43,1,,2025-08-27 01:00:00,batch_2025_01.csv
T004562,C00476,P0002,2025-05-25,$614.57,5,,2025-05-26 17:00:00,batch_2025_01.csv
T002032,C00301,P0060,2025-03-02,72.89,1,,2025-03-02 09:00:00,batch_2025_01.csv
T000844,C00366,P0137,2025-03-01,$761.29,5,,2025-03-01 23:00:00,batch_2025_01.csv
T002062,C00012,P0039,02/12/2025,$581.48,1,,2025-02-13 23:00:00,batch_2025_01.csv
T003073,C00215,P0144,2025-05-31,69.65,1,WELCOME5,2025-06-01 12:00:00,batch_2025_01.csv
T002327,C00441,P0067,2025-05-03,$703.18,2,,2025-05-03 13:00:00,batch_2025_01.csv
T001963,C00073,P0145,2025-03-29,552.13,2,SAVE10,2025-03-29 02:00:00,batch_2025_01.csv
T002250,C00011,P0001,04/28/2025,358.23,3,,2025-04-29 01:00:00,batch_2025_01.csv
T002981,C00254,P9999,2025-05-12,,3,WELCOME5,2025-05-12 13:00:00,batch_2025_01.csv
T000116,C00468,P0137,04/01/2025,$313.36,3,WELCOME5,2025-04-02 20:00:00,batch_2025_01.csv
T003960,,P0148,2025-04-17,115.77,3,,2025-04-17 08:00:00,batch_2025_01.csv
T002112,C00389,P0031,2025-08-14,$410.55,2,WELCOME5,2025-08-14 23:00:00,batch_2025_01.csv
T002724,C00059,P0004,2025-07-22,$581.48,4,,2025-07-23 16:00:00,batch_2025_01.csv
T003791,C00444,P0015,2025-02-02,$808.76,4,,2025-02-02 10:00:00,batch_2025_01.csv
T004220,C00361,P0086,2025-07-27,230.39,3,,2025-07-27 21:00:00,batch_2025_01.csv
T001393,C00216,P0110,2025-05-28,698.47,2,,2025-05-29 02:00:00,batch_2025_01.csv
T000535,C00374,P0098,06/23/2025,$472.48,4,,2025-06-24 16:00:00,batch_2025_01.csv
T004336,C00417,P0115,01/08/2025,$430.89,2,WELCOME5,2025-01-08 20:00:00,batch_2025_01.csv
T004359,C00432,P0129,04/30/2025,709.87,2,,2025-04-30 03:00:00,batch_2025_01.csv
T002270,C00370,P0123,2025-01-14,$152.96,5,,2025-01-14 12:00:00,batch_2025_01.csv
T004597,C00040,P0134,2025-01-20,258.66,3,,2025-01-20 04:00:00,batch_2025_01.csv
T001222,C00080,P0023,2025-02-06,$644.17,1,,2025-02-07 23:00:00,batch_2025_01.csv
T003320,C00430,P0084,2025-06-25,$891.19,2,SAVE10,2025-06-26 17:00:00,batch_2025_01.csv
T000534,C00484,P0143,2025-02-27,854.61,2,,2025-02-27 10:00:00,batch_2025_01.csv
T001639,C00403,P0028,2025-01-15,554.41,1,,2025-01-16 22:00:00,batch_2025_01.csv
T002103,C00053,P0106,2025-01-26,818.00,1,SAVE10,2025-01-26 10:00:00,batch_2025_01.csv
T001944,C00448,P0015,2025-02-22,472.07,1,,2025-02-23 00:00:00,batch_2025_01.csv
T004959,C00023,P0141,02/01/2025,648.54,3,,2025-02-01 02:00:00,batch_2025_01.csv
T000224,C00051,P0118,2025-08-26,,4,,2025-08-26 11:00:00,batch_2025_01.csv
T000159,C00469,P0053,2025-04-16,338.67,2,,2025-04-16 03:00:00,batch_2025_01.csv
T004133,C00003,P0109,2025-04-15,$461.11,5,SAVE10,2025-04-16 09:00:00,batch_2025_01.csv
T001274,C00119,P0079,2025-02-23,669.78,2,,2025-02-23 08:00:00,batch_2025_01.csv
T003647,C00468,P0137,2025-02-09,$36.16,1,,2025-02-10 01:00:00,batch_2025_01.csv
T002179,C00364,P0065,02/03/2025,$164.13,5,SAVE10,2025-02-03 14:00:00,batch_2025_01.csv
T001324,C00223,P0018,06/06/2025,445.70,3,WELCOME5,2025-06-06 14:00:00,batch_2025_01.csv
T001457,C00139,P0142,2025-08-05,865.80,1,SAVE10,2025-08-07 00:00:00,batch_2025_01.csv
T001607,C00480,P0147,2025-03-14,583.15,2,SAVE10,2025-03-15 20:00:00,batch_2025_01.csv
T001761,C00074,P0020,2025-06-28,$544.05,2,,2025-06-29 20:00:00,batch_2025_01.csv
T000436,C00223,P0023,2025-02-26,65.16,4,SAVE10,2025-02-27 00:00:00,batch_2025_01.csv
T004810,C00423,P0073,2025-06-20,706.34,1,SAVE10,2025-06-21 08:00:00,batch_2025_01.csv
T000027,C00160,P0091,2025-05-10,100.41,1,,2025-05-10 14:00:00,batch_2025_01.csv
T002800,C00426,P0060,08/27/2025,35.63,1,WELCOME5,2025-08-28 08:00:00,batch_2025_01.csv
T002080,C00219,P0006,02/03/2025,$375.81,1,,2025-02-03 09:00:00,batch_2025_01.csv
T001167,C00414,P0042,2025-01-03,$168.39,1,,2025-01-03 12:00:00,batch_2025_01.csv
T002896,C00206,P0034,2025-04-18,14.61,4,WELCOME5,2025-04-18 21:00:00,batch_2025_01.csv
T001778,C00403,P0148,07/11/2025,N/A,4,,2025-07-12 02:00:00,batch_2025_01.csv
T000149,C99999,P0037,2025-05-14,887.24,5,WELCOME5,2025-05-14 15:00:00,batch_2025_01.csv
T002121,C00409,P0102,06/13/2025,170.10,3,WELCOME5,2025-06-13 03:00:00,batch_2025_01.csv
T001169,C00475,P0032,2025-01-08,$180.02,2,,2025-01-09 11:00:00,batch_2025_01.csv
T004869,C00384,P0079,01/16/2025,10.02,4,,2025-01-18 00:00:00,batch_2025_01.csv
T003159,C00348,P0149,2025-05-02,$527.65,4,,2025-05-02 07:00:00,batch_2025_01.csv
T000609,C00211,P0140,2025-01-09,$522.11,1,WELCOME5,2025-01-09 03:00:00,batch_2025_01.csv
T002997,C00065,P0056,2025-05-09,279.42,5,SAVE10,2025-05-10 02:00:00,batch_2025_01.csv
T004803,C00185,P0114,2025-08-01,97.43,2,,2025-08-02 09:00:00,batch_2025_01.csv
T004926,C00418,P0093,2025-03-24,$445.09,1,,2025-03-25 11:00:00,batch_2025_01.csv
T001634,C00412,P0132,2025-07-20,769.43,3,,2025-07-21 04:00:00,batch_2025_01.csv
T003496,C00102,P0063,2025-01-16,296.69,5,,2025-01-16 07:00:00,batch_2025_01.csv
T001498,C00063,P0042,01/31/2025,682.89,3,SAVE10,2025-02-01 08:00:00,batch_2025_01.csv
T004545,C00146,P0104,2025-04-16,$337.75,3,SAVE10,2025-04-16 08:00:00,batch_2025_01.csv
T003021,C00232,P0007,2025-08-16,375.23,5,,2025-08-17 12:00:00,batch_2025_01.csv
T003423,C00111,P0015,2025-03-26,$739.51,4,SAVE10,2025-03-27 23:00:00,batch_2025_01.csv
T001682,C00298,P0095,2025-08-01,462.16,1,WELCOME5,2025-08-01 11:00:00,batch_2025_01.csv
T000660,C00383,P0084,2025-01-29,213.22,4,,2025-01-29 21:00:00,batch_2025_01.csv
T003169,C00096,P0028,2025-04-14,261.05,4,,2025-04-15 07:00:00,batch_2025_01.csv
T004010,C00369,P0048,2025-07-06,$159.65,3,WELCOME5,2025-07-06 14:00:00,batch_2025_01.csv
T003547,C00497,P0034,2025-07-24,333.73,4,WELCOME5,2025-07-24 02:00:00,batch_2025_01.csv
T000823,C00103,P0041,01/26/2025,548.33,2,,2025-01-27 03:00:00,batch_2025_01.csv
T001279,C00415,P0056,03/29/2025,683.47,4,,2025-03-30 23:00:00,batch_2025_01.csv
T004328,C00224,P0129,2025-05-14,$466.03,5,,2025-05-15 02:00:00,batch_2025_01.csv
T001101,C00393,P0099,2025-05-07,322.53,5,,2025-05-08 04:00:00,batch_2025_01.csv
T003764,C00037,P0097,03/21/2025,$433.44,4,,2025-03-21 14:00:00,batch_2025_01.csv
T004760,C00394,P0004,2025-01-19,,1,SAVE10,2025-01-20 14:00:00,batch_2025_01.csv
T003100,C00324,P0110,2025-03-04,$190.41,1,WELCOME5,2025-03-04 09:00:00,batch_2025_01.csv
T003380,C00199,P0097,2025-05-05,36.75,5,WELCOME5,2025-05-05 20:00:00,batch_2025_01.csv
T004522,C00430,P0073,2025-03-12,66.47,5,,2025-03-12 11:00:00,batch_2025_01.csv
T003810,C00188,P0044,2025-04-30,,4,,2025-05-01 18:00:00,batch_2025_01.csv
T000356,C00430,P0143,2025-06-06,803.72,5,SAVE10,2025-06-06 04:00:00,batch_2025_01.csv
T002433,C00088,P0145,2025-01-16,$692.44,4,,2025-01-16 04:00:00,batch_2025_01.csv
T003845,,P0097,2025-05-13,807.06,3,WELCOME5,2025-05-14 15:00:00,batch_2025_01.csv
T000765,C00331,P0009,2025-06-19,$758.59,2,,2025-06-19 04:00:00,batch_2025_01.csv
T001726,C00224,P0143,2025-01-18,634.23,3,SAVE10,2025-01-18 05:00:00,batch_2025_01.csv
T002053,C00096,P0147,2025-01-18,163.50,5,SAVE10,2025-01-18 11:00:00,batch_2025_01.csv
T001734,C00085,P0064,2025-04-16,567.23,3,SAVE10,2025-04-17 17:00:00,batch_2025_01.csv
T002520,C00279,P0108,2025-06-16,897.12,2,,2025-06-17 01:00:00,batch_2025_01.csv
T001467,C00004,P0082,2025-05-11,804.88,4,,2025-05-12 07:00:00,batch_2025_01.csv
T000636,C00137,P0039,2025-08-20,$632.45,4,SAVE10,2025-08-21 02:00:00,batch_2025_01.csv
T000565,C00045,P0124,2025-06-04,$653.87,3,,2025-06-05 22:00:00,batch_2025_01.csv
T003455,C00267,P9999,2025-06-14,469.48,4,SAVE10,2025-06-14 22:00:00,batch_2025_01.csv
T003238,C00124,P0006,2025-03-02,712.77,4,SAVE10,2025-03-03 16:00:00,batch_2025_01.csv
T002182,C00365,P0148,2025-02-24,504.88,1,,2025-02-24 11:00:00,batch_2025_01.csv
T000970,C00305,P0138,2025-07-06,144.30,4,,2025-07-06 12:00:00,batch_2025_01.csv
T000896,C00233,P0133,2025-02-19,$300.75,1,WELCOME5,2025-02-19 07:00:00,batch_2025_01.csv
T004896,C00255,P0003,02/10/2025,332.84,4,WELCOME5,2025-02-11 16:00:00,batch_2025_01.csv
T003033,C00106,P0140,01/21/2025,348.88,1,SAVE10,2025-01-21 21:00:00,batch_2025_01.csv
T003938,C00004,P0023,04/16/2025,90.70,2,,2025-04-17 18:00:00,batch_2025_01.csv
T002538,C00237,P0035,2025-07-14,14.53,4,WELCOME5,2025-07-14 18:00:00,batch_2025_01.csv
T002117,C00463,P0130,2025-07-05,142.19,4,,2025-07-06 02:00:00,batch_2025_01.csv
T000933,C00091,P0009,2025-06-04,745.22,4,,2025-06-05 08:00:00,batch_2025_01.csv
T004746,C00357,P0094,07/13/2025,863.67,1,,2025-07-14 14:00:00,batch_2025_01.csv
T001065,C00173,P0110,2025-05-11,435.44,3,,2025-05-12 04:00:00,batch_2025_01.csv
T001791,C00073,P9999,2025-04-09,91.13,3,,2025-04-10 00:00:00,batch_2025_01_late.csv
T003331,C00176,P0006,02/22/2025,409.19,3,,2025-02-22 22:00:00,batch_2025_01.csv
T002603,C00243,P0120,2025-06-19,$748.24,3,,2025-06-19 11:00:00,batch_2025_01.csv
T003168,C00113,P0082,2025-05-09,265.81,1,WELCOME5,2025-05-10 22:00:00,batch_2025_01.csv
T002862,C00354,P0123,2025-06-24,197.73,4,,2025-06-24 09:00:00,batch_2025_01.csv
T001112,C00365,P0067,05/09/2025,827.88,2,,2025-05-09 20:00:00,batch_2025_01.csv
T002816,C00459,P0116,2025-07-03,240.43,5,,2025-07-04 16:00:00,batch_2025_01.csv
T003747,C00393,P0027,2025-04-10,86.28,3,WELCOME5,2025-04-10 01:00:00,batch_2025_01.csv
T004473,C00343,P0041,02/23/2025,426.90,3,SAVE10,2025-02-23 22:00:00,batch_2025_01.csv
T000664,C00215,P0044,2025-02-26,$686.22,5,,2025-02-26 19:00:00,batch_2025_01.csv
T001898,C00124,P9999,06/05/2025,461.51,5,,2025-06-06 11:00:00,batch_2025_01.csv
T004132,C00348,P0025,2025-04-30,$751.51,2,SAVE10,2025-05-01 20:00:00,batch_2025_01.csv
T004529,C00165,P0080,2025-01-28,505.22,4,SAVE10,2025-01-28 19:00:00,batch_2025_01.csv
T003269,C00386,P0021,2025-07-24,563.02,3,SAVE10,2025-07-25 18:00:00,batch_2025_01.csv
T003592,C00206,P0127,07/05/2025,$542.03,4,,2025-07-06 22:00:00,batch_2025_01.csv
T003729,,P0143,2025-06-23,428.35,1,,2025-06-23 20:00:00,batch_2025_01.csv
T004652,C00234,P0083,2025-06-28,$596.45,4,WELCOME5,2025-06-29 04:00:00,batch_2025_01.csv
T001369,C00110,P0144,2025-08-24,789.65,1,,2025-08-24 13:00:00,batch_2025_01.csv
T004877,C00332,P0015,2025-06-27,$718.12,2,SAVE10,2025-06-28 08:00:00,batch_2025_01.csv
T003376,C00207,P0088,2025-05-31,$880.33,1,,2025-06-01 00:00:00,batch_2025_01.csv
T001232,C00247,P0085,2025-02-01,$778.97,1,,2025-02-03 00:00:00,batch_2025_01.csv
T004784,C00496,P0013,2025-07-28,638.82,1,,2025-07-29 10:00:00,batch_2025_01.csv
T004221,,P0072,2025-02-09,$17.13,1,WELCOME5,2025-02-10 17:00:00,batch_2025_01.csv
T000513,C00136,P0094,2025-03-05,801.55,5,SAVE10,2025-03-05 15:00:00,batch_2025_01.csv
T001405,C00413,P0022,2025-07-07,316.89,1,,2025-07-07 07:00:00,batch_2025_01.csv
T001751,C00434,P0018,2025-05-21,$255.40,4,,2025-05-22 11:00:00,batch_2025_01.csv
T001297,C00409,P0014,2025-06-18,549.53,2,WELCOME5,2025-06-19 10:00:00,batch_2025_01.csv
T003061,C00436,P0019,2025-03-18,29.17,3,,2025-03-18 07:00:00,batch_2025_01.csv
T004060,C00141,P0021,2025-06-20,280.10,3,SAVE10,2025-06-21 16:00:00,batch_2025_01.csv
T003536,C00193,P0058,05/31/2025,451.33,4,,2025-05-31 12:00:00,batch_2025_01.csv
T000569,C00287,P0055,2025-02-21,$18.08,3,,2025-02-22 21:00:00,batch_2025_01.csv
T001582,C00202,P0140,2025-03-14,$581.73,3,SAVE10,2025-03-14 21:00:00,batch_2025_01.csv
T002955,C00127,P0150,04/10/2025,394.11,3,,2025-04-10 02:00:00,batch_2025_01.csv
T003928,C00221,P0123,2025-03-10,849.81,1,,2025-03-10 07:00:00,batch_2025_01.csv
T001840,C00054,P0132,2025-04-14,$700.07,4,WELCOME5,2025-04-14 14:00:00,batch_2025_01.csv
T001812,C00017,P0101,2025-06-20,768.12,3,WELCOME5,2025-06-20 11:00:00,batch_2025_01.csv
T001361,C00144,P0046,01/27/2025,$242.54,4,,2025-01-27 09:00:00,batch_2025_01.csv
T004745,C00305,P0089,2025-07-10,650.47,2,WELCOME5,2025-07-11 05:00:00,batch_2025_01.csv
T004398,C00081,P0084,2025-01-13,421.21,1,SAVE10,2025-01-14 21:00:00,batch_2025_01.csv
T004684,C00462,P0013,2025-06-09,132.62,2,,2025-06-09 14:00:00,batch_2025_01.csv
T003185,C00425,P0023,2025-03-31,40.41,2,,2025-04-01 20:00:00,batch_2025_01.csv
T004514,C00249,P0118,05/04/2025,$178.59,1,,2025-05-05 13:00:00,batch_2025_01.csv
T002134,C00065,P0067,2025-05-27,$538.34,1,SAVE10,2025-05-28 11:00:00,batch_2025_01.csv
T001805,C00307,P0084,2025-08-07,537.35,1,,2025-08-07 06:00:00,batch_2025_01.csv
T000058,C00348,P0147,04/29/2025,$886.12,4,,2025-04-29 19:00:00,batch_2025_01.csv
T001266,C00221,P0110,2025-01-30,$498.19,3,,2025-01-31 05:00:00,batch_2025_01.csv
T003427,C00112,P0040,2025-02-23,$226.96,3,SAVE10,2025-02-23 03:00:00,batch_2025_01.csv
T000132,C00155,P0150,2025-01-03,$652.81,1,,2025-01-03 17:00:00,batch_2025_01.csv
T003498,C00465,P0124,05/27/2025,$49.22,4,SAVE10,2025-05-27 01:00:00,batch_2025_01.csv
T003253,C00264,P0116,2025-04-24,442.69,5,,2025-04-25 18:00:00,batch_2025_01.csv
T001674,C00453,P0131,2025-07-03,57.83,1,,2025-07-04 22:00:00,batch_2025_01.csv
T001957,C00406,P0050,2025-08-16,858.33,2,,2025-08-16 13:00:00,batch_2025_01.csv
T001442,C00491,P0067,05/18/2025,$795.95,5,,2025-05-18 08:00:00,batch_2025_01.csv
T000160,C00134,P0142,2025-05-29,841.80,3,,2025-05-30 23:00:00,batch_2025_01.csv
T000926,C00120,P0133,05/22/2025,531.61,1,,2025-05-23 06:00:00,batch_2025_01.csv
T003225,C00347,P0034,2025-06-12,622.70,2,WELCOME5,2025-06-12 01:00:00,batch_2025_01.csv
T003513,C00003,P0105,03/03/2025,330.98,3,,2025-03-03 21:00:00,batch_2025_01.csv
T002035,C00198,P0126,08/06/2025,136.51,4,SAVE10,2025-08-07 21:00:00,batch_2025_01.csv
T000456,C00491,P0088,2025-05-08,$334.40,3,,2025-05-09 04:00:00,batch_2025_01.csv
T000805,C00066,P0077,2025-05-14,758.65,1,,2025-05-15 04:00:00,batch_2025_01.csv
T001009,C00435,P0058,01/14/2025,$632.76,3,,2025-01-14 12:00:00,batch_2025_01.csv
T003424,C00005,P0143,2025-05-11,$236.22,4,,2025-05-12 10:00:00,batch_2025_01.csv
T001129,C00206,P0105,2025-08-23,772.44,5,,2025-08-24 20:00:00,batch_2025_01.csv
T001969,C00427,P0043,2025-02-27,434.75,4,WELCOME5,2025-02-27 01:00:00,batch_2025_01.csv
T004687,C00012,P0037,2025-01-05,$343.85,1,SAVE10,2025-01-06 10:00:00,batch_2025_01_late.csv
T000564,C00169,P0135,2025-02-23,377.07,5,WELCOME5,2025-02-24 21:00:00,batch_2025_01.csv
T004907,C00275,P0070,2025-08-04,46.86,3,,2025-08-05 12:00:00,batch_2025_01.csv
T003447,C00055,P0040,2025-07-30,$641.85,2,WELCOME5,2025-07-30 23:00:00,batch_2025_01.csv
T001958,C00400,P0037,2025-04-21,700.43,1,SAVE10,2025-04-22 02:00:00,batch_2025_01.csv
T000490,,P0011,2025-06-26,526.32,1,,2025-06-27 07:00:00,batch_2025_01.csv
T000685,C00228,P0118,2025-02-03,279.24,4,,2025-02-03 20:00:00,batch_2025_01.csv
T001163,C00395,P0067,03/12/2025,N/A,5,,2025-03-12 06:00:00,batch_2025_01.csv
T002822,C00078,P0101,2025-06-05,294.95,4,,2025-06-06 21:00:00,batch_2025_01.csv
T000821,C00437,P0120,03/17/2025,124.99,3,SAVE10,2025-03-18 23:00:00,batch_2025_01.csv
T001801,C00291,P0085,2025-03-04,274.78,1,,2025-03-04 11:00:00,batch_2025_01.csv
T000963,C00385,P0007,2025-07-07,212.28,1,,2025-07-07 22:00:00,batch_2025_01.csv
T000404,C00403,P0057,2025-06-14,643.28,3,SAVE10,2025-06-15 04:00:00,batch_2025_01.csv
T004939,C00492,P0066,2025-06-15,427.86,1,,2025-06-16 17:00:00,batch_2025_01.csv
T001311,C00166,P0099,2025-02-15,292.17,2,SAVE10,2025-02-15 10:00:00,batch_2025_01.csv
T003342,C00197,P0126,03/08/2025,$598.67,2,,2025-03-09 13:00:00,batch_2025_01.csv
T000329,C00212,P0014,02/08/2025,784.80,5,SAVE10,2025-02-08 09:00:00,batch_2025_01.csv
T002435,C00452,P0129,04/09/2025,551.60,2,SAVE10,2025-04-10 20:00:00,batch_2025_01.csv
T000095,C00432,P0145,2025-08-10,44.75,5,,2025-08-10 02:00:00,batch_2025_01.csv
T002814,C00178,P0021,04/09/2025,247.04,1,WELCOME5,2025-04-09 13:00:00,batch_2025_01.csv
T002315,C00238,P0050,2025-01-07,114.96,1,,2025-01-08 15:00:00,batch_2025_01.csv
T002155,C00031,P0002,2025-05-18,$686.36,4,SAVE10,2025-05-18 01:00:00,batch_2025_01.csv
T004177,C00478,P0133,2025-08-21,120.67,1,WELCOME5,2025-08-21 04:00:00,batch_2025_01.csv
T003589,C00369,P0052,2025-05-25,$135.78,1,SAVE10,2025-05-25 02:00:00,batch_2025_01.csv
T003597,C00093,P0059,2025-01-26,$385.41,3,,2025-01-26 18:00:00,batch_2025_01_late.csv
T002454,C00376,P0149,05/17/2025,486.50,5,WELCOME5,2025-05-17 07:00:00,batch_2025_01.csv
T000988,C00309,P0134,07/14/2025,888.31,3,WELCOME5,2025-07-14 18:00:00,batch_2025_01.csv
T001370,C00227,P0093,2025-01-02,477.19,3,,2025-01-03 14:00:00,batch_2025_01.csv
T000709,C00272,P0020,2025-07-16,466.37,2,WELCOME5,2025-07-17 17:00:00,batch_2025_01.csv
T002147,C00162,P0109,2025-05-06,779.74,5,SAVE10,2025-05-07 05:00:00,batch_2025_01.csv
T002833,C00382,P0019,05/27/2025,$742.00,4,SAVE10,2025-05-27 22:00:00,batch_2025_01.csv
T000867,C00284,P0105,2025-01-08,66.39,1,,2025-01-09 03:00:00,batch_2025_01.csv
T000036,C00392,P0066,2025-01-31,266.19,2,SAVE10,2025-01-31 01:00:00,batch_2025_01.csv
T002909,C00163,P0011,04/01/2025,421.92,5,,2025-04-02 01:00:00,batch_2025_01.csv
T004495,C00419,P0122,04/09/2025,649.86,4,,2025-04-10 02:00:00,batch_2025_01.csv
T002377,C00401,P0139,01/09/2025,749.43,3,,2025-01-10 12:00:00,batch_2025_01.csv
T000912,C00391,P0049,2025-03-17,770.16,3,,2025-03-17 10:00:00,batch_2025_01.csv
T001244,C00181,P0145,2025-07-03,$310.65,3,SAVE10,2025-07-03 09:00:00,batch_2025_01.csv
T004692,C00177,P0043,02/10/2025,$602.69,3,WELCOME5,2025-02-10 15:00:00,batch_2025_01.csv
T001312,C00266,P0072,2025-06-07,521.02,1,,2025-06-07 21:00:00,batch_2025_01.csv
T002525,C00215,P0054,08/28/2025,384.62,3,,2025-08-29 09:00:00,batch_2025_01.csv
T004452,C00288,P0123,2025-02-10,84.17,3,,2025-02-10 08:00:00,batch_2025_01.csv
T002708,C00364,P0123,2025-07-21,$128.40,4,SAVE10,2025-07-21 12:00:00,batch_2025_01.csv
T001731,C00156,P0036,2031-01-01,293.02,4,SAVE10,2025-03-05 07:00:00,batch_2025_01.csv
T003160,C00396,P0103,2025-04-27,$367.15,4,WELCOME5,2025-04-28 03:00:00,batch_2025_01.csv
T002337,C00410,P0045,2025-06-18,843.61,3,,2025-06-18 05:00:00,batch_2025_01.csv
T002304,C00482,P0107,03/19/2025,736.39,1,SAVE10,2025-03-19 21:00:00,batch_2025_01.csv
T000288,C00176,P0044,2025-02-11,800.03,1,,2025-02-12 23:00:00,batch_2025_01.csv
T003969,C00500,P0028,2019-13-40,693.53,4,,2025-01-01 01:00:00,batch_2025_01.csv
T000410,C00435,P0043,2025-02-05,$683.43,5,,2025-02-06 05:00:00,batch_2025_01.csv
T003711,C00291,P0126,2025-02-28,425.82,5,,2025-03-01 23:00:00,batch_2025_01.csv
T004780,C00389,P0121,2025-02-14,$598.85,4,,2025-02-15 01:00:00,batch_2025_01.csv
T002923,C00429,P0006,2025-08-26,840.74,2,,2025-08-26 10:00:00,batch_2025_01.csv
T000555,C00084,P0038,2025-07-02,0.00,4,,2025-07-02 04:00:00,batch_2025_01.csv
T001876,C00096,P0028,2025-07-04,661.50,5,,2025-07-05 04:00:00,batch_2025_01.csv
T003122,C00099,P9999,2025-08-14,583.44,3,,2025-08-14 10:00:00,batch_2025_01.csv
T004741,C00363,P0145,2025-01-07,$602.44,3,WELCOME5,2025-01-07 09:00:00,batch_2025_01.csv
T001304,C00065,P0009,2025-01-07,751.80,5,WELCOME5,2025-01-08 21:00:00,batch_2025_01.csv
T001706,C00022,P0134,01/02/2025,$100.60,2,,2025-01-02 17:00:00,batch_2025_01.csv
T003653,C00057,P0144,03/21/2025,573.07,1,,2025-03-21 01:00:00,batch_2025_01.csv
T004719,C00239,P0005,2025-04-03,754.47,1,SAVE10,2025-04-04 19:00:00,batch_2025_01.csv
T004160,C00066,P0049,2025-03-06,$446.85,3,,2025-03-07 00:00:00,batch_2025_01.csv
T002409,C00213,P9999,2025-04-26,$247.06,2,,2025-04-27 08:00:00,batch_2025_01.csv
T004076,C00406,P0071,2025-06-14,818.63,5,SAVE10,2025-06-14 05:00:00,batch_2025_01.csv
T000183,C00293,P0134,2025-04-08,159.27,4,,2025-04-08 11:00:00,batch_2025_01.csv
T002257,C00475,P0002,06/23/2025,259.18,4,,2025-06-23 22:00:00,batch_2025_01.csv
T001868,C00269,P0075,2025-01-29,189.83,4,,2025-01-29 19:00:00,batch_2025_01.csv
T002506,C00323,P0043,2025-04-24,751.39,2,WELCOME5,2025-04-25 06:00:00,batch_2025_01.csv
T003856,C00322,P0142,2025-02-15,,5,WELCOME5,2025-02-15 22:00:00,batch_2025_01.csv
T004249,C00391,P0038,2025-03-25,231.49,2,,2025-03-25 22:00:00,batch_2025_01.csv
T004772,C00343,P0050,2025-01-26,27.04,5,,2025-01-27 09:00:00,batch_2025_01.csv
T004450,C00027,P0041,04/27/2025,618.45,1,WELCOME5,2025-04-28 19:00:00,batch_2025_01.csv
T002568,C00224,P0070,2025-01-11,408.55,5,SAVE10,2025-01-12 09:00:00,batch_2025_01.csv
T003386,C00137,P0108,2025-05-17,697.02,5,WELCOME5,2025-05-17 06:00:00,batch_2025_01.csv
T000869,C00043,P0129,2025-02-06,189.48,2,WELCOME5,2025-02-07 00:00:00,batch_2025_01.csv
T003605,C00313,P0066,01/18/2025,838.99,3,SAVE10,2025-01-19 16:00:00,batch_2025_01.csv
T002688,C00219,P0034,2025-05-18,$14.46,5,,2025-05-18 02:00:00,batch_2025_01.csv
T002977,C00118,P0147,05/01/2025,8.71,3,,2025-05-01 16:00:00,batch_2025_01.csv
T003147,C00172,P0144,2025-06-24,46.64,4,SAVE10,2025-06-25 04:00:00,batch_2025_01_late.csv
T003229,C00095,P0118,2025-02-08,$736.87,2,,2025-02-09 12:00:00,batch_2025_01.csv
T004589,C00192,P0055,2025-06-28,,3,,2025-06-28 05:00:00,batch_2025_01.csv
T001814,C00108,P0062,2025-06-30,419.47,1,,2025-06-30 10:00:00,batch_2025_01.csv
T003088,C00344,P0150,2025-05-28,51.48,5,,2025-05-28 16:00:00,batch_2025_01.csv
T000414,C00279,P0146,2025-06-17,$163.07,1,WELCOME5,2025-06-18 01:00:00,batch_2025_01.csv
T003378,C00217,P0074,03/22/2025,$770.99,5,WELCOME5,2025-03-22 18:00:00,batch_2025_01.csv
T000643,C00174,P0015,2025-07-04,N/A,5,SAVE10,2025-07-04 03:00:00,batch_2025_01.csv
T000550,C00463,P0037,2025-06-15,$421.51,2,WELCOME5,2025-06-16 05:00:00,batch_2025_01.csv
T001842,C00395,P0118,2025-06-14,353.45,4,,2025-06-15 00:00:00,batch_2025_01.csv
T000308,C00069,P0077,2025-04-24,877.00,1,,2025-04-24 21:00:00,batch_2025_01.csv
T002237,C00441,P0107,2025-06-29,685.52,2,,2025-06-29 04:00:00,batch_2025_01.csv
T003085,C99999,P0104,02/23/2025,349.15,4,,2025-02-24 07:00:00,batch_2025_01.csv
T004643,C00435,P0069,2025-03-31,398.49,2,,2025-04-01 14:00:00,batch_2025_01.csv
T003651,C00074,P0078,2025-04-15,$655.84,3,,2025-04-16 12:00:00,batch_2025_01.csv
T003646,C00126,P0119,2025-01-20,217.36,1,,2025-01-20 20:00:00,batch_2025_01.csv
T004286,C00484,P0073,2025-06-05,453.22,5,,2025-06-05 16:00:00,batch_2025_01.csv
T004734,C00426,P0026,03/29/2025,527.19,2,,2025-03-29 04:00:00,batch_2025_01.csv
T003643,C00299,P0143,2025-02-19,348.40,4,WELCOME5,2025-02-20 03:00:00,batch_2025_01.csv
T003011,C00404,P0020,2025-04-01,$378.43,1,SAVE10,2025-04-01 15:00:00,batch_2025_01.csv
T001514,C00267,P0133,08/15/2025,522.83,4,,2025-08-15 18:00:00,batch_2025_01.csv
T000670,C00184,P0076,2025-01-24,,4,WELCOME5,2025-01-24 02:00:00,batch_2025_01.csv
T001277,C00442,P0098,2025-01-12,351.12,4,WELCOME5,2025-01-12 15:00:00,batch_2025_01.csv
T000193,C00305,P0022,2025-03-05,105.56,5,,2025-03-06 19:00:00,batch_2025_01.csv
T001993,C00359,P0016,2025-08-29,367.17,2,,2025-08-30 08:00:00,batch_2025_01.csv
T000654,C00487,P0023,2025-07-20,567.45,2,,2025-07-20 20:00:00,batch_2025_01.csv
T003310,C00215,P0103,2025-01-18,$461.33,2,SAVE10,2025-01-18 14:00:00,batch_2025_01.csv
T002454,C00376,P0149,05/17/2025,486.50,5,WELCOME5,2025-05-17 13:00:00,batch_2025_01_late.csv
T002066,C00210,P0120,2025-02-05,$679.37,1,,2025-02-05 04:00:00,batch_2025_01.csv
T001635,C00283,P0050,03/10/2025,444.04,1,,2025-03-10 06:00:00,batch_2025_01.csv
T001550,C00388,P0098,2025-08-08,188.32,4,,2025-08-09 22:00:00,batch_2025_01.csv
T002794,C00080,P0033,01/08/2025,366.99,1,SAVE10,2025-01-08 01:00:00,batch_2025_01.csv
T004642,C00468,P0126,2025-06-29,541.17,4,,2025-06-30 17:00:00,batch_2025_01.csv
T002645,C00396,P0072,2025-04-29,385.18,4,,2025-04-30 06:00:00,batch_2025_01.csv
T002231,C00480,P0086,2025-03-25,$812.86,3,,2025-03-25 07:00:00,batch_2025_01.csv
T003399,C00454,P0078,05/23/2025,$114.75,1,,2025-05-25 00:00:00,batch_2025_01.csv
T000279,C00192,P0102,2025-03-28,530.73,4,SAVE10,2025-03-28 20:00:00,batch_2025_01.csv
T002071,C00392,P0073,2025-01-24,$165.11,4,WELCOME5,2025-01-24 19:00:00,batch_2025_01.csv
T004631,C00083,P0029,2025-08-21,117.73,5,,2025-08-22 03:00:00,batch_2025_01.csv
T004549,C00419,P0132,07/21/2025,334.87,5,SAVE10,2025-07-22 23:00:00,batch_2025_01.csv
T002338,C00040,P0145,2025-06-22,691.65,5,,2025-06-22 22:00:00,batch_2025_01.csv
T001654,C00255,P0101,2025-08-01,149.22,5,SAVE10,2025-08-02 12:00:00,batch_2025_01.csv
T002956,C00407,P0099,2025-07-01,$763.13,3,WELCOME5,2025-07-01 17:00:00,batch_2025_01.csv
T001696,C00348,P0097,05/08/2025,34.67,1,WELCOME5,2025-05-09 04:00:00,batch_2025_01.csv
T002781,C00181,P0091,2025-07-15,$206.30,5,SAVE10,2025-07-16 04:00:00,batch_2025_01.csv
T004968,C00228,P0055,2025-07-04,231.62,3,WELCOME5,2025-07-04 09:00:00,batch_2025_01.csv
T002495,C00084,P0025,2025-05-19,$636.21,3,,2025-05-20 15:00:00,batch_2025_01.csv
T004091,C00049,P0009,03/17/2025,436.84,3,,2025-03-18 22:00:00,batch_2025_01.csv
T000568,C00239,P0031,02/23/2025,665.82,3,,2025-02-24 16:00:00,batch_2025_01.csv
T001623,C00213,P0031,2025-06-08,$482.82,4,,2025-06-09 03:00:00,batch_2025_01.csv
T002145,C00151,P0097,06/24/2025,$898.79,5,WELCOME5,2025-06-24 18:00:00,batch_2025_01.csv
T004344,C00283,P0082,2025-02-26,631.79,2,WELCOME5,2025-02-27 12:00:00,batch_2025_01.csv
T001483,C00236,P0093,2025-06-23,$305.05,1,,2025-06-24 22:00:00,batch_2025_01.csv
T001912,C00193,P0011,2025-01-11,500.87,2,SAVE10,2025-01-12 17:00:00,batch_2025_01.csv
T000207,C00217,P0048,05/18/2025,442.11,2,WELCOME5,2025-05-19 21:00:00,batch_2025_01.csv
T002048,C00039,P0078,2025-05-21,218.75,3,,2025-05-21 10:00:00,batch_2025_01.csv
T001902,C00085,P0071,2025-03-28,893.53,1,,2025-03-28 02:00:00,batch_2025_01.csv
T003129,C00005,P0086,03/06/2025,578.98,5,,2025-03-07 15:00:00,batch_2025_01.csv
T000696,C00100,P0126,06/04/2025,291.44,3,SAVE10,2025-06-05 09:00:00,batch_2025_01.csv
T002555,C00389,P0078,2025-07-21,269.48,4,,2025-07-21 09:00:00,batch_2025_01.csv
T004092,C00002,P0032,2025-04-10,21.58,2,WELCOME5,2025-04-10 06:00:00,batch_2025_01.csv
T004941,C00089,P0101,2025-01-22,23.92,4,WELCOME5,2025-01-23 18:00:00,batch_2025_01.csv
T001886,,P0110,08/28/2025,$629.17,2,,2025-08-28 23:00:00,batch_2025_01.csv
T003351,C00395,P0021,2025-02-06,766.34,3,,2025-02-07 05:00:00,batch_2025_01.csv
T002846,C00064,P0143,05/24/2025,$22.53,3,,2025-05-24 08:00:00,batch_2025_01.csv
T000945,C00176,P0103,2025-04-12,771.35,2,,2025-04-12 09:00:00,batch_2025_01_late.csv
T000825,C00414,P0017,2025-01-30,$309.26,4,,2025-01-31 16:00:00,batch_2025_01.csv
T004017,C00367,P0070,2025-05-28,381.27,2,,2025-05-28 20:00:00,batch_2025_01.csv
T002154,C00364,P0026,08/22/2025,90.33,5,SAVE10,2025-08-23 09:00:00,batch_2025_01.csv
T002273,C00499,P0093,07/01/2025,,1,,2025-07-01 13:00:00,batch_2025_01.csv
T003727,C00170,P0053,2025-04-22,520.29,1,WELCOME5,2025-04-23 13:00:00,batch_2025_01.csv
T003215,C00339,P0091,2025-04-20,592.18,4,,2025-04-21 17:00:00,batch_2025_01.csv
T000793,C00498,P0002,2025-05-27,477.21,4,,2025-05-27 12:00:00,batch_2025_01.csv
T001989,C00294,P0140,08/01/2025,$311.40,4,,2025-08-02 08:00:00,batch_2025_01.csv
T002447,C00105,P0079,06/01/2025,558.13,3,,2025-06-02 13:00:00,batch_2025_01.csv
T001462,C00060,P0114,2025-02-20,82.38,4,,2025-02-20 07:00:00,batch_2025_01.csv
T000119,C00063,P0147,04/08/2025,611.55,2,,2025-04-09 02:00:00,batch_2025_01.csv
T002063,C00156,P0051,2025-06-17,434.35,2,,2025-06-19 00:00:00,batch_2025_01.csv
T003721,C00425,P0018,2025-07-03,$397.67,2,SAVE10,2025-07-03 11:00:00,batch_2025_01.csv
T004277,C00354,P0104,2025-05-16,602.76,5,SAVE10,2025-05-16 02:00:00,batch_2025_01.csv
T001748,C00202,P0001,07/27/2025,67.36,5,WELCOME5,2025-07-27 17:00:00,batch_2025_01.csv
T004953,C00390,P0146,04/22/2025,$468.97,1,,2025-04-22 14:00:00,batch_2025_01.csv
T002074,C00430,P0017,2025-07-08,730.93,5,WELCOME5,2025-07-09 18:00:00,batch_2025_01.csv
T003623,C00270,P0132,2025-04-26,$653.11,4,,2025-04-27 00:00:00,batch_2025_01.csv
T003925,C00399,P0061,05/19/2025,$390.10,4,,2025-05-20 12:00:00,batch_2025_01.csv
T001901,C00076,P0114,2025-07-04,$71.72,3,SAVE10,2025-07-05 17:00:00,batch_2025_01.csv
T000657,C00091,P0041,2025-01-12,605.77,4,,2025-01-12 04:00:00,batch_2025_01.csv
T000176,C00051,P0112,2025-01-20,$215.07,5,SAVE10,2025-01-20 22:00:00,batch_2025_01.csv
T001593,C00422,P0106,08/04/2025,344.40,5,,2025-08-04 13:00:00,batch_2025_01.csv
T000626,C00395,P0050,06/23/2025,471.80,1,,2025-06-24 21:00:00,batch_2025_01.csv
T003034,C00060,P0053,2025-07-20,$790.20,1,,2025-07-21 22:00:00,batch_2025_01.csv
T004507,C99999,P0134,01/19/2025,196.32,2,WELCOME5,2025-01-20 05:00:00,batch_2025_01.csv
T002590,C00290,P0005,2025-08-10,263.88,4,WELCOME5,2025-08-11 02:00:00,batch_2025_01.csv
T003516,C00293,P0085,06/12/2025,$335.94,1,,2025-06-13 14:00:00,batch_2025_01.csv
T002110,C00500,P0114,2025-07-07,$866.57,3,WELCOME5,2025-07-08 11:00:00,batch_2025_01.csv
T004828,C00057,P0113,2025-05-21,786.66,4,WELCOME5,2025-05-21 01:00:00,batch_2025_01.csv
T003126,C00258,P0069,07/29/2025,120.84,2,,2025-07-29 17:00:00,batch_2025_01.csv
T002423,C00384,P0080,2025-01-31,699.36,3,,2025-02-01 21:00:00,batch_2025_01_late.csv
T004703,C00124,P0070,2025-04-19,633.34,1,,2025-04-19 09:00:00,batch_2025_01_late.csv
T001005,C00340,P0057,01/03/2025,103.07,3,,2025-01-04 11:00:00,batch_2025_01.csv
T001272,C00150,P0063,2025-03-10,$477.95,1,,2025-03-10 21:00:00,batch_2025_01.csv
T002547,C00201,P0107,2025-01-18,651.53,5,WELCOME5,2025-01-19 13:00:00,batch_2025_01.csv
T004929,C00476,P0131,2025-02-14,119.49,4,WELCOME5,2025-02-14 01:00:00,batch_2025_01.csv
T003468,C00322,P0031,2025-04-16,$700.81,3,SAVE10,2025-04-16 11:00:00,batch_2025_01.csv
T000067,C00306,P0138,2025-05-12,22.66,4,,2025-05-13 13:00:00,batch_2025_01.csv
T003363,C00145,P0007,02/08/2025,244.50,4,,2025-02-08 02:00:00,batch_2025_01.csv
T000629,C00327,P0032,01/31/2025,639.60,5,,2025-01-31 06:00:00,batch_2025_01.csv
T000111,C00299,P0079,2025-07-05,$718.71,3,WELCOME5,2025-07-06 21:00:00,batch_2025_01.csv
T001329,C00431,P0126,2025-06-25,544.14,2,SAVE10,2025-06-25 16:00:00,batch_2025_01.csv
T003246,C00459,P0022,2025-07-01,473.03,5,,2025-07-01 13:00:00,batch_2025_01.csv
T000017,C00380,P0108,2025-07-10,$477.27,5,WELCOME5,2025-07-10 05:00:00,batch_2025_01.csv
T004606,C00327,P0070,05/02/2025,771.43,4,,2025-05-02 05:00:00,batch_2025_01.csv
T002335,C00402,P0074,02/28/2025,600.26,3,SAVE10,2025-03-01 13:00:00,batch_2025_01.csv
T003030,C00383,P0019,not-a-date,789.54,2,,2025-06-04 03:00:00,batch_2025_01.csv
T000981,C00417,P9999,2025-02-23,247.97,2,SAVE10,2025-02-25 00:00:00,batch_2025_01.csv
T002152,C00090,P0039,2025-07-15,270.35,4,,2025-07-16 05:00:00,batch_2025_01.csv
T002911,C00425,P0141,2025-06-18,$48.28,3,,2025-06-19 04:00:00,batch_2025_01.csv
T004649,C00044,P0072,2025-02-04,$755.63,2,SAVE10,2025-02-04 17:00:00,batch_2025_01.csv
T004983,C00430,P0129,2025-02-22,$104.42,2,SAVE10,2025-02-24 00:00:00,batch_2025_01.csv
T000861,C00044,P0137,2025-04-13,549.31,1,,2025-04-14 14:00:00,batch_2025_01.csv
T003638,C00003,P0043,2025-01-10,121.64,1,,2025-01-10 09:00:00,batch_2025_01.csv
T004181,C00081,P0125,06/23/2025,137.64,4,,2025-06-23 13:00:00,batch_2025_01.csv
T003099,C00346,P0030,2025-06-10,356.59,4,SAVE10,2025-06-11 12:00:00,batch_2025_01.csv
T000813,C00440,P0007,2025-06-16,194.63,5,,2025-06-16 10:00:00,batch_2025_01.csv
T000528,C00299,P0135,2025-02-13,$46.79,5,,2025-02-13 04:00:00,batch_2025_01.csv
T003050,C00420,P0097,2025-04-18,$462.25,5,SAVE10,2025-04-18 12:00:00,batch_2025_01.csv
T000983,C00091,P0096,2025-02-04,$174.27,1,SAVE10,2025-02-04 13:00:00,batch_2025_01.csv
T000935,C00168,P0106,2025-01-29,356.87,1,SAVE10,2025-01-29 09:00:00,batch_2025_01.csv
T002851,C00009,P0034,2025-07-24,183.49,1,,2025-07-24 05:00:00,batch_2025_01.csv
T001962,C00337,P0144,08/03/2025,683.25,4,,2025-08-03 19:00:00,batch_2025_01.csv
T004975,C00367,P0037,2025-03-25,$796.15,4,SAVE10,2025-03-26 11:00:00,batch_2025_01.csv
T002256,C00008,P0039,2025-01-30,798.67,2,WELCOME5,2025-01-30 06:00:00,batch_2025_01.csv
T004423,C00223,P0003,05/17/2025,352.79,5,SAVE10,2025-05-18 09:00:00,batch_2025_01.csv
T002188,C00100,P0081,2025-08-10,$283.92,1,,2025-08-11 14:00:00,batch_2025_01.csv
T004326,C00212,P0083,08/20/2025,145.22,1,,2025-08-20 08:00:00,batch_2025_01.csv
T000954,C00062,P0060,2025-04-02,198.69,3,,2025-04-02 21:00:00,batch_2025_01.csv
T004539,C00201,P0069,02/23/2025,$266.77,4,WELCOME5,2025-02-23 11:00:00,batch_2025_01.csv
T001203,C00113,P0030,2025-01-10,55.40,1,,2025-01-11 13:00:00,batch_2025_01.csv
T004013,C00500,P0040,03/19/2025,$376.71,5,,2025-03-20 05:00:00,batch_2025_01.csv
T002527,C00211,P0148,2025-04-18,$719.18,5,,2025-04-19 08:00:00,batch_2025_01.csv
T002391,C00329,P0127,2025-03-08,$294.43,5,,2025-03-09 03:00:00,batch_2025_01.csv
T002225,C00447,P0039,01/16/2025,383.24,4,,2025-01-17 02:00:00,batch_2025_01.csv
T000130,C00313,P0104,2025-05-12,$745.67,2,,2025-05-12 21:00:00,batch_2025_01.csv
T003780,C00171,P0014,04/15/2025,120.45,4,SAVE10,2025-04-15 14:00:00,batch_2025_01.csv
T004141,C00227,P0127,2025-06-15,159.33,5,WELCOME5,2025-06-15 01:00:00,batch_2025_01.csv
T002261,C00237,P0119,2025-06-27,801.82,1,,2025-06-28 15:00:00,batch_2025_01.csv
T001724,C00052,P0043,2025-07-09,132.17,3,SAVE10,2025-07-10 15:00:00,batch_2025_01.csv
T002595,C00115,P0067,07/05/2025,286.35,2,,2025-07-05 03:00:00,batch_2025_01.csv
T003092,C00416,P0037,03/15/2025,210.40,2,,2025-03-15 23:00:00,batch_2025_01.csv
T004919,C00434,P0045,2025-08-09,354.80,1,,2025-08-10 14:00:00,batch_2025_01.csv
T003387,C00187,P0043,2025-05-06,626.84,5,WELCOME5,2025-05-07 12:00:00,batch_2025_01.csv
T003701,C00467,P0027,2025-08-16,$163.93,5,WELCOME5,2025-08-17 15:00:00,batch_2025_01.csv
T000799,C00437,P0054,2025-07-19,$153.34,2,,2025-07-20 02:00:00,batch_2025_01.csv
T002932,C00269,P0006,2025-01-05,776.23,2,WELCOME5,2025-01-06 20:00:00,batch_2025_01.csv
T001752,C00021,P0146,01/29/2025,$61.41,3,SAVE10,2025-01-29 22:00:00,batch_2025_01.csv
T000851,C00437,P0105,2025-04-05,$106.42,1,,2025-04-06 13:00:00,batch_2025_01.csv
T001219,C00495,P0075,2025-06-20,564.43,3,,2025-06-20 11:00:00,batch_2025_01.csv
T004094,C00036,P0123,02/01/2025,94.24,2,,2025-02-02 20:00:00,batch_2025_01.csv
T000777,C00317,P0110,02/08/2025,543.55,5,,2025-02-08 06:00:00,batch_2025_01.csv
T002618,C00055,P0128,05/31/2025,-45.00,1,,2025-06-01 06:00:00,batch_2025_01.csv
T002370,C00070,P0030,2025-08-10,190.00,3,WELCOME5,2025-08-11 06:00:00,batch_2025_01.csv
T001595,C00060,P0041,2025-05-06,812.78,3,SAVE10,2025-05-06 05:00:00,batch_2025_01.csv
T001763,C00492,P0007,2025-05-25,620.35,1,SAVE10,2025-05-25 16:00:00,batch_2025_01.csv
T000909,C00336,P0029,2025-02-23,309.84,3,,2025-02-23 20:00:00,batch_2025_01.csv
T003425,C00195,P0039,02/12/2025,536.96,5,,2025-02-13 00:00:00,batch_2025_01.csv
T004271,C00379,P0086,2025-08-27,$517.27,4,,2025-08-28 00:00:00,batch_2025_01.csv
T002193,C00001,P0115,2025-01-26,491.16,5,,2025-01-27 02:00:00,batch_2025_01.csv
T002804,C00388,P0075,2025-01-02,765.82,4,,2025-01-02 20:00:00,batch_2025_01.csv
T000561,C00214,P0046,2025-03-14,$151.91,5,WELCOME5,2025-03-15 16:00:00,batch_2025_01.csv
T000355,C00268,P0025,2025-07-06,$394.10,4,,2025-07-06 16:00:00,batch_2025_01.csv
T004315,C00427,P0067,2025-01-13,429.28,2,WELCOME5,2025-01-14 23:00:00,batch_2025_01.csv
T004970,C00307,P0024,2025-05-01,237.03,2,WELCOME5,2025-05-02 07:00:00,batch_2025_01.csv
T003053,C00209,P0044,2025-07-04,179.42,2,,2025-07-04 08:00:00,batch_2025_01.csv
T000834,C00075,P0003,2025-05-13,648.12,2,SAVE10,2025-05-13 05:00:00,batch_2025_01.csv
T002679,C00440,P0140,2025-07-28,395.89,3,SAVE10,2025-07-28 01:00:00,batch_2025_01.csv
T001236,C00013,P0130,2025-01-15,403.88,2,,2025-01-15 08:00:00,batch_2025_01.csv
T003164,C00235,P0006,2025-03-14,330.77,1,,2025-03-15 07:00:00,batch_2025_01.csv
T000332,,P0023,2025-04-22,123.43,4,SAVE10,2025-04-23 17:00:00,batch_2025_01.csv
T001798,C00248,P0070,2025-05-11,$300.71,4,,2025-05-11 20:00:00,batch_2025_01.csv
T003604,C00047,P0064,07/07/2025,741.49,2,,2025-07-07 23:00:00,batch_2025_01.csv
T001936,C00492,P0107,2025-08-14,825.67,5,,2025-08-15 22:00:00,batch_2025_01_late.csv
T004861,C00017,P0068,03/26/2025,487.92,4,SAVE10,2025-03-27 05:00:00,batch_2025_01.csv
T004946,C00159,P0111,2025-02-28,$895.79,5,SAVE10,2025-03-01 22:00:00,batch_2025_01.csv
T001504,C00306,P0054,2025-06-19,780.78,2,SAVE10,2025-06-19 19:00:00,batch_2025_01.csv
T000210,C00364,P0114,2025-01-22,$443.92,3,,2025-01-23 13:00:00,batch_2025_01.csv
T004219,C00229,P0023,03/07/2025,280.91,5,WELCOME5,2025-03-08 01:00:00,batch_2025_01.csv
T003902,C00014,P0043,08/15/2025,$560.37,2,,2025-08-16 21:00:00,batch_2025_01.csv
T004930,C00101,P0046,2025-08-23,338.45,4,SAVE10,2025-08-24 15:00:00,batch_2025_01.csv
T004322,C00290,P0016,02/15/2025,$635.87,2,,2025-02-17 00:00:00,batch_2025_01.csv
T003152,C00240,P0049,01/02/2025,847.71,2,,2025-01-03 11:00:00,batch_2025_01.csv
T000618,C00338,P0115,02/14/2025,337.83,2,WELCOME5,2025-02-14 17:00:00,batch_2025_01.csv
T004116,C00294,P0067,2025-06-09,$156.89,1,,2025-06-09 16:00:00,batch_2025_01.csv
T002889,C00204,P0119,2025-06-28,$673.90,5,WELCOME5,2025-06-29 08:00:00,batch_2025_01.csv
T000832,C00323,P0063,2025-07-12,143.24,4,SAVE10,2025-07-13 10:00:00,batch_2025_01.csv
T004638,C00154,P0062,2025-05-17,670.57,2,,2025-05-18 17:00:00,batch_2025_01.csv
T002093,C00219,P0110,2025-05-08,$539.77,3,,2025-05-08 02:00:00,batch_2025_01.csv
T000927,C00434,P0049,2025-06-28,390.48,5,,2025-06-29 03:00:00,batch_2025_01.csv
T001836,,P0129,2025-07-19,691.27,5,,2025-07-20 11:00:00,batch_2025_01.csv
T001087,C00011,P0080,2025-02-15,153.32,2,,2025-02-16 02:00:00,batch_2025_01.csv
T004263,C00050,P0119,2025-07-11,17.57,2,,2025-07-11 18:00:00,batch_2025_01.csv
T004162,C00470,P0130,2025-01-03,$702.42,4,,2025-01-04 08:00:00,batch_2025_01.csv
T002904,C00153,P0069,2025-02-24,145.26,1,,2025-02-25 09:00:00,batch_2025_01.csv
T003978,C00032,P0048,2025-02-15,398.22,1,,2025-02-16 02:00:00,batch_2025_01.csv
T000596,,P0125,2025-06-02,109.98,4,,2025-06-03 06:00:00,batch_2025_01.csv
T001668,C00128,P0097,2025-07-29,385.31,3,,2025-07-29 01:00:00,batch_2025_01.csv
T001937,C00069,P0015,06/04/2025,76.02,5,,2025-06-04 05:00:00,batch_2025_01.csv
T004785,C00162,P9999,2025-03-05,-45.00,3,SAVE10,2025-03-05 15:00:00,batch_2025_01.csv
T004980,C00298,P0010,2025-01-17,528.10,4,,2025-01-18 17:00:00,batch_2025_01.csv
T000872,C00432,P0055,2025-05-11,$529.96,5,,2025-05-11 19:00:00,batch_2025_01.csv
T002473,C00050,P0060,2025-03-22,484.66,2,,2025-03-22 01:00:00,batch_2025_01.csv
T002378,C00292,P0072,2025-05-30,348.23,1,SAVE10,2025-05-30 04:00:00,batch_2025_01.csv
T002767,C00169,P0001,2025-04-25,186.14,5,,2025-04-25 03:00:00,batch_2025_01.csv
T001357,C00360,P0049,2025-01-25,185.75,5,SAVE10,2025-01-26 11:00:00,batch_2025_01.csv
T000278,C00012,P0038,08/23/2025,531.26,3,,2025-08-23 10:00:00,batch_2025_01.csv
T001531,C00494,P0071,04/13/2025,$133.27,2,,2025-04-13 08:00:00,batch_2025_01.csv
T001126,C00445,P0023,2025-04-27,453.03,1,,2025-04-27 21:00:00,batch_2025_01.csv
T000171,C00433,P0112,03/26/2025,583.26,5,,2025-03-27 13:00:00,batch_2025_01.csv
T001058,C00385,P0103,08/25/2025,455.66,1,,2025-08-27 00:00:00,batch_2025_01.csv
T002018,C00423,P0067,2025-02-19,207.99,5,WELCOME5,2025-02-19 20:00:00,batch_2025_01.csv
T004884,C00018,P0037,03/21/2025,666.51,2,WELCOME5,2025-03-21 16:00:00,batch_2025_01.csv
T000091,C00450,P0142,2025-02-16,578.70,1,,2025-02-16 09:00:00,batch_2025_01.csv
T003683,C00286,P0049,2025-04-05,841.54,5,WELCOME5,2025-04-05 17:00:00,batch_2025_01.csv
T000418,C99999,P0085,2025-05-04,650.47,2,SAVE10,2025-05-05 20:00:00,batch_2025_01.csv
T004857,C00473,P0014,2025-07-10,470.85,4,,2025-07-10 02:00:00,batch_2025_01.csv
T000380,C00230,P0046,01/20/2025,,1,SAVE10,2025-01-20 12:00:00,batch_2025_01.csv
T003842,C00453,P0116,2025-01-18,684.57,5,,2025-01-18 16:00:00,batch_2025_01.csv
T004502,C00300,P9999,2025-07-24,227.21,1,WELCOME5,2025-07-24 06:00:00,batch_2025_01.csv
T002101,C00153,P0128,2025-04-12,836.90,2,,2025-04-13 15:00:00,batch_2025_01.csv
T004598,C00002,P0136,2025-03-23,239.44,4,SAVE10,2025-03-23 11:00:00,batch_2025_01.csv
T003467,C00476,P0129,2025-04-15,$95.17,5,,2025-04-16 02:00:00,batch_2025_01.csv
T002174,C00231,P0142,2025-06-14,103.58,3,,2025-06-15 20:00:00,batch_2025_01.csv
T003569,C00469,P0083,01/20/2025,731.01,4,,2025-01-21 04:00:00,batch_2025_01.csv
T004424,C00065,P0118,2025-04-04,$332.83,5,,2025-04-04 14:00:00,batch_2025_01.csv
T000501,C00270,P0066,02/26/2025,51.78,2,SAVE10,2025-02-27 15:00:00,batch_2025_01.csv
T003920,C00094,P0056,08/05/2025,274.03,5,SAVE10,2025-08-05 02:00:00,batch_2025_01.csv
T003853,C00279,P0048,05/05/2025,505.38,4,SAVE10,2025-05-06 11:00:00,batch_2025_01.csv
T003977,C00256,P0123,2025-01-01,523.04,2,,2025-01-01 03:00:00,batch_2025_01.csv
T003210,C00358,P0084,2025-07-20,$449.38,3,,2025-07-21 21:00:00,batch_2025_01.csv
T003151,C00164,P0033,2025-04-05,788.31,1,WELCOME5,2025-04-05 20:00:00,batch_2025_01.csv
T002265,C00223,P0028,2025-05-09,697.34,5,WELCOME5,2025-05-10 04:00:00,batch_2025_01.csv
T001793,C00281,P0146,2025-08-23,235.59,1,,2025-08-23 14:00:00,batch_2025_01.csv
T000377,C00381,P0144,2025-05-11,$354.89,4,SAVE10,2025-05-12 21:00:00,batch_2025_01.csv
T000331,C00325,P0015,03/12/2025,12.20,2,SAVE10,2025-03-12 14:00:00,batch_2025_01.csv
T003500,C00216,P0124,2025-01-17,622.63,4,,2025-01-18 17:00:00,batch_2025_01.csv
T001036,C00270,P0079,2025-07-26,533.23,5,,2025-07-27 08:00:00,batch_2025_01.csv
T004046,C00333,P0059,04/10/2025,825.83,1,SAVE10,2025-04-11 14:00:00,batch_2025_01.csv
T004876,C00466,P0018,2025-08-03,819.95,2,,2025-08-05 03:00:00,batch_2025_01_late.csv
T003836,C00073,P0017,2025-07-25,$769.65,5,WELCOME5,2025-07-25 19:00:00,batch_2025_01.csv
T003901,C00280,P0107,2025-05-07,,1,,2025-05-07 16:00:00,batch_2025_01.csv
T003383,C00477,P0043,2025-02-27,825.36,3,,2025-02-28 09:00:00,batch_2025_01.csv
T001515,,P0038,08/28/2025,$524.80,1,,2025-08-28 03:00:00,batch_2025_01.csv
T001310,C00253,P0088,2025-05-13,51.07,4,,2025-05-14 10:00:00,batch_2025_01.csv
T000299,C00462,P0133,2025-06-23,722.00,4,,2025-06-24 16:00:00,batch_2025_01.csv
T001478,C00311,P0097,2025-01-15,$60.91,4,,2025-01-16 17:00:00,batch_2025_01.csv
T002197,C00267,P0145,2025-05-16,113.54,5,,2025-05-17 20:00:00,batch_2025_01.csv
T000574,C00275,P0005,06/25/2025,193.77,3,,2025-06-25 22:00:00,batch_2025_01.csv
T001518,C00135,P0140,2025-07-10,$400.36,3,,2025-07-10 18:00:00,batch_2025_01.csv
T004178,C99999,P0015,2025-03-30,$819.31,2,WELCOME5,2025-03-30 20:00:00,batch_2025_01.csv
T003444,C00214,P0005,05/30/2025,315.78,4,SAVE10,2025-05-30 10:00:00,batch_2025_01.csv
T004266,C00310,P0114,2025-04-01,342.48,2,WELCOME5,2025-04-02 15:00:00,batch_2025_01.csv
T002587,C00211,P0080,2025-08-27,-45.00,1,,2025-08-27 15:00:00,batch_2025_01.csv
T003333,C00451,P0123,2025-08-10,760.43,5,SAVE10,2025-08-10 01:00:00,batch_2025_01.csv
T003565,,P0128,2025-08-05,551.50,2,,2025-08-06 07:00:00,batch_2025_01.csv
T001821,,P0011,2025-03-03,796.72,2,,2025-03-04 09:00:00,batch_2025_01.csv
T000011,C00228,P0114,2025-08-07,$855.90,5,,2025-08-08 00:00:00,batch_2025_01.csv
T001334,C00400,P0086,2025-07-16,821.71,2,,2025-07-17 12:00:00,batch_2025_01.csv
T002054,C00389,P0135,2025-07-04,$820.31,3,,2025-07-04 08:00:00,batch_2025_01.csv
T000675,C00057,P0099,2025-06-08,334.11,5,,2025-06-08 03:00:00,batch_2025_01.csv
T002092,C00013,P0005,2025-02-16,$512.10,3,SAVE10,2025-02-16 23:00:00,batch_2025_01.csv
T000656,C00238,P0054,02/19/2025,$254.57,4,SAVE10,2025-02-19 08:00:00,batch_2025_01.csv
T004120,C00178,P0057,05/23/2025,$698.79,3,,2025-05-23 02:00:00,batch_2025_01.csv
T003987,C00107,P0027,07/27/2025,39.53,1,,2025-07-27 15:00:00,batch_2025_01.csv
T001260,C00017,P0087,02/21/2025,383.89,2,WELCOME5,2025-02-21 22:00:00,batch_2025_01.csv
T004732,C00016,P0058,2025-02-25,445.59,1,,2025-02-25 23:00:00,batch_2025_01.csv
T003086,C00065,P0091,02/25/2025,$678.36,5,,2025-02-25 08:00:00,batch_2025_01.csv
T003713,C00131,P0116,2025-01-22,$248.33,4,SAVE10,2025-01-22 05:00:00,batch_2025_01.csv
T002220,C00268,P0120,2025-05-23,376.58,3,,2025-05-24 13:00:00,batch_2025_01.csv
T002999,C00374,P0150,03/05/2025,$856.07,4,,2025-03-06 04:00:00,batch_2025_01.csv
T002081,C00164,P0067,2025-02-10,858.00,3,,2025-02-11 20:00:00,batch_2025_01.csv
T002221,C00305,P0066,2025-05-01,$256.89,5,WELCOME5,2025-05-01 08:00:00,batch_2025_01.csv
T000860,C00338,P0137,01/05/2025,168.33,5,SAVE10,2025-01-05 18:00:00,batch_2025_01.csv
T002770,C00090,P0076,2025-08-04,750.97,1,SAVE10,2025-08-05 10:00:00,batch_2025_01.csv
T001224,C00496,P0026,2025-08-24,804.59,4,,2025-08-24 20:00:00,batch_2025_01.csv
T002860,C00382,P0123,2025-07-25,764.03,1,,2025-07-26 23:00:00,batch_2025_01.csv
T004561,C00156,P0103,2025-04-11,$392.40,2,SAVE10,2025-04-12 01:00:00,batch_2025_01.csv
T001343,C00288,P0072,2025-08-21,439.15,1,SAVE10,2025-08-22 21:00:00,batch_2025_01.csv
T002235,C00419,P0069,2025-01-22,631.18,1,,2025-01-23 20:00:00,batch_2025_01.csv
T003840,C00319,P0047,2025-08-10,$386.05,5,SAVE10,2025-08-11 04:00:00,batch_2025_01.csv
T000485,C00241,P0047,08/04/2025,179.44,1,,2025-08-04 17:00:00,batch_2025_01.csv
T000205,C00417,P0077,2025-06-01,827.46,2,,2025-06-01 06:00:00,batch_2025_01.csv
T003478,C00451,P0092,2025-06-02,635.28,2,,2025-06-03 03:00:00,batch_2025_01.csv
T000196,C00354,P0129,2025-01-07,142.46,1,,2025-01-08 07:00:00,batch_2025_01.csv
T004301,C00439,P0037,2025-04-28,810.74,1,,2025-04-28 11:00:00,batch_2025_01.csv
T003557,C00188,P0070,2025-03-12,67.61,1,,2025-03-13 10:00:00,batch_2025_01.csv
T000466,C00041,P0042,2025-03-22,$314.51,5,SAVE10,2025-03-22 21:00:00,batch_2025_01.csv
T001509,C00460,P0058,01/17/2025,90.17,4,WELCOME5,2025-01-17 08:00:00,batch_2025_01.csv
T002583,C00227,P0038,2025-01-25,646.77,1,,2025-01-25 04:00:00,batch_2025_01.csv
T001743,C00098,P0090,2025-02-19,875.33,3,WELCOME5,2025-02-19 22:00:00,batch_2025_01.csv
T001866,C00340,P0052,2025-02-07,773.12,2,SAVE10,2025-02-07 14:00:00,batch_2025_01.csv
T000655,C00061,P0136,06/08/2025,879.30,5,,2025-06-09 00:00:00,batch_2025_01.csv
T000097,C00329,P0078,2025-07-26,438.79,1,,2025-07-27 20:00:00,batch_2025_01.csv
T002364,C00343,P0137,2025-08-14,581.15,1,,2025-08-15 10:00:00,batch_2025_01.csv
T002170,C00007,P0010,08/09/2025,$773.19,5,,2025-08-10 21:00:00,batch_2025_01.csv
T002002,C00235,P0010,2025-04-23,628.19,5,SAVE10,2025-04-23 06:00:00,batch_2025_01.csv
T000519,C00259,P0024,2025-03-16,206.10,4,WELCOME5,2025-03-17 02:00:00,batch_2025_01.csv
T004534,C00097,P0056,2025-08-02,636.73,5,,2025-08-03 13:00:00,batch_2025_01.csv
T001925,C00285,P0129,2025-08-01,470.72,4,WELCOME5,2025-08-01 18:00:00,batch_2025_01.csv
T003265,C00239,P0131,2025-03-20,536.52,1,,2025-03-21 18:00:00,batch_2025_01.csv
T004527,C00481,P0034,2025-05-06,682.79,4,,2025-05-07 07:00:00,batch_2025_01.csv
T000994,C00205,P0021,08/29/2025,318.71,1,SAVE10,2025-08-30 07:00:00,batch_2025_01.csv
T002272,,P0055,08/25/2025,$660.18,1,SAVE10,2025-08-27 00:00:00,batch_2025_01.csv
T001290,C00368,P0012,2025-03-31,543.72,5,,2025-03-31 07:00:00,batch_2025_01.csv
T004230,C00334,P0109,2025-03-07,240.94,2,,2025-03-08 15:00:00,batch_2025_01.csv
T003275,C00085,P0036,06/17/2025,,4,,2025-06-18 22:00:00,batch_2025_01.csv
T003768,C00121,P0049,2025-05-31,372.65,3,,2025-06-01 15:00:00,batch_2025_01.csv
T001158,C00207,P0082,2025-04-22,469.41,5,,2025-04-22 15:00:00,batch_2025_01.csv
T001166,C00038,P0125,2025-01-20,863.62,3,SAVE10,2025-01-20 14:00:00,batch_2025_01.csv
T000022,C00407,P0030,06/16/2025,768.69,4,,2025-06-17 12:00:00,batch_2025_01.csv
T002556,C00074,P0088,2025-08-22,169.53,1,WELCOME5,2025-08-23 14:00:00,batch_2025_01.csv
T003785,C00347,P0006,2025-04-28,$365.17,4,,2025-04-29 15:00:00,batch_2025_01.csv
T004827,,P0141,2025-07-21,$72.42,3,,2025-07-22 18:00:00,batch_2025_01.csv
T004081,C00499,P0105,04/29/2025,$314.67,4,,2025-04-30 10:00:00,batch_2025_01.csv
T003439,C00269,P0072,2025-07-22,$685.32,5,,2025-07-24 00:00:00,batch_2025_01.csv
T002650,C00133,P0101,04/14/2025,619.24,5,,2025-04-14 10:00:00,batch_2025_01.csv
T001573,C00087,P0001,2025-05-16,867.53,1,WELCOME5,2025-05-16 01:00:00,batch_2025_01.csv
T002703,C00406,P0029,2025-07-08,$534.91,4,,2025-07-08 01:00:00,batch_2025_01.csv
T000892,C00064,P0022,2025-08-23,877.28,1,,2025-08-23 09:00:00,batch_2025_01_late.csv
T002576,C00379,P0012,2025-05-19,$354.28,1,WELCOME5,2025-05-20 23:00:00,batch_2025_01.csv
T002496,C00334,P0076,07/08/2025,355.76,5,SAVE10,2025-07-09 09:00:00,batch_2025_01.csv
T002186,C00148,P0016,2025-03-02,826.20,2,,2025-03-03 12:00:00,batch_2025_01.csv
T000006,C00196,P0096,2025-03-01,104.64,5,,2025-03-02 07:00:00,batch_2025_01.csv
T004054,C00406,P0109,02/01/2025,0.00,5,,2025-02-02 02:00:00,batch_2025_01.csv
T004252,C00250,P0011,2025-01-01,388.23,1,,2025-01-01 21:00:00,batch_2025_01.csv
T003218,C00395,P0144,2025-08-01,202.85,4,WELCOME5,2025-08-02 18:00:00,batch_2025_01.csv
T003398,C00164,P0117,2025-08-03,$370.85,3,,2025-08-04 22:00:00,batch_2025_01.csv
T001764,C00293,P0089,2025-01-06,328.69,4,,2025-01-07 08:00:00,batch_2025_01.csv
T004078,C00391,P0140,2025-08-12,142.81,1,SAVE10,2025-08-12 20:00:00,batch_2025_01.csv
T003893,C00154,P0015,2025-07-06,176.19,1,,2025-07-07 00:00:00,batch_2025_01.csv
T004721,C00252,P0117,2025-06-08,$341.35,5,,2025-06-09 23:00:00,batch_2025_01.csv
T000948,C99999,P0101,2025-06-21,158.26,3,,2025-06-21 01:00:00,batch_2025_01.csv
T002309,C00058,P0128,02/11/2025,$181.04,5,SAVE10,2025-02-12 18:00:00,batch_2025_01.csv
T002690,C00228,P0086,04/11/2025,$678.21,5,,2025-04-11 21:00:00,batch_2025_01.csv
T001177,C00059,P0047,2025-04-20,729.66,3,,2025-04-20 12:00:00,batch_2025_01.csv
T002111,C00016,P0019,08/26/2025,873.69,2,,2025-08-27 02:00:00,batch_2025_01.csv
T003847,C00472,P0018,04/15/2025,883.22,2,,2025-04-16 12:00:00,batch_2025_01.csv
T004987,C00197,P0025,2025-06-30,298.49,4,,2025-07-01 12:00:00,batch_2025_01.csv
T001322,C00071,P0097,2025-02-26,785.93,4,,2025-02-27 20:00:00,batch_2025_01.csv
T003404,C00325,P0128,2025-06-13,-45.00,5,WELCOME5,2025-06-14 02:00:00,batch_2025_01.csv
T002943,C00141,P0072,03/21/2025,$242.96,1,,2025-03-22 00:00:00,batch_2025_01.csv
T004303,C00296,P0026,04/07/2025,370.99,5,,2025-04-08 06:00:00,batch_2025_01.csv
T002621,C00322,P0031,2025-04-23,$76.72,1,,2025-04-23 22:00:00,batch_2025_01.csv
T004047,C00163,P0126,2025-02-13,609.01,1,WELCOME5,2025-02-13 08:00:00,batch_2025_01.csv
T000230,C00071,P0098,2025-07-12,$697.93,1,WELCOME5,2025-07-12 09:00:00,batch_2025_01.csv
T003279,C00455,P0107,2025-01-07,241.64,5,SAVE10,2025-01-07 17:00:00,batch_2025_01.csv
T001178,C00075,P0081,2025-03-23,117.09,4,WELCOME5,2025-03-24 21:00:00,batch_2025_01.csv
T004031,C00463,P0012,2025-08-01,$45.83,2,,2025-08-01 20:00:00,batch_2025_01.csv
T000820,C00372,P0050,2025-04-23,$426.56,3,WELCOME5,2025-04-23 15:00:00,batch_2025_01.csv
T002195,C00215,P0141,2025-05-22,$188.45,5,WELCOME5,2025-05-22 10:00:00,batch_2025_01.csv
T000397,C00491,P0003,2025-05-23,501.74,5,SAVE10,2025-05-23 10:00:00,batch_2025_01.csv
T003135,C00131,P9999,2025-01-16,62.64,4,WELCOME5,2025-01-16 18:00:00,batch_2025_01.csv
T004022,C00420,P0104,2025-06-08,461.24,3,,2025-06-08 14:00:00,batch_2025_01.csv
T000837,C00005,P0072,06/06/2025,810.99,2,WELCOME5,2025-06-06 10:00:00,batch_2025_01.csv
T001897,C00466,P9999,2025-07-29,643.50,2,,2025-07-29 09:00:00,batch_2025_01.csv
T004922,C00320,P0089,03/19/2025,$765.63,4,,2025-03-19 16:00:00,batch_2025_01.csv
T002828,C00194,P0026,2025-05-18,$93.85,3,,2025-05-18 18:00:00,batch_2025_01.csv
T004150,C00355,P0101,2025-07-10,778.48,2,SAVE10,2025-07-10 03:00:00,batch_2025_01.csv
T003302,C00055,P0113,01/18/2025,729.38,5,,2025-01-19 15:00:00,batch_2025_01.csv
T001099,C00404,P0001,2025-02-08,776.65,4,SAVE10,2025-02-09 18:00:00,batch_2025_01.csv
T002517,C00341,P0064,03/27/2025,84.67,4,WELCOME5,2025-03-28 01:00:00,batch_2025_01.csv
T003750,C00101,P0070,2025-06-24,$416.99,5,WELCOME5,2025-06-26 00:00:00,batch_2025_01.csv
T000081,C00348,P0113,01/18/2025,39.04,4,WELCOME5,2025-01-18 16:00:00,batch_2025_01.csv
T003502,C00257,P0100,2025-02-26,734.02,2,SAVE10,2025-02-26 03:00:00,batch_2025_01.csv
T004957,C00469,P0150,2025-08-01,346.13,5,SAVE10,2025-08-01 23:00:00,batch_2025_01.csv
T003631,C00303,P0009,2025-07-10,$460.49,5,,2025-07-11 23:00:00,batch_2025_01.csv
T001131,C00330,P0015,03/04/2025,669.01,1,,2025-03-05 21:00:00,batch_2025_01.csv
T001337,C00387,P0135,2025-04-12,99.45,1,,2025-04-13 08:00:00,batch_2025_01.csv
T003295,C00437,P0149,2025-01-14,799.26,1,,2025-01-15 02:00:00,batch_2025_01.csv
T004270,C00023,P0099,2025-07-03,320.54,3,,2025-07-04 17:00:00,batch_2025_01.csv
T002535,C00319,P0029,2025-03-31,$848.33,4,,2025-03-31 13:00:00,batch_2025_01.csv
T002864,C00193,P0048,04/23/2025,$238.39,2,,2025-04-24 07:00:00,batch_2025_01.csv
T000592,C00145,P0090,2025-02-02,547.16,1,,2025-02-03 09:00:00,batch_2025_01.csv
T000771,C00378,P9999,2025-01-08,412.31,4,,2025-01-08 04:00:00,batch_2025_01.csv
T002766,C00195,P0065,2025-05-29,795.18,5,,2025-05-30 23:00:00,batch_2025_01.csv
T002104,C00246,P0147,03/01/2025,245.43,2,WELCOME5,2025-03-01 12:00:00,batch_2025_01.csv
T001539,C00125,P0150,2025-06-01,449.52,4,WELCOME5,2025-06-02 04:00:00,batch_2025_01.csv
T003198,,P0019,2025-08-29,827.26,4,,2025-08-29 19:00:00,batch_2025_01.csv
T004278,C00239,P0126,2025-07-20,$767.21,4,,2025-07-20 04:00:00,batch_2025_01.csv
T000544,C00114,P0052,01/17/2025,683.94,5,SAVE10,2025-01-17 12:00:00,batch_2025_01.csv
T003795,C00500,P0148,2025-08-19,$501.64,3,WELCOME5,2025-08-19 19:00:00,batch_2025_01.csv
T004705,C00454,P0069,2025-03-24,320.24,2,WELCOME5,2025-03-24 12:00:00,batch_2025_01.csv
T000790,C00362,P0120,2025-08-18,397.30,5,SAVE10,2025-08-19 08:00:00,batch_2025_01.csv
T001625,C00451,P0098,05/03/2025,$429.75,3,SAVE10,2025-05-03 11:00:00,batch_2025_01.csv
T002219,C00294,P0080,2025-03-25,509.10,2,WELCOME5,2025-03-26 21:00:00,batch_2025_01.csv
T004742,C00399,P0076,08/07/2025,$177.22,3,SAVE10,2025-08-09 00:00:00,batch_2025_01.csv
T001663,C00320,P0083,2025-05-06,80.53,3,,2025-05-07 06:00:00,batch_2025_01.csv
T002346,C00461,P0080,2019-13-40,189.09,3,,2025-06-04 06:00:00,batch_2025_01.csv
T000622,C00383,P0137,2025-06-24,216.43,5,SAVE10,2025-06-25 22:00:00,batch_2025_01.csv
T001694,C00090,P0004,2025-07-05,108.43,5,,2025-07-05 16:00:00,batch_2025_01.csv
T001785,C00151,P0091,2025-05-22,740.42,4,,2025-05-23 07:00:00,batch_2025_01.csv
T003008,C00382,P0141,2025-03-24,$838.65,4,WELCOME5,2025-03-24 18:00:00,batch_2025_01.csv
T004932,C00119,P0066,02/22/2025,$117.51,3,,2025-02-23 16:00:00,batch_2025_01.csv
T001795,C00041,P9999,03/29/2025,732.03,4,,2025-03-30 16:00:00,batch_2025_01.csv
T002809,C00248,P0050,2025-01-11,195.29,3,,2025-01-11 13:00:00,batch_2025_01.csv
T000505,C00270,P0064,02/15/2025,516.46,1,WELCOME5,2025-02-16 12:00:00,batch_2025_01.csv
T001303,C00449,P0117,2025-01-31,$21.84,4,,2025-02-01 03:00:00,batch_2025_01.csv
T000433,C00285,P0124,2025-03-20,$234.37,2,,2025-03-21 13:00:00,batch_2025_01.csv
T004068,C00421,P0076,01/17/2025,47.97,2,,2025-01-18 00:00:00,batch_2025_01.csv
T001441,C00384,P0009,04/15/2025,616.37,1,SAVE10,2025-04-16 10:00:00,batch_2025_01.csv
T004276,C00418,P0143,2025-04-30,67.98,2,SAVE10,2025-04-30 04:00:00,batch_2025_01.csv
T004086,C00024,P0064,2025-04-04,$232.57,5,SAVE10,2025-04-04 15:00:00,batch_2025_01.csv
T004182,C00437,P0034,2025-08-11,531.50,3,,2025-08-11 07:00:00,batch_2025_01.csv
T000928,C00192,P0036,02/02/2025,523.14,3,,2025-02-02 20:00:00,batch_2025_01.csv
T004757,C00109,P0025,2025-05-31,129.85,2,,2025-05-31 18:00:00,batch_2025_01_late.csv
T003580,C00148,P0043,06/27/2025,369.72,3,WELCOME5,2025-06-28 21:00:00,batch_2025_01.csv
T000987,C00385,P0002,2025-07-22,$601.47,1,SAVE10,2025-07-22 03:00:00,batch_2025_01.csv
T001632,C00171,P0142,2025-08-12,$35.99,3,SAVE10,2025-08-13 16:00:00,batch_2025_01.csv
T004687,C00012,P0037,2025-01-05,$343.85,1,SAVE10,2025-01-06 04:00:00,batch_2025_01.csv
T000194,C00289,P0103,2025-03-26,870.40,2,WELCOME5,2025-03-27 04:00:00,batch_2025_01.csv
T000690,C00155,P0032,04/14/2025,829.03,3,,2025-04-15 08:00:00,batch_2025_01.csv
T002659,C00305,P0119,2025-03-28,453.83,1,WELCOME5,2025-03-28 23:00:00,batch_2025_01.csv
T001653,C00078,P0048,2025-01-05,201.56,2,,2025-01-06 02:00:00,batch_2025_01.csv
T004627,C00187,P0118,2025-03-12,$36.68,1,,2025-03-12 18:00:00,batch_2025_01.csv
T000158,C00134,P0093,2025-05-08,465.43,4,,2025-05-09 06:00:00,batch_2025_01.csv
T002696,C00129,P0099,08/20/2025,99.77,4,,2025-08-20 10:00:00,batch_2025_01.csv
T002011,C00202,P0051,2025-07-31,$133.20,2,WELCOME5,2025-08-01 16:00:00,batch_2025_01.csv
T003737,C00121,P0090,07/09/2025,829.74,3,SAVE10,2025-07-09 04:00:00,batch_2025_01.csv
T004551,C00362,P0057,2025-03-22,407.35,3,WELCOME5,2025-03-22 10:00:00,batch_2025_01.csv
T000157,C00469,P0062,2025-07-18,$500.45,3,,2025-07-18 19:00:00,batch_2025_01.csv
T004796,C00388,P0114,2025-06-27,678.87,2,,2025-06-27 12:00:00,batch_2025_01.csv
T002292,C00337,P0147,2025-03-09,616.97,2,,2025-03-09 15:00:00,batch_2025_01.csv
T004045,C00205,P0028,08/24/2025,$68.92,2,,2025-08-24 12:00:00,batch_2025_01.csv
T000394,C00024,P0019,2025-05-09,$327.07,5,,2025-05-09 07:00:00,batch_2025_01.csv
T004139,C00382,P0021,08/04/2025,319.19,4,,2025-08-05 17:00:00,batch_2025_01.csv
T000886,C00222,P0105,2025-06-24,252.44,1,,2025-06-25 10:00:00,batch_2025_01.csv
T002180,C00084,P0134,2025-05-26,218.04,5,SAVE10,2025-05-26 07:00:00,batch_2025_01.csv
T000250,C00062,P0129,2025-01-14,$608.61,1,SAVE10,2025-01-14 12:00:00,batch_2025_01.csv
T000529,,P0120,2025-01-03,592.04,3,,2025-01-03 05:00:00,batch_2025_01.csv
T001659,C00290,P0122,2025-04-25,64.31,3,,2025-04-26 00:00:00,batch_2025_01.csv
T001402,C00385,P0102,2025-06-15,823.81,2,,2025-06-15 15:00:00,batch_2025_01.csv
T004829,C00221,P0043,01/12/2025,306.07,2,,2025-01-12 21:00:00,batch_2025_01.csv
T000723,C00003,P0026,08/24/2025,832.42,5,,2025-08-25 09:00:00,batch_2025_01.csv
T000372,C00320,P0075,2025-08-24,$620.46,2,WELCOME5,2025-08-25 20:00:00,batch_2025_01.csv
T004170,C00111,P0007,2025-02-17,$186.31,3,SAVE10,2025-02-18 17:00:00,batch_2025_01.csv
T002210,C00210,P0071,2025-04-28,855.97,4,,2025-04-28 11:00:00,batch_2025_01.csv
T002185,C00367,P0099,05/21/2025,116.56,4,,2025-05-21 06:00:00,batch_2025_01.csv
T002421,C00022,P0100,08/26/2025,166.47,5,SAVE10,2025-08-27 09:00:00,batch_2025_01.csv
T001602,C00033,P0058,2025-02-19,172.10,4,,2025-02-19 22:00:00,batch_2025_01.csv
T002573,C00265,P0134,07/19/2025,517.99,1,SAVE10,2025-07-20 13:00:00,batch_2025_01.csv
T004345,C00296,P0049,06/15/2025,$817.79,4,WELCOME5,2025-06-15 13:00:00,batch_2025_01.csv
T001174,C00453,P0115,07/11/2025,$385.97,5,SAVE10,2025-07-11 18:00:00,batch_2025_01.csv
T001097,C00272,P0086,2025-06-23,$542.85,3,WELCOME5,2025-06-24 04:00:00,batch_2025_01.csv
T002393,C00404,P0121,03/28/2025,569.00,2,,2025-03-29 09:00:00,batch_2025_01.csv
T002429,C00030,P0057,2025-04-19,$788.66,2,,2025-04-20 03:00:00,batch_2025_01.csv
T001415,C00498,P0118,03/04/2025,$622.58,1,,2025-03-05 23:00:00,batch_2025_01.csv
T004724,C00443,P0098,2025-07-23,$192.66,3,SAVE10,2025-07-23 21:00:00,batch_2025_01.csv
T003922,C00240,P0086,2025-01-02,543.00,3,WELCOME5,2025-01-03 13:00:00,batch_2025_01.csv
T003097,C00065,P0007,2025-02-10,$707.11,3,SAVE10,2025-02-11 12:00:00,batch_2025_01.csv
T002361,C00427,P0067,not-a-date,254.00,4,,2025-04-26 19:00:00,batch_2025_01.csv
T003311,C00232,P0008,2025-02-04,434.57,3,,2025-02-04 08:00:00,batch_2025_01.csv
T000223,C00281,P0148,08/07/2025,,1,,2025-08-08 08:00:00,batch_2025_01.csv
T001149,C00235,P0110,2025-05-22,340.82,3,SAVE10,2025-05-23 15:00:00,batch_2025_01.csv
T004172,C00106,P0010,2025-06-05,809.85,2,,2025-06-06 15:00:00,batch_2025_01.csv
T001732,C00246,P0055,2025-04-10,$96.35,1,,2025-04-11 12:00:00,batch_2025_01.csv
T000804,C00270,P0135,2025-04-30,82.90,3,,2025-05-01 04:00:00,batch_2025_01.csv
T003077,C00141,P0021,2025-02-02,413.30,2,SAVE10,2025-02-02 20:00:00,batch_2025_01.csv
T002823,C00355,P0112,02/22/2025,640.69,4,,2025-02-22 14:00:00,batch_2025_01.csv
T001988,C00458,P0138,2025-01-27,$745.97,4,,2025-01-28 17:00:00,batch_2025_01.csv
T002549,C00070,P0086,2025-05-25,860.14,5,SAVE10,2025-05-25 01:00:00,batch_2025_01.csv
T001490,C00206,P0148,2025-06-09,270.08,4,,2025-06-10 01:00:00,batch_2025_01.csv
T000938,C00004,P0037,2025-07-31,405.59,3,WELCOME5,2025-08-01 08:00:00,batch_2025_01_late.csv
T004254,C00187,P0049,02/28/2025,520.32,3,,2025-03-01 21:00:00,batch_2025_01.csv
T003184,C00156,P0118,03/07/2025,805.56,2,,2025-03-08 06:00:00,batch_2025_01.csv
T001485,C00192,P0005,01/09/2025,512.62,5,SAVE10,2025-01-10 09:00:00,batch_2025_01.csv
T000454,,P0031,2025-04-28,630.83,2,SAVE10,2025-04-28 21:00:00,batch_2025_01.csv
T002953,C00170,P0144,2025-06-30,336.51,2,,2025-07-01 19:00:00,batch_2025_01.csv
T002425,C00354,P0017,2025-02-11,48.56,1,,2025-02-12 16:00:00,batch_2025_01.csv
T004892,C00382,P0112,2025-04-30,822.83,1,,2025-05-01 12:00:00,batch_2025_01.csv
T004700,C00352,P0089,2025-02-01,689.93,1,WELCOME5,2025-02-02 20:00:00,batch_2025_01.csv
T000841,C99999,P0139,03/03/2025,536.51,1,,2025-03-03 20:00:00,batch_2025_01.csv
T001061,C00079,P0131,03/13/2025,174.68,2,SAVE10,2025-03-13 08:00:00,batch_2025_01.csv
T000481,C00232,P0070,2025-05-06,632.82,5,,2025-05-06 13:00:00,batch_2025_01.csv
T003349,,P0064,2025-03-15,-45.00,5,,2025-03-16 13:00:00,batch_2025_01.csv
T003658,C00168,P0121,2025-07-22,542.88,2,,2025-07-22 04:00:00,batch_2025_01.csv
T000953,C00056,P0084,2025-06-10,295.83,4,SAVE10,2025-06-10 13:00:00,batch_2025_01.csv
T003258,C00209,P0118,2025-03-18,$614.04,2,,2025-03-19 17:00:00,batch_2025_01.csv
T002852,C00489,P0051,2025-01-18,$615.36,1,SAVE10,2025-01-19 05:00:00,batch_2025_01.csv
T003672,C00435,P0109,2025-02-28,$407.38,3,WELCOME5,2025-02-28 15:00:00,batch_2025_01.csv
T002475,C00380,P0064,06/18/2025,359.79,1,SAVE10,2025-06-18 12:00:00,batch_2025_01.csv
T003663,C00179,P0126,2025-04-12,833.51,1,,2025-04-12 16:00:00,batch_2025_01.csv
T000538,C00221,P0038,2025-05-25,$593.36,1,,2025-05-25 11:00:00,batch_2025_01.csv
T002000,C00222,P0065,2025-03-16,460.57,3,WELCOME5,2025-03-17 18:00:00,batch_2025_01.csv
T002772,C00046,P0020,01/01/2025,$381.70,5,SAVE10,2025-01-02 04:00:00,batch_2025_01.csv
T003860,C00277,P0143,04/28/2025,$781.41,2,,2025-04-28 06:00:00,batch_2025_01.csv
T000188,C00150,P0126,2025-07-20,871.24,4,,2025-07-20 16:00:00,batch_2025_01.csv
T001976,C00372,P0104,2025-04-16,688.57,1,WELCOME5,2025-04-17 19:00:00,batch_2025_01.csv
T001980,C00184,P0044,2025-08-23,$188.74,1,SAVE10,2025-08-24 02:00:00,batch_2025_01.csv
T001753,C00124,P0060,06/04/2025,204.63,3,,2025-06-05 13:00:00,batch_2025_01.csv
T003426,C00447,P0041,2025-02-12,476.78,1,WELCOME5,2025-02-13 22:00:00,batch_2025_01.csv
T002169,C00369,P0140,2025-02-07,456.71,2,,2025-02-07 18:00:00,batch_2025_01.csv
T004737,C00082,P0130,05/09/2025,220.26,1,,2025-05-09 11:00:00,batch_2025_01.csv
T001790,C00035,P0040,2025-04-07,840.19,3,,2025-04-07 22:00:00,batch_2025_01.csv
T001871,C00400,P0061,04/09/2025,$583.54,2,,2025-04-09 15:00:00,batch_2025_01.csv
T004206,C00299,P0060,05/23/2025,$206.98,5,,2025-05-24 01:00:00,batch_2025_01.csv
T004836,C00171,P0015,2025-03-11,0.00,1,,2025-03-12 19:00:00,batch_2025_01.csv
T001164,C00057,P0118,2025-02-01,835.06,2,,2025-02-01 07:00:00,batch_2025_01.csv
T004480,C00444,P0113,2025-01-08,736.20,1,,2025-01-10 00:00:00,batch_2025_01.csv
T000734,C00196,P9999,2025-06-09,144.24,5,SAVE10,2025-06-10 16:00:00,batch_2025_01.csv
T001026,C00495,P0140,2025-06-18,161.07,5,,2025-06-18 01:00:00,batch_2025_01.csv
T002268,C00035,P0141,2025-06-05,$881.35,2,WELCOME5,2025-06-05 10:00:00,batch_2025_01.csv
T001939,C00072,P0105,2025-07-28,181.68,5,WELCOME5,2025-07-29 23:00:00,batch_2025_01.csv
T004029,C00042,P0048,2025-07-27,$166.26,5,SAVE10,2025-07-27 22:00:00,batch_2025_01.csv
T002834,C00412,P0100,2025-02-03,898.04,5,SAVE10,2025-02-04 03:00:00,batch_2025_01.csv
T000025,C00382,P0096,not-a-date,$732.10,3,,2025-05-23 04:00:00,batch_2025_01.csv
T004974,C00112,P0040,02/20/2025,318.65,5,,2025-02-21 01:00:00,batch_2025_01.csv
T003508,C00204,P0140,04/11/2025,134.84,2,,2025-04-12 06:00:00,batch_2025_01.csv
T001425,C00078,P0119,2025-05-08,770.09,4,,2025-05-08 14:00:00,batch_2025_01.csv
T001873,C00011,P0017,2025-08-15,513.90,2,WELCOME5,2025-08-15 07:00:00,batch_2025_01.csv
T000330,C00074,P0081,2025-02-16,$777.26,2,,2025-02-16 06:00:00,batch_2025_01.csv
T000057,C00146,P0115,03/03/2025,$216.73,2,,2025-03-03 20:00:00,batch_2025_01.csv
T003579,C00147,P0003,2025-04-18,544.46,4,,2025-04-19 21:00:00,batch_2025_01.csv
T003627,C00170,P0055,2025-05-01,$222.28,1,,2025-05-02 22:00:00,batch_2025_01.csv
T000120,C00022,P0074,01/21/2025,$860.14,4,,2025-01-21 23:00:00,batch_2025_01.csv
T000155,C00412,P0144,2025-02-23,201.58,2,,2025-02-23 22:00:00,batch_2025_01.csv
T001321,C00098,P0143,2025-08-13,$597.73,1,,2025-08-14 17:00:00,batch_2025_01.csv
T000343,C00312,P0052,08/01/2025,701.94,4,,2025-08-02 10:00:00,batch_2025_01.csv
T001881,C00368,P0035,2025-02-24,204.89,1,WELCOME5,2025-02-24 14:00:00,batch_2025_01.csv
T000498,C00420,P0100,06/24/2025,177.36,3,,2025-06-25 08:00:00,batch_2025_01.csv
T001031,C00484,P0066,2025-08-29,611.46,3,,2025-08-30 21:00:00,batch_2025_01.csv
T001282,C00068,P0004,2025-06-24,,5,,2025-06-24 18:00:00,batch_2025_01.csv
T000195,C00383,P0133,2025-06-26,505.73,4,WELCOME5,2025-06-27 13:00:00,batch_2025_01.csv
T004519,C00201,P0087,02/25/2025,$387.12,3,,2025-02-26 17:00:00,batch_2025_01.csv
T004665,C00170,P0020,2025-03-26,,4,WELCOME5,2025-03-28 00:00:00,batch_2025_01.csv
T002841,C00312,P0068,06/26/2025,310.36,3,WELCOME5,2025-06-26 13:00:00,batch_2025_01.csv
T001604,C00058,P0017,2025-05-17,-45.00,3,,2025-05-17 02:00:00,batch_2025_01.csv
T001915,C00064,P0143,2025-07-09,$824.39,2,WELCOME5,2025-07-09 01:00:00,batch_2025_01.csv
T000623,C00007,P0074,2025-04-25,835.08,1,,2025-04-26 07:00:00,batch_2025_01_late.csv
T002442,C00326,P0138,08/08/2025,474.20,1,WELCOME5,2025-08-09 18:00:00,batch_2025_01.csv
T000925,C00335,P0132,2025-02-08,$890.43,2,SAVE10,2025-02-09 02:00:00,batch_2025_01.csv
T002752,C00071,P0036,2025-06-27,$746.96,5,SAVE10,2025-06-28 06:00:00,batch_2025_01.csv
T003230,C00057,P0014,2025-05-07,$475.03,3,,2025-05-07 15:00:00,batch_2025_01.csv
T004881,C00362,P0120,04/21/2025,99.51,4,,2025-04-21 14:00:00,batch_2025_01.csv
T004990,C00389,P0140,2025-03-15,761.12,2,WELCOME5,2025-03-15 05:00:00,batch_2025_01.csv
T004324,C00467,P0070,2025-03-16,$457.37,2,WELCOME5,2025-03-16 08:00:00,batch_2025_01.csv
T001745,C00365,P0139,2025-02-22,501.19,3,,2025-02-23 06:00:00,batch_2025_01.csv
T000901,C00260,P0144,2025-04-19,773.96,2,,2025-04-19 23:00:00,batch_2025_01.csv
T001085,C00229,P0060,2025-04-22,658.99,4,,2025-04-23 00:00:00,batch_2025_01.csv
T000319,C00204,P0150,05/11/2025,99.26,5,WELCOME5,2025-05-12 19:00:00,batch_2025_01.csv
T002191,C00463,P0012,2025-08-18,396.83,1,,2025-08-19 19:00:00,batch_2025_01.csv
T001758,C00110,P0060,01/21/2025,97.53,4,WELCOME5,2025-01-22 03:00:00,batch_2025_01.csv
T000181,C00221,P0115,2025-05-12,504.83,5,,2025-05-13 03:00:00,batch_2025_01.csv
T000044,C00166,P0081,2025-01-18,142.65,3,WELCOME5,2025-01-19 07:00:00,batch_2025_01.csv
T003792,C00094,P0117,2025-03-22,703.23,5,WELCOME5,2025-03-22 19:00:00,batch_2025_01.csv
T004415,C00108,P0113,2025-08-13,688.76,5,,2025-08-13 21:00:00,batch_2025_01.csv
T003880,C00256,P0024,2025-04-07,781.49,4,WELCOME5,2025-04-07 10:00:00,batch_2025_01.csv
T003873,C00446,P0118,2025-04-11,215.70,3,WELCOME5,2025-04-11 22:00:00,batch_2025_01.csv
T002702,C00498,P0024,03/02/2025,$455.53,3,WELCOME5,2025-03-03 22:00:00,batch_2025_01.csv
T001566,C00170,P0060,08/13/2025,516.31,5,WELCOME5,2025-08-14 09:00:00,batch_2025_01.csv
T003027,C00466,P0140,04/13/2025,$89.30,5,,2025-04-13 01:00:00,batch_2025_01.csv
T003855,C00193,P0060,03/25/2025,323.45,1,,2025-03-26 22:00:00,batch_2025_01.csv
T003999,C00049,P0131,2025-05-29,341.72,3,,2025-05-30 20:00:00,batch_2025_01.csv
T001208,C00172,P0006,2025-03-09,$166.34,1,WELCOME5,2025-03-09 05:00:00,batch_2025_01.csv
T000477,C00409,P0075,2025-07-23,540.53,5,SAVE10,2025-07-23 01:00:00,batch_2025_01.csv
T003709,C00060,P0106,2025-07-05,167.29,2,,2025-07-06 02:00:00,batch_2025_01.csv
T004641,C00384,P0115,06/05/2025,822.52,1,WELCOME5,2025-06-05 07:00:00,batch_2025_01.csv
T002308,C00379,P0046,08/20/2025,394.19,4,,2025-08-21 09:00:00,batch_2025_01.csv
T004342,C00454,P0017,07/27/2025,$397.69,2,WELCOME5,2025-07-28 19:00:00,batch_2025_01.csv
T000258,C00122,P0075,03/22/2025,$240.80,3,SAVE10,2025-03-23 02:00:00,batch_2025_01.csv
T003611,C00352,P0056,04/19/2025,$625.92,5,,2025-04-19 02:00:00,batch_2025_01.csv
T003422,C00226,P0033,05/31/2025,508.23,4,SAVE10,2025-05-31 23:00:00,batch_2025_01.csv
T001202,C00091,P0071,2025-05-07,$480.37,2,,2025-05-08 10:00:00,batch_2025_01.csv
T004889,C00048,P0035,2025-07-17,146.02,4,SAVE10,2025-07-18 20:00:00,batch_2025_01.csv
T004911,C00280,P0031,2025-02-19,246.85,3,,2025-02-19 14:00:00,batch_2025_01.csv
T003175,C00045,P0007,2025-03-28,507.05,1,SAVE10,2025-03-28 18:00:00,batch_2025_01.csv
T001033,C00404,P0112,2025-06-04,346.02,1,WELCOME5,2025-06-04 16:00:00,batch_2025_01.csv
T003720,C00069,P0002,2025-04-25,65.14,4,,2025-04-25 02:00:00,batch_2025_01.csv
T001683,C00145,P0069,2025-05-11,504.19,5,,2025-05-12 01:00:00,batch_2025_01.csv
T004199,C00486,P0029,2025-02-21,626.54,1,,2025-02-21 18:00:00,batch_2025_01.csv
T001701,C00277,P0038,2025-06-13,$294.07,3,SAVE10,2025-06-13 23:00:00,batch_2025_01.csv
T003558,C00445,P0069,2025-02-03,$369.97,1,,2025-02-04 06:00:00,batch_2025_01.csv
T004766,C00336,P0011,2025-04-01,$183.12,5,,2025-04-02 15:00:00,batch_2025_01.csv
T003458,C00242,P0127,08/09/2025,98.85,2,,2025-08-10 03:00:00,batch_2025_01.csv
T004119,C00037,P0054,2025-03-21,751.44,1,WELCOME5,2025-03-21 06:00:00,batch_2025_01.csv
T004821,C00293,P0050,07/10/2025,317.12,1,,2025-07-10 17:00:00,batch_2025_01.csv
T000508,C00433,P0096,06/12/2025,375.81,2,WELCOME5,2025-06-13 04:00:00,batch_2025_01.csv
T004007,C00223,P0095,2025-05-01,184.96,1,,2025-05-01 04:00:00,batch_2025_01.csv
T000266,,P0085,2025-04-29,$117.29,4,SAVE10,2025-04-29 04:00:00,batch_2025_01.csv
T000179,C00138,P0040,2025-07-20,346.96,3,,2025-07-21 17:00:00,batch_2025_01.csv
T001420,C00390,P0112,2025-06-26,$253.11,5,SAVE10,2025-06-26 12:00:00,batch_2025_01.csv
T004011,C00110,P0017,04/11/2025,$388.07,1,WELCOME5,2025-04-11 01:00:00,batch_2025_01.csv
T003935,C00257,P0064,07/12/2025,346.76,2,SAVE10,2025-07-12 17:00:00,batch_2025_01.csv
T003323,C00246,P0098,2025-04-21,642.32,5,,2025-04-22 14:00:00,batch_2025_01.csv
T000077,C00041,P0111,2025-07-30,545.39,1,,2025-07-30 12:00:00,batch_2025_01.csv
T002578,C00264,P0071,2025-03-05,618.39,2,SAVE10,2025-03-06 04:00:00,batch_2025_01.csv
T002023,C00230,P0082,06/08/2025,48.85,1,,2025-06-08 18:00:00,batch_2025_01.csv
T001657,C00214,P0126,2025-03-20,,5,SAVE10,2025-03-21 17:00:00,batch_2025_01.csv
T003929,C00020,P0103,2025-04-28,211.36,4,SAVE10,2025-04-29 04:00:00,batch_2025_01_late.csv
T001068,C00486,P0126,2025-03-19,332.31,5,,2025-03-19 08:00:00,batch_2025_01.csv
T002557,C00140,P0079,04/25/2025,669.78,1,,2025-04-26 07:00:00,batch_2025_01.csv
T000563,C00420,P0018,2025-08-04,684.53,1,,2025-08-05 12:00:00,batch_2025_01.csv
T004656,C00396,P0072,2025-02-28,737.04,4,,2025-03-01 13:00:00,batch_2025_01.csv
T001225,C00412,P0149,2025-07-16,132.15,2,,2025-07-16 13:00:00,batch_2025_01.csv
T000375,C00137,P0042,2025-06-24,885.31,3,,2025-06-24 17:00:00,batch_2025_01.csv
T004713,C00066,P0021,2025-06-14,$854.33,3,WELCOME5,2025-06-15 22:00:00,batch_2025_01.csv
T002982,C00027,P0016,2025-06-28,97.12,3,,2025-06-29 11:00:00,batch_2025_01.csv
T001076,C00254,P0137,2025-01-20,$784.27,5,SAVE10,2025-01-20 11:00:00,batch_2025_01.csv
T000192,C00206,P0137,2025-08-24,459.90,3,WELCOME5,2025-08-25 21:00:00,batch_2025_01.csv
T001336,C00467,P0096,02/25/2025,303.70,1,,2025-02-26 12:00:00,batch_2025_01.csv
T001563,C00489,P0044,2025-04-25,27.73,4,,2025-04-26 12:00:00,batch_2025_01.csv
T004404,C00070,P0064,2025-03-09,82.69,1,WELCOME5,2025-03-09 23:00:00,batch_2025_01.csv
T002015,C00496,P0148,05/31/2025,161.30,5,WELCOME5,2025-05-31 15:00:00,batch_2025_01.csv
T001645,C00212,P0130,2025-02-25,579.41,2,WELCOME5,2025-02-26 04:00:00,batch_2025_01.csv
T003828,C00392,P0063,2025-04-23,291.07,1,,2025-04-25 00:00:00,batch_2025_01.csv
T003783,C00267,P0046,2025-07-31,627.30,2,SAVE10,2025-07-31 16:00:00,batch_2025_01.csv
T000173,C00461,P0140,01/09/2025,510.65,2,WELCOME5,2025-01-09 12:00:00,batch_2025_01.csv
T004080,C00258,P0028,2025-01-11,590.60,3,,2025-01-12 20:00:00,batch_2025_01.csv
T004799,C00445,P0025,2025-04-03,821.00,5,WELCOME5,2025-04-03 18:00:00,batch_2025_01.csv
T001353,C00384,P0141,2025-01-03,380.99,3,WELCOME5,2025-01-03 19:00:00,batch_2025_01.csv
T002750,C00294,P0107,2025-06-24,$190.28,5,SAVE10,2025-06-24 11:00:00,batch_2025_01.csv
T004918,C00422,P0144,03/09/2025,$706.81,5,,2025-03-10 14:00:00,batch_2025_01.csv
T002325,C00080,P0102,2025-06-15,97.00,5,,2025-06-16 12:00:00,batch_2025_01.csv
T000310,C00264,P0041,2025-07-01,$66.53,5,WELCOME5,2025-07-02 09:00:00,batch_2025_01.csv
T003312,C00362,P0047,2025-06-16,$280.62,3,,2025-06-16 11:00:00,batch_2025_01.csv
T003415,C00322,P0091,2025-02-04,392.82,5,WELCOME5,2025-02-04 15:00:00,batch_2025_01.csv
T001512,C00065,P0057,2025-07-26,467.14,1,SAVE10,2025-07-26 10:00:00,batch_2025_01.csv
T003923,C00430,P0037,05/21/2025,619.82,1,,2025-05-21 22:00:00,batch_2025_01.csv
T004950,C00360,P0063,2025-02-15,616.76,1,,2025-02-16 10:00:00,batch_2025_01.csv
T000398,C00276,P0141,03/20/2025,852.71,3,,2025-03-20 14:00:00,batch_2025_01.csv
T002286,C00226,P0111,2025-02-20,$357.23,2,WELCOME5,2025-02-21 20:00:00,batch_2025_01.csv
T002301,C00403,P0096,04/12/2025,521.54,2,,2025-04-12 20:00:00,batch_2025_01.csv
T004619,C00359,P0066,2025-07-28,$34.77,4,,2025-07-29 16:00:00,batch_2025_01.csv
T004128,C00346,P0101,not-a-date,113.41,4,,2025-07-25 12:00:00,batch_2025_01.csv
T000448,C00182,P9999,03/10/2025,$805.73,2,SAVE10,2025-03-10 12:00:00,batch_2025_01.csv
T002044,C00374,P0027,05/21/2025,358.11,4,,2025-05-21 12:00:00,batch_2025_01.csv
T004329,C00354,P0139,2025-02-17,$139.01,4,,2025-02-18 15:00:00,batch_2025_01.csv
T003004,C00208,P0149,02/10/2025,$630.59,3,SAVE10,2025-02-10 19:00:00,batch_2025_01.csv
T002123,C00262,P0080,2025-04-24,143.31,4,,2025-04-24 01:00:00,batch_2025_01.csv
T000434,C00383,P0059,2025-06-29,$406.36,3,WELCOME5,2025-06-29 11:00:00,batch_2025_01.csv
T001057,C00492,P0069,2025-05-06,$113.96,2,,2025-05-07 12:00:00,batch_2025_01.csv
T001383,C00143,P0036,04/16/2025,512.02,2,,2025-04-16 15:00:00,batch_2025_01.csv
T004895,C00069,P0105,2025-01-31,106.31,3,,2025-01-31 02:00:00,batch_2025_01.csv
T004727,C00339,P0018,02/21/2025,509.47,1,,2025-02-22 18:00:00,batch_2025_01.csv
T003036,C00048,P0031,05/17/2025,126.21,2,SAVE10,2025-05-18 06:00:00,batch_2025_01.csv
T004651,C00087,P0133,08/04/2025,$636.53,5,,2025-08-04 21:00:00,batch_2025_01.csv
T002836,C00009,P0034,07/28/2025,341.58,4,WELCOME5,2025-07-29 12:00:00,batch_2025_01.csv
T002716,C00221,P0050,2025-05-03,173.12,2,WELCOME5,2025-05-03 19:00:00,batch_2025_01.csv
T003929,C00020,P0103,2025-04-28,211.36,4,SAVE10,2025-04-28 22:00:00,batch_2025_01.csv
T004246,C00145,P0115,2025-08-02,221.37,5,,2025-08-02 10:00:00,batch_2025_01.csv
T001585,C00097,P0023,05/31/2025,$281.95,3,,2025-06-02 00:00:00,batch_2025_01.csv
T004072,C00321,P0093,2025-08-18,$818.11,2,,2025-08-18 15:00:00,batch_2025_01.csv
T004674,C00405,P0063,2025-08-15,$190.41,4,WELCOME5,2025-08-16 03:00:00,batch_2025_01.csv
T001642,C00148,P0016,2025-05-10,402.72,3,,2025-05-10 01:00:00,batch_2025_01.csv
T001269,C00030,P9999,2025-03-14,$399.19,2,,2025-03-14 03:00:00,batch_2025_01.csv
T000736,C00280,P0005,01/09/2025,857.70,4,,2025-01-10 04:00:00,batch_2025_01.csv
T000693,C00072,P0142,2025-01-07,112.25,3,,2025-01-08 02:00:00,batch_2025_01.csv
T001120,C00360,P0025,2025-08-18,$303.54,2,,2025-08-20 00:00:00,batch_2025_01.csv
T004374,C00293,P0078,07/04/2025,126.78,2,,2025-07-05 07:00:00,batch_2025_01.csv
T001434,C00197,P0149,2025-04-18,590.57,2,,2025-04-19 03:00:00,batch_2025_01.csv
T001935,C00353,P0097,2025-06-13,$305.80,5,,2025-06-14 21:00:00,batch_2025_01.csv
T003113,C00363,P0095,2025-01-06,748.77,1,SAVE10,2025-01-06 20:00:00,batch_2025_01.csv
T000614,C00086,P0010,2025-06-02,$627.99,3,,2025-06-04 00:00:00,batch_2025_01.csv
T001541,C00295,P0025,2025-07-15,$112.79,5,SAVE10,2025-07-15 16:00:00,batch_2025_01.csv
T004087,C00082,P0002,2025-04-23,888.41,4,,2025-04-24 02:00:00,batch_2025_01.csv
T002058,C00258,P0130,2025-04-23,$778.35,3,WELCOME5,2025-04-23 23:00:00,batch_2025_01.csv
T003763,C00260,P0081,07/13/2025,409.79,4,WELCOME5,2025-07-13 15:00:00,batch_2025_01.csv
T001341,C00440,P0080,04/19/2025,708.02,4,,2025-04-20 09:00:00,batch_2025_01.csv
T000204,C00306,P0100,2025-05-31,553.29,5,,2025-05-31 08:00:00,batch_2025_01.csv
T001709,C00328,P0117,06/27/2025,146.89,5,,2025-06-27 13:00:00,batch_2025_01.csv
T001791,C00073,P0051,2025-04-09,91.13,3,,2025-04-09 18:00:00,batch_2025_01.csv
T003708,C00051,P0039,07/06/2025,22.10,4,,2025-07-06 18:00:00,batch_2025_01.csv
T001986,C00232,P0053,2025-08-01,$616.39,2,SAVE10,2025-08-01 07:00:00,batch_2025_01.csv
T002026,C00185,P0034,2025-05-12,,4,,2025-05-13 10:00:00,batch_2025_01.csv
T004813,C00092,P0037,2025-04-03,475.55,1,WELCOME5,2025-04-03 21:00:00,batch_2025_01.csv
T002879,C00325,P0104,07/23/2025,$795.67,3,WELCOME5,2025-07-23 17:00:00,batch_2025_01.csv
T003040,C00087,P0064,2025-01-31,580.14,2,,2025-01-31 23:00:00,batch_2025_01.csv
T002460,C00378,P0122,08/07/2025,$241.63,4,,2025-08-09 00:00:00,batch_2025_01.csv
T001664,C00231,P0100,07/22/2025,701.47,1,SAVE10,2025-07-22 18:00:00,batch_2025_01.csv
T001974,C00329,P0106,2025-01-13,$567.26,3,,2025-01-14 23:00:00,batch_2025_01.csv
T000619,C00442,P0009,2025-01-22,313.82,4,SAVE10,2025-01-22 10:00:00,batch_2025_01.csv
T000239,C00260,P0074,2025-05-09,568.69,5,WELCOME5,2025-05-10 03:00:00,batch_2025_01.csv
T003826,C00109,P0087,02/13/2025,$456.96,4,,2025-02-13 19:00:00,batch_2025_01.csv
T002569,C00164,P0071,02/07/2025,393.07,2,,2025-02-08 22:00:00,batch_2025_01.csv
T003769,C00373,P0048,07/15/2025,$207.99,4,,2025-07-15 09:00:00,batch_2025_01.csv
T004822,C00329,P0004,2025-07-13,620.82,2,,2025-07-13 11:00:00,batch_2025_01.csv
T003609,C00224,P0019,2025-03-16,$286.89,4,WELCOME5,2025-03-16 10:00:00,batch_2025_01.csv
T000461,C00354,P0042,2025-07-28,$61.55,4,,2025-07-28 17:00:00,batch_2025_01.csv
T004837,C00300,P0008,2025-01-31,753.95,4,,2025-02-01 12:00:00,batch_2025_01.csv
T000287,C00084,P0116,2025-08-05,73.75,1,,2025-08-05 03:00:00,batch_2025_01.csv
T003211,C00201,P0095,2025-06-23,N/A,5,SAVE10,2025-06-24 08:00:00,batch_2025_01.csv
T001294,C00055,P0055,05/11/2025,$728.77,5,,2025-05-12 22:00:00,batch_2025_01.csv
T000340,C00025,P0030,2025-04-08,379.76,2,,2025-04-08 08:00:00,batch_2025_01.csv
T000216,C00413,P0016,2025-05-17,516.51,3,,2025-05-17 18:00:00,batch_2025_01.csv
T004187,C00262,P0147,2025-03-07,129.52,2,,2025-03-07 19:00:00,batch_2025_01.csv
T000087,C00365,P0045,2025-05-11,715.98,2,,2025-05-11 21:00:00,batch_2025_01_late.csv
T000134,C00328,P0076,02/26/2025,335.85,4,WELCOME5,2025-02-26 15:00:00,batch_2025_01.csv
T000127,C00153,P0146,2025-08-26,545.68,5,WELCOME5,2025-08-26 22:00:00,batch_2025_01.csv
T002914,C00117,P0025,2025-04-23,,4,SAVE10,2025-04-24 19:00:00,batch_2025_01.csv
T002282,C00201,P0042,01/21/2025,142.55,1,WELCOME5,2025-01-21 13:00:00,batch_2025_01.csv
T000263,C00134,P0045,2025-04-14,$35.73,1,SAVE10,2025-04-15 05:00:00,batch_2025_01.csv
T003017,C00384,P0149,2025-06-12,$892.41,3,SAVE10,2025-06-12 11:00:00,batch_2025_01.csv
T001930,C00304,P0024,2025-02-20,570.74,3,,2025-02-21 08:00:00,batch_2025_01.csv
T001134,C00394,P0111,2025-03-26,185.93,4,,2025-03-26 05:00:00,batch_2025_01.csv
T000170,C00208,P0098,2025-05-02,$344.44,1,SAVE10,2025-05-02 04:00:00,batch_2025_01.csv
T003752,C00375,P0147,2025-06-13,547.03,5,,2025-06-14 07:00:00,batch_2025_01.csv
T002223,C00133,P0086,2025-04-01,48.50,2,,2025-04-02 12:00:00,batch_2025_01.csv
T003438,C00389,P0084,2025-06-16,521.44,2,,2025-06-17 17:00:00,batch_2025_01.csv
T001023,C00429,P0150,2025-07-29,$488.77,1,,2025-07-30 18:00:00,batch_2025_01.csv
T001110,C00370,P0087,2025-06-15,404.02,1,,2025-06-16 21:00:00,batch_2025_01.csv
T000349,C00184,P0113,2025-03-10,859.94,2,,2025-03-11 23:00:00,batch_2025_01.csv
T001283,C00173,P0147,2025-06-07,$359.98,5,,2025-06-07 18:00:00,batch_2025_01.csv
T002664,C00453,P0140,03/15/2025,339.78,5,,2025-03-15 18:00:00,batch_2025_01.csv
T004595,C00222,P0114,2025-01-05,$216.60,3,,2025-01-05 11:00:00,batch_2025_01.csv
T000218,C00142,P0033,2025-02-03,633.67,2,SAVE10,2025-02-03 16:00:00,batch_2025_01.csv
T001651,C00445,P0119,02/06/2025,411.34,1,,2025-02-08 00:00:00,batch_2025_01.csv
T003405,C00399,P0098,2025-01-08,859.51,5,,2025-01-09 10:00:00,batch_2025_01.csv
T004812,C00483,P0025,2025-06-26,62.47,4,SAVE10,2025-06-26 07:00:00,batch_2025_01.csv
T004304,C00167,P0005,2025-07-14,,3,,2025-07-14 18:00:00,batch_2025_01.csv
T004021,C00473,P0139,2025-04-24,456.19,1,WELCOME5,2025-04-24 18:00:00,batch_2025_01.csv
T001371,C00258,P0004,2025-01-09,549.24,1,,2025-01-10 18:00:00,batch_2025_01.csv
T001562,C00239,P0069,2025-01-14,520.24,4,,2025-01-15 06:00:00,batch_2025_01.csv
T002148,C00401,P0079,02/26/2025,693.06,1,SAVE10,2025-02-26 13:00:00,batch_2025_01.csv
T003615,C00363,P0138,01/23/2025,662.60,4,WELCOME5,2025-01-24 10:00:00,batch_2025_01.csv
T004417,C00094,P0050,2025-03-30,127.14,3,WELCOME5,2025-03-31 12:00:00,batch_2025_01.csv
T001704,C00456,P0011,2025-08-24,314.36,2,WELCOME5,2025-08-25 17:00:00,batch_2025_01.csv
T000001,C00018,P0149,02/03/2025,,4,,2025-02-03 06:00:00,batch_2025_01.csv
T003546,C00494,P0080,2025-05-16,814.83,4,,2025-05-16 01:00:00,batch_2025_01.csv
T001070,C00333,P0071,04/09/2025,195.35,5,,2025-04-09 06:00:00,batch_2025_01.csv
T002775,C00100,P0068,02/25/2025,0.00,2,,2025-02-25 21:00:00,batch_2025_01.csv
T002974,C00351,P0113,08/14/2025,343.06,1,,2025-08-14 17:00:00,batch_2025_01.csv
T000653,C00231,P0106,2025-02-14,$221.41,4,WELCOME5,2025-02-15 16:00:00,batch_2025_01.csv
T000648,C00416,P0103,2025-06-25,297.22,2,,2025-06-26 13:00:00,batch_2025_01.csv
T003132,C00192,P0013,2025-08-16,743.78,3,SAVE10,2025-08-16 01:00:00,batch_2025_01.csv
T003822,C00445,P0114,07/23/2025,$712.16,5,SAVE10,2025-07-24 02:00:00,batch_2025_01.csv
T000315,C99999,P0042,07/19/2025,$769.61,2,,2025-07-19 14:00:00,batch_2025_01.csv
T003735,C00169,P0042,2025-04-06,$639.85,2,WELCOME5,2025-04-06 11:00:00,batch_2025_01.csv
T001695,C00139,P0006,05/03/2025,634.97,1,SAVE10,2025-05-03 05:00:00,batch_2025_01.csv
T000704,C00490,P0121,2025-06-20,118.77,2,,2025-06-20 19:00:00,batch_2025_01.csv
T002318,C00465,P0007,02/17/2025,544.03,2,,2025-02-18 13:00:00,batch_2025_01.csv
T001186,C00314,P0013,2025-06-28,$358.85,1,,2025-06-29 06:00:00,batch_2025_01.csv
T004909,C00458,P0103,2025-05-05,$467.67,5,,2025-05-06 15:00:00,batch_2025_01.csv
T003369,C00017,P0004,2025-01-10,776.64,5,,2025-01-10 17:00:00,batch_2025_01.csv
T000024,C00192,P0040,2025-05-02,620.64,4,,2025-05-02 05:00:00,batch_2025_01.csv
T003131,C00444,P0049,06/09/2025,137.85,5,,2025-06-10 00:00:00,batch_2025_01.csv
T000182,C00306,P0084,2025-01-04,$778.44,5,,2025-01-04 19:00:00,batch_2025_01.csv
T002700,C00154,P0061,01/13/2025,602.24,5,SAVE10,2025-01-14 10:00:00,batch_2025_01.csv
T004526,C00013,P0004,2025-01-25,425.51,3,,2025-01-26 19:00:00,batch_2025_01.csv
T003757,C00331,P0002,2025-05-08,$427.48,5,,2025-05-09 14:00:00,batch_2025_01.csv
T003674,C00246,P0007,2025-07-06,N/A,1,,2025-07-06 15:00:00,batch_2025_01.csv
T000967,C00085,P0051,2025-02-15,226.47,4,,2025-02-16 15:00:00,batch_2025_01.csv
T003026,C00373,P0016,2025-08-10,859.87,1,,2025-08-11 04:00:00,batch_2025_01.csv
T001857,C00112,P0033,2025-07-30,159.08,1,WELCOME5,2025-07-31 20:00:00,batch_2025_01.csv
T004982,C00348,P0020,2025-01-15,354.85,1,,2025-01-16 05:00:00,batch_2025_01.csv
T001824,C00272,P0101,06/01/2025,801.51,1,SAVE10,2025-06-02 16:00:00,batch_2025_01.csv
T004356,C00472,P0026,2025-04-16,31.11,2,SAVE10,2025-04-17 08:00:00,batch_2025_01.csv
T002891,C00498,P0075,2025-05-14,68.11,2,,2025-05-14 04:00:00,batch_2025_01.csv
T000425,C00091,P0122,06/03/2025,$812.23,1,,2025-06-03 03:00:00,batch_2025_01.csv
T004548,C00384,P0106,2025-03-27,663.48,3,,2025-03-27 08:00:00,batch_2025_01.csv
T002374,C00479,P0139,2025-01-13,0.00,4,,2025-01-13 20:00:00,batch_2025_01_late.csv
T000956,C00035,P0056,2025-07-16,374.70,5,WELCOME5,2025-07-17 15:00:00,batch_2025_01.csv
T002047,C00466,P0055,08/14/2025,$668.97,3,WELCOME5,2025-08-14 11:00:00,batch_2025_01.csv
T000114,C99999,P0053,07/18/2025,374.06,1,,2025-07-19 16:00:00,batch_2025_01.csv
T004225,C00107,P0059,2025-05-23,441.49,1,,2025-05-23 18:00:00,batch_2025_01.csv
T001473,C00231,P0079,2025-04-11,387.37,1,SAVE10,2025-04-12 03:00:00,batch_2025_01.csv
T001848,C00187,P0020,2025-07-09,452.47,3,,2025-07-09 20:00:00,batch_2025_01.csv
T000378,C00214,P0081,01/14/2025,869.52,4,,2025-01-14 01:00:00,batch_2025_01.csv
T000781,C00500,P0068,2025-04-26,$218.05,4,,2025-04-26 16:00:00,batch_2025_01.csv
T002324,C00392,P0130,2025-08-01,727.78,4,,2025-08-01 13:00:00,batch_2025_01.csv
T001128,C00391,P0114,02/05/2025,588.06,3,,2025-02-05 08:00:00,batch_2025_01.csv
T001889,C00116,P0035,2025-07-05,$36.09,3,SAVE10,2025-07-06 23:00:00,batch_2025_01.csv
T002839,C00429,P0003,2025-05-31,564.47,1,WELCOME5,2025-05-31 08:00:00,batch_2025_01.csv
T003700,C00176,P0036,05/17/2025,$711.25,4,SAVE10,2025-05-17 10:00:00,batch_2025_01.csv
T000269,C00246,P0016,2025-04-09,$86.25,5,,2025-04-09 09:00:00,batch_2025_01.csv
T002933,C00205,P0028,08/28/2025,$168.92,3,,2025-08-29 17:00:00,batch_2025_01.csv
T002857,C00273,P0102,07/10/2025,395.78,2,SAVE10,2025-07-10 20:00:00,batch_2025_01.csv
T004647,C00281,P0076,2025-01-10,$133.78,5,WELCOME5,2025-01-11 06:00:00,batch_2025_01.csv
T003374,C00330,P0105,2025-06-21,463.92,5,SAVE10,2025-06-21 01:00:00,batch_2025_01.csv
T002845,C00383,P0143,2025-03-14,866.68,5,,2025-03-15 21:00:00,batch_2025_01.csv
T000236,C00198,P0029,2025-06-13,223.04,1,,2025-06-14 15:00:00,batch_2025_01.csv
T004628,C00105,P0070,2025-08-28,785.17,3,,2025-08-28 10:00:00,batch_2025_01.csv
T003997,C00285,P0055,2025-05-27,575.01,5,SAVE10,2025-05-27 03:00:00,batch_2025_01.csv
T000376,C00386,P0139,2025-07-28,36.82,5,,2025-07-29 05:00:00,batch_2025_01.csv
T000923,C00098,P0036,07/12/2025,898.58,1,,2025-07-13 22:00:00,batch_2025_01.csv
T003127,C00386,P0055,2025-04-26,385.19,5,,2025-04-27 20:00:00,batch_2025_01.csv
T003078,C00308,P0028,2025-03-28,300.24,5,,2025-03-28 21:00:00,batch_2025_01.csv
T001513,C00145,P0027,03/06/2025,230.80,4,WELCOME5,2025-03-06 12:00:00,batch_2025_01.csv
T004275,C00311,P0057,2025-01-01,$396.92,5,,2025-01-02 14:00:00,batch_2025_01.csv
T003166,C00363,P0039,2025-01-08,381.80,5,WELCOME5,2025-01-09 09:00:00,batch_2025_01.csv
T001325,C00195,P0150,2025-03-31,217.37,3,,2025-04-01 07:00:00,batch_2025_01.csv
T003936,C00232,P0023,2025-07-26,889.87,3,,2025-07-26 02:00:00,batch_2025_01.csv
T000467,C00139,P0114,08/29/2025,$704.63,4,SAVE10,2025-08-30 00:00:00,batch_2025_01.csv
T004143,C00413,P0090,08/10/2025,257.45,1,,2025-08-10 03:00:00,batch_2025_01.csv
T004193,C00306,P0121,2025-01-05,557.20,3,,2025-01-06 08:00:00,batch_2025_01.csv
T002711,C00274,P0047,07/23/2025,322.58,3,SAVE10,2025-07-24 19:00:00,batch_2025_01.csv
T000259,C00140,P0060,02/21/2025,$74.62,2,,2025-02-21 09:00:00,batch_2025_01.csv
T000857,C00277,P0012,08/16/2025,$862.61,2,,2025-08-17 05:00:00,batch_2025_01.csv
T004414,C00160,P0070,2025-04-16,663.23,3,,2025-04-17 21:00:00,batch_2025_01.csv
T004195,C00224,P0110,2025-06-23,126.25,4,,2025-06-24 13:00:00,batch_2025_01.csv
T002386,C00128,P0015,2025-06-14,162.82,2,,2025-06-15 00:00:00,batch_2025_01.csv
T000324,C00352,P0137,2025-05-02,577.38,2,WELCOME5,2025-05-03 19:00:00,batch_2025_01.csv
T000123,C00368,P0121,2025-07-17,$97.69,2,SAVE10,2025-07-17 09:00:00,batch_2025_01.csv
T001302,C00061,P0021,2025-05-10,$372.38,2,,2025-05-10 10:00:00,batch_2025_01.csv
T001465,C00260,P0124,2025-06-15,$466.67,3,,2025-06-15 20:00:00,batch_2025_01.csv
T000910,C00482,P0135,06/09/2025,879.57,2,,2025-06-10 04:00:00,batch_2025_01.csv
T001621,C00381,P0039,2025-03-20,862.50,5,SAVE10,2025-03-20 05:00:00,batch_2025_01.csv
T002541,C00385,P0071,2025-04-30,$493.24,4,,2025-04-30 02:00:00,batch_2025_01.csv
T001193,C00181,P0143,2025-03-04,753.30,1,,2025-03-05 19:00:00,batch_2025_01.csv
T003595,C00090,P0132,2025-06-27,426.18,5,,2025-06-27 15:00:00,batch_2025_01.csv
T004698,C00156,P0040,2025-08-13,880.64,3,,2025-08-15 00:00:00,batch_2025_01.csv
T001794,C00373,P0124,02/26/2025,710.01,4,,2025-02-27 06:00:00,batch_2025_01.csv
T004245,C00206,P0141,03/15/2025,532.21,4,,2025-03-15 22:00:00,batch_2025_01.csv
T004209,C00306,P0021,2025-04-05,90.81,3,,2025-04-05 14:00:00,batch_2025_01.csv
T003705,C00024,P0110,2025-06-04,237.69,4,SAVE10,2025-06-05 22:00:00,batch_2025_01.csv
T004622,C00040,P0142,2031-01-01,661.87,2,SAVE10,2025-04-18 19:00:00,batch_2025_01.csv
T001870,C00430,P0123,2025-03-11,867.45,2,,2025-03-11 11:00:00,batch_2025_01.csv
T001018,C00399,P0119,2025-06-16,$779.49,3,,2025-06-17 01:00:00,batch_2025_01.csv
T002820,C00394,P0042,2025-07-09,$692.32,5,WELCOME5,2025-07-10 23:00:00,batch_2025_01.csv
T001022,C00208,P0006,07/29/2025,$359.27,1,WELCOME5,2025-07-30 11:00:00,batch_2025_01.csv
T001147,C00155,P0079,2025-08-11,$455.86,4,SAVE10,2025-08-11 08:00:00,batch_2025_01.csv
T002438,C00098,P0040,2025-07-22,600.13,5,,2025-07-22 11:00:00,batch_2025_01.csv
T003814,C00378,P0093,2025-02-15,33.04,3,WELCOME5,2025-02-15 01:00:00,batch_2025_01.csv
T004387,C00434,P0108,01/03/2025,$807.59,1,,2025-01-03 09:00:00,batch_2025_01.csv
T002322,C00116,P0034,2025-04-20,210.16,4,SAVE10,2025-04-20 06:00:00,batch_2025_01.csv
T000419,C00012,P0063,2025-05-27,$46.48,1,WELCOME5,2025-05-28 14:00:00,batch_2025_01.csv
T001885,C00408,P0106,2025-01-26,799.62,5,,2025-01-26 06:00:00,batch_2025_01.csv
T000033,C00026,P0021,2025-06-19,250.72,3,,2025-06-20 04:00:00,batch_2025_01.csv
T002886,C00316,P0074,2025-03-28,509.65,1,,2025-03-28 15:00:00,batch_2025_01.csv
T000318,C00459,P0097,2025-04-28,767.61,5,WELCOME5,2025-04-28 17:00:00,batch_2025_01.csv
T001081,C00498,P0095,2025-06-30,297.51,5,,2025-07-01 12:00:00,batch_2025_01.csv
T004805,C00465,P0138,2025-03-16,287.85,1,WELCOME5,2025-03-17 17:00:00,batch_2025_01.csv
T001171,C00141,P0124,01/24/2025,$185.72,4,SAVE10,2025-01-24 23:00:00,batch_2025_01.csv
T004385,C00017,P0093,2025-07-31,$811.27,5,,2025-07-31 20:00:00,batch_2025_01.csv
T000577,C00212,P0023,2025-03-02,451.37,2,WELCOME5,2025-03-03 00:00:00,batch_2025_01.csv
T000206,C00060,P0047,2025-02-06,$340.99,5,SAVE10,2025-02-07 09:00:00,batch_2025_01.csv
T003571,C00406,P0080,03/18/2025,823.95,5,SAVE10,2025-03-19 18:00:00,batch_2025_01_late.csv
T002727,C00217,P0054,2025-06-04,712.71,3,SAVE10,2025-06-04 19:00:00,batch_2025_01.csv
T004765,C00327,P0065,2025-07-01,592.03,1,WELCOME5,2025-07-01 12:00:00,batch_2025_01.csv
T004084,C00422,P0039,2025-03-17,$288.59,2,,2025-03-19 00:00:00,batch_2025_01.csv
T001991,C00279,P0082,2025-03-28,372.32,1,SAVE10,2025-03-28 15:00:00,batch_2025_01.csv
T000099,C00500,P0103,2025-04-05,124.64,4,,2025-04-06 15:00:00,batch_2025_01_late.csv
T003047,C00152,P0038,2025-02-17,,2,SAVE10,2025-02-18 05:00:00,batch_2025_01.csv
T000411,C00377,P0124,01/11/2025,845.74,3,,2025-01-11 15:00:00,batch_2025_01.csv
T001154,C00212,P0102,2025-04-06,14.78,3,,2025-04-06 15:00:00,batch_2025_01.csv
T003241,C00488,P0056,02/28/2025,$258.11,1,,2025-03-01 10:00:00,batch_2025_01.csv
T000749,C00304,P0087,2025-05-26,251.84,1,,2025-05-27 10:00:00,batch_2025_01.csv
T001285,C00005,P0120,2025-04-02,$41.01,4,,2025-04-03 07:00:00,batch_2025_01.csv
T001561,C00275,P0081,2025-07-31,101.49,5,,2025-08-01 15:00:00,batch_2025_01.csv
T004543,C00277,P0096,2025-01-04,202.50,4,,2025-01-04 03:00:00,batch_2025_01.csv
T001545,C00435,P0065,2025-06-24,327.86,3,SAVE10,2025-06-24 23:00:00,batch_2025_01.csv
T003892,C00323,P0099,2025-08-14,690.41,5,,2025-08-14 17:00:00,batch_2025_01.csv
T004811,C00414,P0062,2025-06-16,234.68,1,,2025-06-17 22:00:00,batch_2025_01.csv
T002888,C00361,P0078,03/18/2025,845.63,2,,2025-03-18 12:00:00,batch_2025_01.csv
T001555,C00281,P0040,2025-03-12,603.43,2,,2025-03-12 02:00:00,batch_2025_01.csv
T001815,C00056,P0115,2025-07-05,120.49,3,WELCOME5,2025-07-05 05:00:00,batch_2025_01.csv
T000074,C00243,P0065,2025-06-15,40.67,1,,2025-06-15 13:00:00,batch_2025_01.csv
T001207,C00162,P0018,2025-03-27,156.65,4,SAVE10,2025-03-28 06:00:00,batch_2025_01.csv
T003872,C00498,P0143,2019-13-40,487.39,3,SAVE10,2025-01-19 00:00:00,batch_2025_01.csv
T000342,C00215,P0027,2025-06-08,$464.33,4,,2025-06-08 08:00:00,batch_2025_01.csv
T002526,C00233,P0030,2025-05-29,$479.75,1,WELCOME5,2025-05-29 15:00:00,batch_2025_01.csv
T001572,C00232,P0025,2025-01-06,$475.29,3,,2025-01-07 15:00:00,batch_2025_01.csv
T004870,C00211,P0012,2025-07-18,,1,SAVE10,2025-07-18 08:00:00,batch_2025_01.csv
T003454,C00400,P0043,2025-06-22,310.44,5,,2025-06-22 07:00:00,batch_2025_01.csv
T001054,C00187,P0110,2025-05-18,803.84,4,,2025-05-18 18:00:00,batch_2025_01.csv
T001967,C00293,P0087,2025-07-12,882.58,3,SAVE10,2025-07-12 08:00:00,batch_2025_01.csv
T004787,C00005,P0140,07/08/2025,188.43,2,,2025-07-08 14:00:00,batch_2025_01.csv
T002075,C00177,P0033,05/30/2025,$703.06,2,SAVE10,2025-05-31 08:00:00,batch_2025_01.csv
T000679,C00461,P0075,04/05/2025,411.16,1,,2025-04-06 20:00:00,batch_2025_01.csv
T001813,C00157,P0076,2025-07-28,590.91,3,,2025-07-29 02:00:00,batch_2025_01.csv
T003530,C00077,P0132,2025-04-27,$512.22,2,,2025-04-27 10:00:00,batch_2025_01.csv
T003149,C00404,P0132,2025-02-10,$312.15,4,WELCOME5,2025-02-11 06:00:00,batch_2025_01.csv
T004657,C00448,P0035,2025-07-16,$481.42,4,SAVE10,2025-07-17 12:00:00,batch_2025_01.csv
T003190,C00415,P0056,2025-03-02,372.98,3,,2025-03-03 04:00:00,batch_2025_01.csv
T002436,C00209,P0022,06/12/2025,459.05,4,,2025-06-12 08:00:00,batch_2025_01.csv
T001100,C00418,P0018,2025-04-20,108.94,2,,2025-04-21 23:00:00,batch_2025_01.csv
T002333,C00004,P0125,02/28/2025,$604.75,5,,2025-03-01 12:00:00,batch_2025_01.csv
T002157,C00228,P0004,2025-03-11,$838.44,3,,2025-03-12 05:00:00,batch_2025_01.csv
T003912,,P0127,2025-07-12,$412.77,4,,2025-07-13 22:00:00,batch_2025_01.csv
T002090,C00127,P0014,2025-02-28,420.06,3,,2025-02-28 22:00:00,batch_2025_01.csv
T003430,C00167,P0148,2025-02-07,$431.65,1,SAVE10,2025-02-07 06:00:00,batch_2025_01.csv
T000986,C00176,P0008,2025-05-03,530.40,1,,2025-05-04 08:00:00,batch_2025_01.csv
T002414,C00371,P0076,2025-02-16,600.36,3,WELCOME5,2025-02-16 03:00:00,batch_2025_01.csv
T001997,C00293,P0036,04/12/2025,300.03,5,WELCOME5,2025-04-13 06:00:00,batch_2025_01.csv
T002898,C00181,P0026,2025-02-14,892.15,1,,2025-02-14 17:00:00,batch_2025_01.csv
T003123,C00033,P0102,2025-07-16,443.51,4,,2025-07-17 23:00:00,batch_2025_01.csv
T001890,C00079,P0017,2025-02-10,751.59,1,WELCOME5,2025-02-11 07:00:00,batch_2025_01.csv
T004720,C00404,P0039,2025-01-04,163.01,2,,2025-01-05 03:00:00,batch_2025_01.csv
T004290,C00046,P0146,2025-05-30,382.84,1,,2025-05-31 13:00:00,batch_2025_01.csv
T004165,C00117,P0066,2025-07-16,469.65,3,,2025-07-16 23:00:00,batch_2025_01.csv
T000651,C00399,P0041,2025-05-05,,1,WELCOME5,2025-05-05 12:00:00,batch_2025_01_late.csv
T004708,C00036,P0089,2025-04-30,327.85,4,SAVE10,2025-04-30 08:00:00,batch_2025_01.csv
T002831,C00245,P0070,2025-03-13,$332.12,1,WELCOME5,2025-03-13 19:00:00,batch_2025_01.csv
T004489,C00105,P0057,05/30/2025,522.01,2,,2025-05-31 10:00:00,batch_2025_01.csv
T002094,C00344,P0052,02/10/2025,549.41,4,SAVE10,2025-02-11 05:00:00,batch_2025_01.csv
T002880,C00230,P0069,2025-05-05,289.03,2,WELCOME5,2025-05-06 18:00:00,batch_2025_01.csv
T003904,C00285,P0140,2025-07-02,$583.09,3,,2025-07-02 05:00:00,batch_2025_01.csv
T004774,C00242,P0032,2025-03-21,318.64,2,,2025-03-22 12:00:00,batch_2025_01.csv
T002596,C00226,P0108,2025-08-07,888.92,1,,2025-08-08 17:00:00,batch_2025_01.csv
T002682,C00318,P0009,05/19/2025,$257.31,2,,2025-05-20 13:00:00,batch_2025_01.csv
T003717,C00296,P0043,2025-06-13,568.42,2,,2025-06-14 12:00:00,batch_2025_01.csv
T000597,C00158,P0104,01/28/2025,$70.09,4,,2025-01-29 20:00:00,batch_2025_01.csv
T002598,C00252,P0039,03/31/2025,239.45,4,WELCOME5,2025-04-01 18:00:00,batch_2025_01_late.csv
T002529,C00387,P0090,06/30/2025,$107.80,5,SAVE10,2025-06-30 16:00:00,batch_2025_01.csv
T003812,C00232,P0039,2025-03-17,586.12,1,,2025-03-18 03:00:00,batch_2025_01.csv
T001739,C00429,P0138,08/24/2025,547.92,4,SAVE10,2025-08-24 20:00:00,batch_2025_01.csv
T000647,C00419,P0028,2025-06-02,109.85,4,,2025-06-03 16:00:00,batch_2025_01.csv
T000811,C00355,P0104,07/10/2025,782.95,5,,2025-07-11 15:00:00,batch_2025_01.csv
T004738,C00062,P0071,2025-04-24,$531.69,2,SAVE10,2025-04-25 08:00:00,batch_2025_01.csv
T003778,C00333,P0061,2025-06-11,593.34,4,WELCOME5,2025-06-11 02:00:00,batch_2025_01.csv
T003518,C00017,P0089,04/26/2025,374.44,2,,2025-04-26 04:00:00,batch_2025_01.csv
T001466,C00348,P0144,2019-13-40,$456.73,2,SAVE10,2025-06-11 05:00:00,batch_2025_01.csv
T000649,C00304,P0045,2025-01-31,307.27,3,WELCOME5,2025-01-31 18:00:00,batch_2025_01.csv
T001643,C00450,P0139,2025-02-18,0.00,2,,2025-02-19 21:00:00,batch_2025_01.csv
T000306,C00349,P0103,2025-08-16,42.59,4,,2025-08-16 22:00:00,batch_2025_01.csv
T000838,C00320,P0114,2025-08-16,630.14,3,,2025-08-17 18:00:00,batch_2025_01.csv
T004556,C00092,P0144,01/05/2025,135.33,2,,2025-01-06 22:00:00,batch_2025_01_late.csv
T004770,C00481,P0082,08/03/2025,$807.48,3,,2025-08-03 05:00:00,batch_2025_01.csv
T003800,C00163,P0123,07/18/2025,425.55,5,WELCOME5,2025-07-18 04:00:00,batch_2025_01.csv
T003759,C00057,P0012,05/29/2025,-45.00,3,,2025-05-29 11:00:00,batch_2025_01.csv
T000560,C00075,P0009,2025-08-03,602.96,1,,2025-08-04 15:00:00,batch_2025_01.csv
T001946,C00131,P0088,2025-07-29,325.37,5,,2025-07-30 04:00:00,batch_2025_01.csv
T004457,C00239,P0087,2025-07-23,18.51,1,,2025-07-24 23:00:00,batch_2025_01.csv
T000735,C00406,P0120,2025-06-19,188.12,3,WELCOME5,2025-06-20 08:00:00,batch_2025_01.csv
T004731,C00173,P0003,2025-06-25,$179.71,5,,2025-06-26 08:00:00,batch_2025_01.csv
T003906,,P0018,2025-02-19,$606.27,2,,2025-02-19 21:00:00,batch_2025_01.csv
T000998,C00055,P0112,01/08/2025,894.08,4,,2025-01-08 11:00:00,batch_2025_01.csv
T003012,C00460,P0132,2025-06-27,592.95,4,,2025-06-28 06:00:00,batch_2025_01.csv
T003316,C00355,P0072,2025-08-03,,4,SAVE10,2025-08-04 00:00:00,batch_2025_01.csv
T003695,C00281,P0035,2025-01-06,791.88,4,,2025-01-07 03:00:00,batch_2025_01.csv
T003391,C00281,P0011,2025-02-20,661.25,4,,2025-02-21 11:00:00,batch_2025_01.csv
T003471,C00064,P0143,2025-03-23,319.58,2,SAVE10,2025-03-24 13:00:00,batch_2025_01.csv
T002253,C00032,P0048,05/27/2025,598.05,2,,2025-05-28 21:00:00,batch_2025_01.csv
T002572,C00407,P0075,2025-04-14,671.45,1,,2025-04-15 06:00:00,batch_2025_01.csv
T003584,C00293,P0004,2025-06-12,-45.00,5,,2025-06-12 05:00:00,batch_2025_01.csv
T000989,C00220,P0087,08/16/2025,338.74,3,SAVE10,2025-08-16 22:00:00,batch_2025_01.csv
T001964,C00303,P0092,2025-02-07,493.69,5,SAVE10,2025-02-08 04:00:00,batch_2025_01.csv
T002948,C00219,P0132,not-a-date,268.39,2,SAVE10,2025-04-17 07:00:00,batch_2025_01.csv
T001942,,P0087,2025-08-28,219.98,1,WELCOME5,2025-08-29 02:00:00,batch_2025_01.csv
T000993,C00325,P0093,2025-07-26,787.10,5,SAVE10,2025-07-28 00:00:00,batch_2025_01.csv
T003237,C00201,P0041,2025-06-09,20.59,5,SAVE10,2025-06-09 04:00:00,batch_2025_01.csv
T001229,C00387,P0036,2025-03-19,556.77,5,WELCOME5,2025-03-19 16:00:00,batch_2025_01.csv
T002052,C00367,P0030,04/25/2025,168.97,4,,2025-04-26 15:00:00,batch_2025_01.csv
T002005,C00273,P0127,2025-02-08,350.95,4,,2025-02-09 22:00:00,batch_2025_01_late.csv
T000652,C00455,P0073,2025-07-26,379.27,3,WELCOME5,2025-07-27 07:00:00,batch_2025_01.csv
T004260,C00201,P0094,2025-02-27,653.28,3,SAVE10,2025-02-28 03:00:00,batch_2025_01.csv
T003681,C00004,P0094,2025-06-14,332.54,3,SAVE10,2025-06-14 07:00:00,batch_2025_01.csv
T004453,C00093,P0063,2025-06-14,539.82,1,,2025-06-15 21:00:00,batch_2025_01.csv
T004614,C00067,P0040,2025-05-23,601.61,2,,2025-05-23 01:00:00,batch_2025_01.csv
T001973,C00440,P0083,04/15/2025,$56.46,5,SAVE10,2025-04-15 12:00:00,batch_2025_01.csv
T002954,C00090,P0077,2025-08-07,$88.70,3,WELCOME5,2025-08-09 00:00:00,batch_2025_01.csv
T000852,C00157,P0096,05/05/2025,278.51,5,SAVE10,2025-05-05 02:00:00,batch_2025_01.csv
T002768,C00212,P0077,2025-08-14,$45.94,5,,2025-08-14 04:00:00,batch_2025_01.csv
T004213,C00488,P0116,07/12/2025,471.60,2,,2025-07-13 03:00:00,batch_2025_01.csv
T000774,C00134,P0045,07/31/2025,621.22,4,,2025-07-31 21:00:00,batch_2025_01.csv
T001189,C00133,P0012,2025-03-19,$106.84,4,,2025-03-19 05:00:00,batch_2025_01.csv
T002351,C00153,P0147,04/26/2025,407.46,2,SAVE10,2025-04-26 20:00:00,batch_2025_01.csv
T000889,C00101,P0043,2025-01-17,301.67,4,,2025-01-18 17:00:00,batch_2025_01.csv
T000632,C00196,P0100,01/16/2025,304.73,4,,2025-01-16 17:00:00,batch_2025_01.csv
T004470,C00076,P9999,2025-08-28,884.10,1,,2025-08-29 05:00:00,batch_2025_01.csv
T002375,C00478,P0035,2025-03-05,37.87,3,SAVE10,2025-03-05 13:00:00,batch_2025_01.csv
T002648,C00272,P0005,2025-08-16,700.47,3,WELCOME5,2025-08-17 05:00:00,batch_2025_01.csv
T003760,C00335,P0060,04/26/2025,273.56,4,,2025-04-26 23:00:00,batch_2025_01.csv
T002786,C00146,P0150,2025-04-06,73.73,2,,2025-04-07 14:00:00,batch_2025_01.csv
T003600,C00050,P0008,01/23/2025,442.83,4,,2025-01-24 00:00:00,batch_2025_01.csv
T001577,C00479,P0075,2025-06-24,104.14,1,SAVE10,2025-06-24 12:00:00,batch_2025_01.csv
T002469,C00060,P0083,2025-06-06,819.86,3,SAVE10,2025-06-07 15:00:00,batch_2025_01.csv
T001506,C00403,P0042,2025-02-22,34.74,3,WELCOME5,2025-02-22 20:00:00,batch_2025_01.csv
T000244,C00401,P0067,02/02/2025,156.93,1,,2025-02-04 00:00:00,batch_2025_01.csv
T003070,C00327,P0013,2025-04-02,623.01,4,,2025-04-02 10:00:00,batch_2025_01.csv
T003596,C00457,P0057,2025-08-28,227.68,2,,2025-08-29 07:00:00,batch_2025_01.csv
T004578,C00051,P0094,2025-01-19,143.50,2,,2025-01-19 13:00:00,batch_2025_01.csv
T003748,C00293,P0119,01/10/2025,$821.11,2,,2025-01-10 07:00:00,batch_2025_01.csv
T004967,C00106,P0061,2025-04-21,300.17,4,SAVE10,2025-04-22 06:00:00,batch_2025_01.csv
T000595,C00402,P0112,2025-03-29,513.95,1,WELCOME5,2025-03-30 11:00:00,batch_2025_01.csv
T002677,C00331,P0085,2025-04-27,743.06,2,WELCOME5,2025-04-27 11:00:00,batch_2025_01.csv
T000337,C00184,P0049,2025-08-21,155.08,2,,2025-08-22 02:00:00,batch_2025_01.csv
T000393,C00162,P0005,2025-01-31,$355.44,1,WELCOME5,2025-02-01 11:00:00,batch_2025_01.csv
T004479,C00302,P0132,2025-07-07,296.27,5,SAVE10,2025-07-08 11:00:00,batch_2025_01.csv
T004088,C00273,P0033,2025-05-07,$489.98,5,SAVE10,2025-05-07 20:00:00,batch_2025_01.csv
T001464,C00413,P0117,2025-03-06,893.08,2,,2025-03-07 03:00:00,batch_2025_01.csv
T001781,C00223,P0038,2025-06-01,$409.35,4,,2025-06-03 00:00:00,batch_2025_01.csv
T003946,C00305,P0091,2025-06-06,$235.53,3,,2025-06-08 00:00:00,batch_2025_01.csv
T000387,C00196,P0030,2025-05-19,352.20,3,WELCOME5,2025-05-20 23:00:00,batch_2025_01.csv
T002456,C00168,P0044,2025-08-16,113.49,4,,2025-08-16 03:00:00,batch_2025_01.csv
T003839,C00221,P0021,2025-05-08,416.55,3,,2025-05-08 22:00:00,batch_2025_01.csv
T002267,C00285,P0133,01/13/2025,47.66,5,,2025-01-13 22:00:00,batch_2025_01.csv
T004711,C00060,P0019,2025-05-31,203.42,2,,2025-05-31 22:00:00,batch_2025_01.csv
T003699,C00008,P0063,2025-07-20,$139.43,2,,2025-07-21 13:00:00,batch_2025_01.csv
T004409,C00133,P0028,01/30/2025,576.19,2,,2025-01-31 14:00:00,batch_2025_01.csv
T000280,C00333,P0082,05/24/2025,$163.39,3,,2025-05-25 21:00:00,batch_2025_01.csv
T004986,C00153,P0133,2025-07-02,536.71,5,WELCOME5,2025-07-02 03:00:00,batch_2025_01.csv
T004118,C00237,P0110,2025-05-02,471.54,5,SAVE10,2025-05-03 08:00:00,batch_2025_01.csv
T001077,C00206,P0070,2025-01-01,$192.58,1,WELCOME5,2025-01-01 11:00:00,batch_2025_01.csv
T003692,C00392,P0144,2025-05-03,768.61,1,,2025-05-03 09:00:00,batch_2025_01.csv
T001231,C00236,P0014,2025-03-11,$83.52,3,WELCOME5,2025-03-12 18:00:00,batch_2025_01.csv
T002345,C00494,P0136,2025-05-02,485.01,2,WELCOME5,2025-05-03 18:00:00,batch_2025_01.csv
T000715,C00419,P0114,06/02/2025,801.64,3,,2025-06-03 10:00:00,batch_2025_01.csv
T003878,C00017,P0125,2025-06-12,376.02,1,,2025-06-13 12:00:00,batch_2025_01.csv
T002642,C00280,P0020,2025-08-21,816.00,2,WELCOME5,2025-08-22 08:00:00,batch_2025_01.csv
T000484,C00357,P0009,2025-08-04,$302.58,1,WELCOME5,2025-08-04 10:00:00,batch_2025_01.csv
T000483,C00008,P0127,04/18/2025,201.73,3,SAVE10,2025-04-18 20:00:00,batch_2025_01.csv
T003325,C00428,P0017,2025-05-19,565.60,5,,2025-05-19 13:00:00,batch_2025_01.csv
T003572,C00082,P0099,2025-06-03,$124.22,1,,2025-06-03 06:00:00,batch_2025_01.csv
T001444,C00205,P0131,04/23/2025,569.31,3,WELCOME5,2025-04-24 04:00:00,batch_2025_01.csv
T002617,C00046,P0071,2025-01-04,36.93,1,,2025-01-04 14:00:00,batch_2025_01.csv
T002365,C00081,P0027,2025-08-17,870.87,2,,2025-08-18 13:00:00,batch_2025_01.csv
T002756,C00477,P0041,2025-05-24,445.56,2,,2025-05-24 10:00:00,batch_2025_01.csv
T001554,C00054,P0076,01/22/2025,555.17,1,,2025-01-22 21:00:00,batch_2025_01.csv
T003805,C00354,P0103,05/01/2025,$345.18,2,SAVE10,2025-05-02 13:00:00,batch_2025_01.csv
T000370,C00204,P0088,2025-04-26,$873.68,5,,2025-04-26 09:00:00,batch_2025_01.csv
T000016,C00008,P0092,2025-03-02,712.67,1,,2025-03-03 14:00:00,batch_2025_01.csv
T004903,C00217,P0041,2025-08-29,107.90,3,SAVE10,2025-08-29 18:00:00,batch_2025_01.csv
T000401,C00129,P0026,05/29/2025,184.10,2,,2025-05-30 08:00:00,batch_2025_01.csv
T001153,C00398,P0117,01/30/2025,500.02,3,SAVE10,2025-01-30 13:00:00,batch_2025_01.csv
T004560,C00207,P0118,01/07/2025,620.84,2,,2025-01-07 04:00:00,batch_2025_01.csv
T001142,C00316,P0038,07/30/2025,$296.77,3,,2025-07-31 23:00:00,batch_2025_01.csv
T003196,C00319,P0123,2025-02-08,$436.40,4,SAVE10,2025-02-09 04:00:00,batch_2025_01.csv
T003105,C00074,P0067,2031-01-01,398.12,4,WELCOME5,2025-06-04 19:00:00,batch_2025_01.csv
T004513,C00101,P0101,2025-06-25,723.12,3,,2025-06-26 11:00:00,batch_2025_01.csv
T004637,C00134,P0084,01/20/2025,668.21,3,SAVE10,2025-01-20 02:00:00,batch_2025_01.csv
T002352,C00456,P0089,01/09/2025,388.55,4,,2025-01-09 17:00:00,batch_2025_01.csv
T004105,C99999,P0001,04/26/2025,607.61,5,,2025-04-27 01:00:00,batch_2025_01.csv
T000729,C00074,P0102,06/01/2025,365.36,2,,2025-06-01 07:00:00,batch_2025_01.csv
T000950,C00200,P0079,2025-06-03,404.04,2,,2025-06-03 01:00:00,batch_2025_01.csv
T001228,C00219,P0120,2025-04-16,$383.09,4,,2025-04-17 06:00:00,batch_2025_01.csv
T004090,C00285,P0093,01/27/2025,$546.93,4,,2025-01-28 00:00:00,batch_2025_01.csv
T002378,C00292,P0072,2025-05-30,348.23,1,SAVE10,2025-05-30 10:00:00,batch_2025_01_late.csv
T004826,C00471,P0142,2025-03-16,627.94,2,WELCOME5,2025-03-17 14:00:00,batch_2025_01.csv
T000580,C00398,P0084,08/12/2025,135.82,2,,2025-08-12 07:00:00,batch_2025_01.csv
T000076,C00499,P0048,05/08/2025,$450.61,1,SAVE10,2025-05-09 00:00:00,batch_2025_01.csv
T003550,C00287,P0103,08/25/2025,$868.30,2,WELCOME5,2025-08-25 14:00:00,batch_2025_01.csv
T003019,C00006,P0056,2025-05-27,,1,,2025-05-27 17:00:00,batch_2025_01.csv
T001262,C00360,P0010,2025-01-19,$316.49,1,WELCOME5,2025-01-20 03:00:00,batch_2025_01.csv
T004701,C00348,P0059,02/06/2025,385.78,2,WELCOME5,2025-02-07 18:00:00,batch_2025_01.csv
T003090,C00221,P0026,2025-02-17,$344.09,3,SAVE10,2025-02-17 22:00:00,batch_2025_01.csv
T003437,C00378,P0130,2025-01-16,737.81,1,,2025-01-16 08:00:00,batch_2025_01.csv
T003521,C00235,P0119,2025-04-22,780.18,3,,2025-04-22 04:00:00,batch_2025_01.csv
T000260,C00085,P0116,2025-04-15,423.72,2,SAVE10,2025-04-15 08:00:00,batch_2025_01.csv
T002146,C00223,P0111,01/13/2025,451.77,1,,2025-01-13 21:00:00,batch_2025_01.csv
T000087,C00365,P0045,2025-05-11,715.98,2,,2025-05-11 15:00:00,batch_2025_01.csv
T000189,C00059,P0145,2025-05-20,$186.22,4,,2025-05-20 12:00:00,batch_2025_01.csv
T002744,C00011,P0075,04/04/2025,878.85,3,,2025-04-05 03:00:00,batch_2025_01.csv
T003364,C00042,P0079,2025-03-31,540.32,4,,2025-03-31 13:00:00,batch_2025_01.csv
T000220,C00264,P0072,2025-08-13,627.68,5,,2025-08-14 00:00:00,batch_2025_01.csv
T000853,C00025,P0079,02/25/2025,801.04,1,WELCOME5,2025-02-25 12:00:00,batch_2025_01.csv
T003819,C00178,P0039,2025-06-23,$350.15,2,,2025-06-24 20:00:00,batch_2025_01.csv
T002088,C00265,P0025,2025-06-21,732.60,1,,2025-06-22 00:00:00,batch_2025_01.csv
T004693,C00318,P0053,2025-07-16,$412.92,5,,2025-07-16 08:00:00,batch_2025_01.csv
T001968,C00278,P0039,07/23/2025,222.62,1,,2025-07-23 20:00:00,batch_2025_01.csv
T004691,C00128,P0014,2025-03-14,163.44,4,,2025-03-14 04:00:00,batch_2025_01.csv
T003739,C00060,P0085,2025-07-29,$700.45,2,SAVE10,2025-07-29 21:00:00,batch_2025_01.csv
T001952,C00147,P0147,01/05/2025,170.15,5,,2025-01-06 22:00:00,batch_2025_01.csv
T002512,C00424,P0137,08/08/2025,719.46,3,,2025-08-09 09:00:00,batch_2025_01.csv
T001750,C00056,P0122,2025-03-22,397.96,1,,2025-03-22 08:00:00,batch_2025_01.csv
T001429,C00381,P0126,2025-04-07,$890.79,1,,2025-04-08 11:00:00,batch_2025_01.csv
T000928,C00192,P0036,02/02/2025,523.14,3,,2025-02-03 02:00:00,batch_2025_01_late.csv
T002484,C00019,P0086,2025-05-11,214.38,5,,2025-05-12 11:00:00,batch_2025_01.csv
T001591,C00470,P0103,2025-02-06,$47.92,4,WELCOME5,2025-02-07 15:00:00,batch_2025_01.csv
T000406,C00431,P0072,2025-02-05,$773.97,1,,2025-02-06 11:00:00,batch_2025_01.csv
T000148,C00258,P0075,2025-08-23,$216.87,3,,2025-08-24 23:00:00,batch_2025_01.csv
T001411,C00445,P9999,2025-01-13,418.54,3,,2025-01-14 15:00:00,batch_2025_01.csv
T000721,C00179,P0091,2025-05-09,$151.22,1,,2025-05-10 23:00:00,batch_2025_01.csv
T002488,C00162,P0017,2025-02-01,287.61,2,,2025-02-02 05:00:00,batch_2025_01.csv
T001406,C00164,P0033,2025-04-09,520.62,4,SAVE10,2025-04-10 20:00:00,batch_2025_01.csv
T000712,C00175,P0042,2025-02-09,99.36,5,WELCOME5,2025-02-10 09:00:00,batch_2025_01.csv
T003612,C00056,P0012,03/14/2025,78.15,2,WELCOME5,2025-03-15 03:00:00,batch_2025_01.csv
T001929,C00270,P0120,2025-07-21,$651.36,2,,2025-07-21 08:00:00,batch_2025_01.csv
T002813,C00437,P0092,06/27/2025,88.13,5,WELCOME5,2025-06-27 16:00:00,batch_2025_01.csv
T003771,C00320,P0116,2025-06-02,147.04,2,,2025-06-03 21:00:00,batch_2025_01.csv
T001367,C00431,P0112,05/06/2025,$507.95,5,SAVE10,2025-05-07 21:00:00,batch_2025_01.csv
T004491,C00149,P0070,2031-01-01,853.68,4,,2025-03-08 23:00:00,batch_2025_01.csv
T004302,C00195,P0096,2025-04-01,$410.03,2,,2025-04-02 03:00:00,batch_2025_01.csv
T002787,C00384,P0013,2025-02-17,856.57,4,WELCOME5,2025-02-18 15:00:00,batch_2025_01.csv
T000791,C00235,P0127,2025-07-04,108.34,3,,2025-07-04 10:00:00,batch_2025_01.csv
T003501,C00022,P0073,2025-08-05,494.68,3,,2025-08-06 10:00:00,batch_2025_01.csv
T000458,C00370,P0070,05/23/2025,725.25,2,SAVE10,2025-05-24 04:00:00,batch_2025_01.csv
T002402,C00286,P0117,01/06/2025,170.15,1,SAVE10,2025-01-07 00:00:00,batch_2025_01.csv
T000265,C00299,P0067,01/20/2025,826.35,4,,2025-01-20 02:00:00,batch_2025_01.csv
T002312,C00467,P0016,01/12/2025,583.97,4,WELCOME5,2025-01-13 17:00:00,batch_2025_01.csv
T004285,C00278,P0031,2025-07-07,499.49,5,SAVE10,2025-07-07 08:00:00,batch_2025_01.csv
T001721,C00462,P0116,2025-02-11,269.70,1,,2025-02-11 03:00:00,batch_2025_01.csv
T000435,C00315,P0014,06/12/2025,151.38,4,WELCOME5,2025-06-12 01:00:00,batch_2025_01.csv
T002012,C00379,P0148,07/22/2025,763.29,2,WELCOME5,2025-07-23 02:00:00,batch_2025_01.csv
T001140,C00102,P0090,2025-05-04,$848.21,4,,2025-05-05 07:00:00,batch_2025_01.csv
T004482,C00027,P0072,01/21/2025,662.06,3,,2025-01-22 23:00:00,batch_2025_01.csv
T003489,C00413,P0038,07/27/2025,759.87,3,SAVE10,2025-07-28 16:00:00,batch_2025_01.csv
T002153,C00206,P0035,2025-06-06,689.32,2,,2025-06-06 05:00:00,batch_2025_01.csv
T003679,C00079,P0123,2025-04-10,595.70,1,,2025-04-11 12:00:00,batch_2025_01.csv
T001913,C00309,P0143,04/01/2025,$418.34,5,,2025-04-01 02:00:00,batch_2025_01.csv
T003199,C00248,P0142,05/27/2025,527.78,3,SAVE10,2025-05-27 05:00:00,batch_2025_01.csv
T002031,C00014,P0035,2025-01-02,839.86,3,,2025-01-02 03:00:00,batch_2025_01.csv
T004019,C00257,P0147,2025-03-26,34.76,1,WELCOME5,2025-03-27 01:00:00,batch_2025_01.csv
T003885,C00181,P0127,2025-03-29,311.84,1,,2025-03-30 16:00:00,batch_2025_01.csv
T001454,C00343,P0017,2025-03-21,313.39,1,,2025-03-21 14:00:00,batch_2025_01.csv
T001771,C00365,P0020,01/26/2025,68.10,1,SAVE10,2025-01-26 18:00:00,batch_2025_01.csv
T000421,C00450,P0073,2025-02-25,852.95,4,,2025-02-26 05:00:00,batch_2025_01.csv
T003285,C00088,P0033,2025-03-13,466.10,1,WELCOME5,2025-03-14 07:00:00,batch_2025_01.csv
T001631,C00359,P0079,2025-04-21,$242.70,4,,2025-04-21 22:00:00,batch_2025_01.csv
T004169,C00425,P0069,2025-03-10,$853.76,3,WELCOME5,2025-03-10 03:00:00,batch_2025_01.csv
T004902,C00137,P0065,2025-03-27,$728.05,5,SAVE10,2025-03-28 10:00:00,batch_2025_01.csv
T000232,C00316,P0114,2025-01-23,775.09,4,,2025-01-23 07:00:00,batch_2025_01.csv
T000190,C00225,P0075,2025-01-18,749.50,3,,2025-01-19 03:00:00,batch_2025_01.csv
T001477,C00241,P0012,04/10/2025,$704.86,2,,2025-04-11 21:00:00,batch_2025_01.csv
T003954,C00287,P0073,2025-08-24,$88.16,2,,2025-08-24 19:00:00,batch_2025_01.csv
T000806,C00263,P0028,2025-04-16,$463.50,3,,2025-04-16 07:00:00,batch_2025_01.csv
T001170,C00444,P0094,2025-02-25,110.39,2,,2025-02-25 02:00:00,batch_2025_01.csv
T003294,C00157,P0106,2025-08-22,202.38,2,WELCOME5,2025-08-23 12:00:00,batch_2025_01.csv
T003375,C00205,P0099,2025-02-07,,2,,2025-02-08 22:00:00,batch_2025_01.csv
T002458,C00427,P0065,2025-01-27,327.84,5,WELCOME5,2025-01-27 15:00:00,batch_2025_01.csv
T003746,C00363,P0079,04/30/2025,684.67,3,,2025-05-01 03:00:00,batch_2025_01.csv
T002628,C00409,P0035,2025-04-12,198.25,4,WELCOME5,2025-04-12 12:00:00,batch_2025_01.csv
T000707,C00433,P0067,2025-01-15,153.26,2,,2025-01-15 10:00:00,batch_2025_01.csv
T002216,C00162,P0048,07/11/2025,389.24,4,,2025-07-11 03:00:00,batch_2025_01.csv
T001083,C00498,P0005,2025-08-11,$487.35,4,,2025-08-12 14:00:00,batch_2025_01.csv
T004354,C00084,P0095,2025-03-28,527.77,2,,2025-03-28 07:00:00,batch_2025_01.csv
T003787,C00130,P0080,2025-04-28,553.55,1,SAVE10,2025-04-29 04:00:00,batch_2025_01.csv
T003552,C00424,P0020,2025-02-10,$232.43,2,WELCOME5,2025-02-10 20:00:00,batch_2025_01.csv
T004130,C00467,P0093,2025-05-01,$561.44,3,,2025-05-01 07:00:00,batch_2025_01.csv
T003187,C00286,P0150,2025-07-11,888.79,2,SAVE10,2025-07-11 20:00:00,batch_2025_01.csv
T000768,C00480,P0061,08/09/2025,$273.30,4,,2025-08-09 11:00:00,batch_2025_01.csv
T002606,C00281,P0040,2025-02-08,$853.15,3,WELCOME5,2025-02-08 06:00:00,batch_2025_01.csv
T003228,C00073,P0062,2025-05-28,593.88,4,,2025-05-28 02:00:00,batch_2025_01.csv
T004142,C00204,P9999,2025-06-14,791.62,2,SAVE10,2025-06-15 16:00:00,batch_2025_01.csv
T000072,C00426,P0119,2025-05-03,882.89,4,,2025-05-04 23:00:00,batch_2025_01_late.csv
T002500,C00154,P0136,06/13/2025,490.08,1,SAVE10,2025-06-14 15:00:00,batch_2025_01.csv
T003322,C00316,P0069,05/28/2025,169.66,2,,2025-05-29 14:00:00,batch_2025_01.csv
T003445,C00439,P0069,2025-07-31,838.80,2,,2025-08-01 08:00:00,batch_2025_01_late.csv
T001679,C00022,P0011,03/01/2025,203.35,3,,2025-03-01 10:00:00,batch_2025_01.csv
T004264,C00361,P0044,06/24/2025,500.21,5,SAVE10,2025-06-24 15:00:00,batch_2025_01.csv
T000094,C00048,P0129,2025-06-01,$579.76,5,,2025-06-02 14:00:00,batch_2025_01.csv
T004284,C00218,P0120,2025-08-14,$674.33,2,,2025-08-15 23:00:00,batch_2025_01.csv
T003673,C00374,P0105,2025-08-25,886.55,5,,2025-08-25 22:00:00,batch_2025_01.csv
T004100,C00066,P0126,05/30/2025,813.50,1,,2025-05-30 03:00:00,batch_2025_01.csv
T002643,,P0145,2025-01-26,451.99,1,WELCOME5,2025-01-26 22:00:00,batch_2025_01.csv
T001985,C00073,P0102,2025-01-12,270.26,1,,2025-01-12 13:00:00,batch_2025_01_late.csv
T000646,C00089,P0013,2025-07-30,814.96,5,,2025-07-30 07:00:00,batch_2025_01.csv
T004127,C00233,P0147,2025-06-20,,1,WELCOME5,2025-06-20 15:00:00,batch_2025_01.csv
T004422,C00200,P0068,2025-03-04,716.54,1,,2025-03-04 03:00:00,batch_2025_01.csv
T002275,,P0113,2025-08-06,452.24,3,,2025-08-06 09:00:00,batch_2025_01.csv
T002939,C00168,P0118,04/16/2025,463.84,2,,2025-04-17 10:00:00,batch_2025_01.csv
T000247,C00346,P0030,2025-05-11,211.74,2,,2025-05-11 01:00:00,batch_2025_01.csv
T002040,C00251,P0041,2025-05-22,$189.93,4,SAVE10,2025-05-23 06:00:00,batch_2025_01.csv
T002279,C00334,P0042,2025-01-23,891.68,1,SAVE10,2025-01-24 03:00:00,batch_2025_01.csv
T002079,C00254,P0072,2025-06-03,$61.80,1,SAVE10,2025-06-04 16:00:00,batch_2025_01.csv
T002754,C00096,P0016,2025-04-13,688.18,1,SAVE10,2025-04-13 11:00:00,batch_2025_01.csv
T001340,C00008,P0139,02/08/2025,$547.55,2,WELCOME5,2025-02-08 07:00:00,batch_2025_01.csv
T002343,C00019,P0145,2025-05-02,859.76,4,,2025-05-02 14:00:00,batch_2025_01.csv
T001594,C00321,P0102,2025-07-16,$45.29,1,,2025-07-17 05:00:00,batch_2025_01.csv
T001945,C00198,P0040,01/19/2025,618.94,2,,2025-01-19 21:00:00,batch_2025_01.csv
T004235,C00115,P0082,2025-05-21,792.18,3,,2025-05-21 21:00:00,batch_2025_01.csv
T003173,C00369,P0128,2025-03-16,605.47,2,,2025-03-16 01:00:00,batch_2025_01.csv
T004202,C00490,P0055,2025-07-23,189.56,4,SAVE10,2025-07-24 19:00:00,batch_2025_01.csv
T002895,C00412,P0031,2025-05-20,53.22,1,SAVE10,2025-05-20 04:00:00,batch_2025_01.csv
T002561,C00055,P0028,01/29/2025,$520.88,1,,2025-01-29 21:00:00,batch_2025_01.csv
T002163,,P0038,2025-08-05,783.92,2,SAVE10,2025-08-05 05:00:00,batch_2025_01.csv
T000536,C00294,P0040,2025-03-21,$388.41,2,,2025-03-22 15:00:00,batch_2025_01.csv
T003608,C00337,P0094,2025-07-03,803.47,1,SAVE10,2025-07-04 04:00:00,batch_2025_01.csv
T002826,C00248,P0011,01/11/2025,$540.15,5,,2025-01-13 02:00:00,batch_2025_01_late.csv
T001927,C00105,P0056,2025-07-15,$194.37,5,,2025-07-15 23:00:00,batch_2025_01.csv
T000658,C00172,P0117,07/09/2025,46.64,1,SAVE10,2025-07-09 04:00:00,batch_2025_01.csv
T001841,C00383,P0018,07/10/2025,878.71,4,WELCOME5,2025-07-10 15:00:00,batch_2025_01.csv
T002810,C00141,P0115,06/05/2025,263.66,1,SAVE10,2025-06-05 01:00:00,batch_2025_01.csv
T004537,C00044,P0023,06/22/2025,383.91,4,,2025-06-22 12:00:00,batch_2025_01.csv
T004308,C00329,P0030,2025-02-09,199.00,3,,2025-02-10 17:00:00,batch_2025_01.csv
T000884,C00452,P0134,03/12/2025,658.18,5,WELCOME5,2025-03-12 13:00:00,batch_2025_01.csv
T001399,C00199,P0033,2025-08-28,291.97,3,SAVE10,2025-08-28 09:00:00,batch_2025_01.csv
T002316,C00391,P0102,2025-06-10,479.95,1,,2025-06-11 21:00:00,batch_2025_01.csv
T004354,C00084,P0095,2025-03-28,527.77,2,,2025-03-28 13:00:00,batch_2025_01_late.csv
T001368,C00334,P0090,08/10/2025,$166.79,3,SAVE10,2025-08-11 00:00:00,batch_2025_01.csv
T004358,C00034,P0126,2025-08-15,219.72,4,SAVE10,2025-08-15 10:00:00,batch_2025_01.csv
T000014,C00301,P0056,03/01/2025,$733.24,5,,2025-03-01 22:00:00,batch_2025_01.csv
T000753,C00373,P0016,2025-04-04,473.86,3,SAVE10,2025-04-05 06:00:00,batch_2025_01.csv
T003690,C00321,P0132,2025-01-23,$81.06,5,WELCOME5,2025-01-23 15:00:00,batch_2025_01.csv
T002826,C00248,P0011,01/11/2025,$540.15,5,,2025-01-12 20:00:00,batch_2025_01.csv
T004242,C00220,P0025,2025-07-25,862.07,5,,2025-07-25 19:00:00,batch_2025_01.csv
T003392,C00133,P0033,2025-07-29,635.59,5,,2025-07-29 12:00:00,batch_2025_01.csv
T003687,C00165,P0033,2025-08-07,547.07,2,SAVE10,2025-08-08 18:00:00,batch_2025_01.csv
T003555,C00041,P0011,2025-05-05,167.49,1,,2025-05-05 20:00:00,batch_2025_01.csv
T001680,C00199,P0102,2025-07-15,$25.18,4,WELCOME5,2025-07-15 19:00:00,batch_2025_01.csv
T002758,C00135,P0044,2025-03-16,$369.46,5,WELCOME5,2025-03-16 11:00:00,batch_2025_01.csv
T004618,C00312,P0049,07/05/2025,199.74,1,,2025-07-05 22:00:00,batch_2025_01.csv
T003414,C00259,P0085,2025-06-26,396.60,4,,2025-06-26 17:00:00,batch_2025_01.csv
T001599,C00224,P0095,2025-02-06,398.79,5,,2025-02-07 05:00:00,batch_2025_01.csv
T001940,C00076,P0019,2025-03-12,,3,,2025-03-12 22:00:00,batch_2025_01.csv
T002681,C00305,P0012,07/17/2025,$155.99,3,,2025-07-17 05:00:00,batch_2025_01.csv
T002741,C00474,P0018,2025-03-18,336.03,5,WELCOME5,2025-03-19 21:00:00,batch_2025_01.csv
T002907,C00306,P0125,08/24/2025,782.26,3,,2025-08-25 13:00:00,batch_2025_01.csv
T001380,C00046,P0030,2025-02-16,826.87,1,,2025-02-17 23:00:00,batch_2025_01.csv
T004149,C00324,P0149,02/21/2025,393.24,4,,2025-02-21 19:00:00,batch_2025_01.csv
T004978,C00094,P0097,2025-06-06,$86.65,4,,2025-06-07 21:00:00,batch_2025_01.csv
T001463,C00292,P0003,08/09/2025,526.89,2,WELCOME5,2025-08-09 08:00:00,batch_2025_01.csv
T001103,C00197,P0022,2025-04-18,$526.22,2,,2025-04-19 10:00:00,batch_2025_01.csv
T002252,C00131,P0034,2025-02-17,$809.77,2,WELCOME5,2025-02-17 19:00:00,batch_2025_01.csv
T003057,C00117,P0096,2025-01-27,801.80,1,,2025-01-28 22:00:00,batch_2025_01.csv
T001095,C00352,P0029,2025-01-29,446.70,3,,2025-01-29 15:00:00,batch_2025_01.csv
T001059,C00406,P0006,2025-03-30,$120.50,1,,2025-03-31 09:00:00,batch_2025_01.csv
T002010,C00399,P0088,2025-03-10,$768.41,4,WELCOME5,2025-03-10 17:00:00,batch_2025_01.csv
T000887,C00025,P0072,2025-05-17,827.21,3,,2025-05-18 05:00:00,batch_2025_01.csv
T003870,C00022,P0040,03/28/2025,,2,WELCOME5,2025-03-28 19:00:00,batch_2025_01.csv
T001596,C00146,P0138,2025-08-08,,4,,2025-08-09 13:00:00,batch_2025_01.csv
T004272,C00004,P0148,2025-02-16,240.78,3,SAVE10,2025-02-16 01:00:00,batch_2025_01.csv
T000542,C00069,P0129,2025-05-01,762.76,4,SAVE10,2025-05-02 22:00:00,batch_2025_01.csv
T001327,C00050,P0057,2025-08-14,108.23,2,SAVE10,2025-08-14 19:00:00,batch_2025_01.csv
T003327,C00345,P0046,2019-13-40,465.05,3,WELCOME5,2025-02-18 18:00:00,batch_2025_01.csv
T001878,C00101,P0063,2025-08-08,$297.65,5,,2025-08-08 22:00:00,batch_2025_01.csv
T001314,C00474,P0060,2025-02-06,602.46,2,,2025-02-06 07:00:00,batch_2025_01.csv
T003587,C00404,P0123,2025-01-22,$719.15,2,,2025-01-22 23:00:00,batch_2025_01.csv
T002552,C00073,P0048,2025-07-25,115.00,3,SAVE10,2025-07-25 17:00:00,batch_2025_01.csv
T003573,C00154,P0148,07/22/2025,857.60,4,SAVE10,2025-07-23 07:00:00,batch_2025_01.csv
T002544,C00215,P0026,2025-08-01,104.23,4,WELCOME5,2025-08-02 16:00:00,batch_2025_01.csv
T002210,C00210,P0071,2025-04-28,855.97,4,,2025-04-28 17:00:00,batch_2025_01_late.csv
T003403,C00069,P0032,02/06/2025,368.81,2,,2025-02-07 03:00:00,batch_2025_01.csv
T002622,C00242,P0043,2025-06-23,505.84,2,SAVE10,2025-06-24 05:00:00,batch_2025_01.csv
T004363,C00388,P0128,2025-02-25,$802.90,2,,2025-02-25 05:00:00,batch_2025_01.csv
T004605,C00306,P0011,2025-02-15,332.58,1,SAVE10,2025-02-16 02:00:00,batch_2025_01_late.csv
T002531,C00062,P0028,08/03/2025,$683.74,1,,2025-08-03 18:00:00,batch_2025_01.csv
T001049,C00154,P0124,02/24/2025,$269.84,2,,2025-02-24 01:00:00,batch_2025_01.csv
T004020,C00098,P0114,08/17/2025,491.75,5,WELCOME5,2025-08-17 20:00:00,batch_2025_01.csv
T001510,C00226,P0035,2025-07-27,772.37,3,,2025-07-28 17:00:00,batch_2025_01.csv
T001475,C00151,P0096,2025-04-20,$29.12,2,,2025-04-21 01:00:00,batch_2025_01.csv
T000351,C00058,P0034,2025-01-16,628.98,4,WELCOME5,2025-01-16 11:00:00,batch_2025_01.csv
T003937,C00144,P0087,2025-04-01,764.06,1,,2025-04-02 20:00:00,batch_2025_01.csv
T003625,C00107,P0078,2025-07-12,230.06,4,,2025-07-12 06:00:00,batch_2025_01.csv
T003072,C00191,P0114,2025-01-22,805.16,1,,2025-01-23 02:00:00,batch_2025_01.csv
T001496,C00014,P0114,2025-08-07,781.84,4,SAVE10,2025-08-09 00:00:00,batch_2025_01.csv
T004352,C00214,P0107,2025-01-19,119.72,3,WELCOME5,2025-01-19 16:00:00,batch_2025_01.csv
T000227,C00220,P0024,2025-01-01,635.70,2,WELCOME5,2025-01-01 14:00:00,batch_2025_01.csv
T001918,C00348,P0076,2025-05-14,$655.58,3,SAVE10,2025-05-15 13:00:00,batch_2025_01.csv
T003472,C00481,P0073,2025-07-16,340.59,2,WELCOME5,2025-07-17 02:00:00,batch_2025_01.csv
T003532,C00133,P0098,2025-03-31,479.35,4,WELCOME5,2025-04-02 00:00:00,batch_2025_01.csv
T003985,C00067,P0039,2025-04-01,$483.25,5,,2025-04-02 21:00:00,batch_2025_01.csv
T003298,C00241,P0135,05/29/2025,301.85,5,,2025-05-29 03:00:00,batch_2025_01.csv
T001456,C00380,P0052,2025-01-09,332.30,5,,2025-01-10 02:00:00,batch_2025_01.csv
T004730,C00260,P0019,02/10/2025,587.84,5,,2025-02-11 03:00:00,batch_2025_01.csv
T001113,C00499,P0024,2025-02-02,$473.18,2,SAVE10,2025-02-04 00:00:00,batch_2025_01.csv
T000455,C00298,P0026,2025-06-06,298.29,3,SAVE10,2025-06-06 17:00:00,batch_2025_01.csv
T003379,C00217,P0045,2025-01-18,823.85,1,WELCOME5,2025-01-18 17:00:00,batch_2025_01.csv
T001972,C00485,P0017,2025-01-15,342.67,5,,2025-01-16 16:00:00,batch_2025_01.csv
T003614,C00144,P0101,2025-04-09,593.55,5,SAVE10,2025-04-09 16:00:00,batch_2025_01.csv
T001825,C00494,P0141,2025-07-13,266.85,4,WELCOME5,2025-07-14 06:00:00,batch_2025_01.csv
T003216,C00223,P0101,2025-05-13,748.24,4,SAVE10,2025-05-13 21:00:00,batch_2025_01.csv
T001137,C00110,P0014,2025-01-06,196.65,2,,2025-01-07 20:00:00,batch_2025_01.csv
T003506,C00118,P0077,07/28/2025,$124.57,5,SAVE10,2025-07-29 19:00:00,batch_2025_01.csv
T003879,C00484,P0013,2025-03-04,$209.05,2,WELCOME5,2025-03-05 13:00:00,batch_2025_01.csv
T003973,C00140,P0130,2025-02-09,250.02,3,WELCOME5,2025-02-10 20:00:00,batch_2025_01.csv
T000191,C00130,P0040,2025-07-22,645.99,4,WELCOME5,2025-07-23 01:00:00,batch_2025_01.csv
T001987,C00380,P0128,2025-02-13,603.21,1,SAVE10,2025-02-13 12:00:00,batch_2025_01.csv
T004113,C00061,P0008,2025-07-11,$786.64,4,,2025-07-11 22:00:00,batch_2025_01_late.csv
T003932,C00457,P0018,2025-05-18,72.84,1,,2025-05-19 01:00:00,batch_2025_01.csv
T002749,C00112,P0129,06/23/2025,685.86,4,,2025-06-24 15:00:00,batch_2025_01.csv
T004057,C00135,P0072,04/01/2025,512.91,3,WELCOME5,2025-04-01 02:00:00,batch_2025_01.csv
T002422,C00126,P0081,07/18/2025,$472.54,3,SAVE10,2025-07-20 00:00:00,batch_2025_01.csv
T003529,C00201,P0079,2025-04-03,793.95,3,SAVE10,2025-04-03 19:00:00,batch_2025_01.csv
T004346,C00334,P0110,05/03/2025,468.25,2,,2025-05-05 00:00:00,batch_2025_01.csv
T000871,C00335,P0043,2025-08-27,8.48,4,,2025-08-28 07:00:00,batch_2025_01.csv
T003221,C00085,P0003,2025-02-20,53.61,5,,2025-02-20 18:00:00,batch_2025_01.csv
T003006,C00391,P0148,2025-03-28,499.89,4,SAVE10,2025-03-30 00:00:00,batch_2025_01.csv
T001787,C00139,P0016,2025-02-25,30.02,4,,2025-02-26 17:00:00,batch_2025_01.csv
T004789,C00472,P0077,2025-08-19,$673.93,2,WELCOME5,2025-08-19 23:00:00,batch_2025_01.csv
T003465,C00318,P0081,2025-08-09,143.27,3,WELCOME5,2025-08-09 10:00:00,batch_2025_01.csv
T001536,,P0134,07/07/2025,99.92,2,SAVE10,2025-07-08 15:00:00,batch_2025_01.csv
T002574,C00409,P0001,2025-08-08,$28.64,2,,2025-08-08 06:00:00,batch_2025_01.csv
T000108,C00024,P0010,2025-03-27,130.24,5,,2025-03-28 07:00:00,batch_2025_01.csv
T000479,C00217,P0062,07/24/2025,$468.82,3,WELCOME5,2025-07-25 16:00:00,batch_2025_01.csv
T004261,C00363,P0095,02/19/2025,632.31,5,WELCOME5,2025-02-20 06:00:00,batch_2025_01.csv
T001305,C00471,P0100,2025-04-01,$814.60,3,,2025-04-01 09:00:00,batch_2025_01.csv
T004456,C00008,P0142,01/15/2025,476.99,3,,2025-01-16 04:00:00,batch_2025_01.csv
T003512,C00102,P0095,07/13/2025,494.35,5,,2025-07-14 09:00:00,batch_2025_01.csv
T003081,C00150,P0092,2025-02-26,$169.70,2,WELCOME5,2025-02-26 06:00:00,batch_2025_01.csv
T001723,C00023,P0078,2025-03-29,170.95,4,,2025-03-30 20:00:00,batch_2025_01.csv
T004331,C00408,P0039,2019-13-40,649.64,2,,2025-05-25 18:00:00,batch_2025_01.csv
T004948,C00237,P0085,06/10/2025,$810.99,2,,2025-06-11 21:00:00,batch_2025_01.csv
T002175,C00330,P0032,2025-04-27,139.20,5,SAVE10,2025-04-28 09:00:00,batch_2025_01.csv
T004660,C00200,P0043,04/08/2025,599.65,1,WELCOME5,2025-04-08 20:00:00,batch_2025_01.csv
T003588,C00221,P0042,04/30/2025,669.64,1,,2025-05-01 23:00:00,batch_2025_01.csv
T003464,C00332,P0125,2025-04-11,$283.65,4,,2025-04-12 11:00:00,batch_2025_01.csv
T002033,C00445,P0082,2025-01-02,69.76,2,SAVE10,2025-01-02 21:00:00,batch_2025_01.csv
T004878,C00002,P0028,08/26/2025,432.11,2,,2025-08-26 15:00:00,batch_2025_01.csv
T003542,C00175,P0113,04/11/2025,$487.62,1,,2025-04-11 21:00:00,batch_2025_01.csv
T003582,C00473,P0016,2025-06-23,821.83,1,SAVE10,2025-06-23 22:00:00,batch_2025_01.csv
T001837,C00403,P0022,2025-01-24,325.78,5,,2025-01-24 23:00:00,batch_2025_01.csv
T000464,C00345,P0131,07/08/2025,442.84,3,SAVE10,2025-07-09 05:00:00,batch_2025_01.csv
T000013,C00026,P0086,2025-02-02,225.26,5,,2025-02-03 19:00:00,batch_2025_01_late.csv
T002504,C00386,P0112,2025-01-30,$765.24,4,WELCOME5,2025-01-30 06:00:00,batch_2025_01.csv
T002657,C00381,P0022,03/25/2025,861.64,3,,2025-03-26 15:00:00,batch_2025_01.csv
T003786,C00470,P0018,2025-06-23,860.92,5,,2025-06-23 07:00:00,batch_2025_01.csv
T004212,C00266,P0044,2025-01-17,849.72,3,,2025-01-18 12:00:00,batch_2025_01.csv
T001403,C00223,P0024,2025-06-17,310.91,4,SAVE10,2025-06-17 12:00:00,batch_2025_01.csv
T000517,C00325,P0098,2025-05-15,$56.28,3,WELCOME5,2025-05-15 03:00:00,batch_2025_01.csv
T001037,C00283,P0070,2025-08-18,549.86,4,,2025-08-18 04:00:00,batch_2025_01.csv
T003435,C00393,P0092,04/22/2025,$702.56,4,WELCOME5,2025-04-22 20:00:00,batch_2025_01.csv
T004662,C00165,P0104,03/28/2025,$341.16,4,SAVE10,2025-03-28 11:00:00,batch_2025_01.csv
T000671,C00383,P0150,04/27/2025,29.78,4,,2025-04-28 06:00:00,batch_2025_01.csv
T001495,C00480,P0056,01/07/2025,696.93,1,SAVE10,2025-01-07 09:00:00,batch_2025_01.csv
T004853,C00169,P0070,02/21/2025,656.94,4,,2025-02-22 20:00:00,batch_2025_01.csv
T004618,C00312,P0049,07/05/2025,199.74,1,,2025-07-06 04:00:00,batch_2025_01_late.csv
T000494,C00249,P0113,2025-05-19,$506.65,5,,2025-05-20 21:00:00,batch_2025_01.csv
T002410,C00291,P0040,2025-01-21,23.64,5,,2025-01-22 02:00:00,batch_2025_01.csv
T000335,C00197,P0129,02/12/2025,533.09,3,SAVE10,2025-02-12 05:00:00,batch_2025_01.csv
T004558,C00202,P0035,01/07/2025,$504.84,5,,2025-01-08 06:00:00,batch_2025_01.csv
T002835,C00473,P0001,01/04/2025,332.07,5,,2025-01-04 09:00:00,batch_2025_01.csv
T000235,C00266,P0131,2025-04-11,$176.27,2,SAVE10,2025-04-11 19:00:00,batch_2025_01.csv
T003957,C00338,P0054,02/05/2025,51.06,4,SAVE10,2025-02-06 03:00:00,batch_2025_01.csv
T001640,C00047,P0024,2025-07-22,11.43,1,SAVE10,2025-07-23 20:00:00,batch_2025_01.csv
T002844,C00339,P0083,2025-03-11,237.95,3,,2025-03-12 17:00:00,batch_2025_01.csv
T001742,C00448,P0074,02/28/2025,538.23,2,WELCOME5,2025-02-28 21:00:00,batch_2025_01.csv
T001772,C00284,P0095,02/09/2025,653.10,1,,2025-02-10 11:00:00,batch_2025_01.csv
T004365,C00401,P0149,2025-06-22,800.65,5,,2025-06-22 02:00:00,batch_2025_01.csv
T003305,C00134,P0092,07/31/2025,,3,,2025-07-31 14:00:00,batch_2025_01.csv
T001783,C99999,P0053,2025-04-17,421.26,1,,2025-04-17 04:00:00,batch_2025_01.csv
T001809,C00315,P0001,02/19/2025,740.72,4,,2025-02-19 11:00:00,batch_2025_01.csv
T004348,C00037,P0021,2025-06-24,$655.12,2,,2025-06-25 14:00:00,batch_2025_01.csv
T001829,C00204,P0001,2025-01-20,391.57,4,,2025-01-20 18:00:00,batch_2025_01.csv
T001680,C00199,P0102,2025-07-15,$25.18,4,WELCOME5,2025-07-16 01:00:00,batch_2025_01_late.csv
T002205,C00207,P0036,2025-02-15,396.68,3,WELCOME5,2025-02-15 11:00:00,batch_2025_01.csv
T004611,,P0105,2025-06-27,453.86,1,WELCOME5,2025-06-28 02:00:00,batch_2025_01.csv
T000520,C00382,P0013,2025-03-09,496.95,2,,2025-03-09 06:00:00,batch_2025_01.csv
T001735,C99999,P0111,2025-03-24,$46.27,3,SAVE10,2025-03-25 02:00:00,batch_2025_01.csv
T000503,C00407,P0015,2025-03-10,742.69,3,,2025-03-11 10:00:00,batch_2025_01.csv
T001862,C00095,P0149,2025-06-21,115.02,2,,2025-06-21 16:00:00,batch_2025_01.csv
T002204,C00095,P0020,2025-06-22,94.14,5,WELCOME5,2025-06-23 18:00:00,batch_2025_01.csv
T003503,C00433,P0077,2025-07-23,591.67,3,,2025-07-24 02:00:00,batch_2025_01.csv
T003722,C00168,P0017,2025-07-07,148.05,1,,2025-07-08 23:00:00,batch_2025_01.csv
T002306,C00274,P0032,05/16/2025,450.15,1,,2025-05-16 23:00:00,batch_2025_01.csv
T000457,C00438,P0103,2025-02-16,$257.43,2,,2025-02-17 13:00:00,batch_2025_01.csv
T001437,C00283,P0131,2025-08-06,$778.19,2,,2025-08-06 11:00:00,batch_2025_01.csv
T000607,C00477,P0109,2025-04-27,563.94,4,,2025-04-28 09:00:00,batch_2025_01.csv
T004413,C00062,P0032,2025-01-28,$750.61,5,WELCOME5,2025-01-29 20:00:00,batch_2025_01.csv
T001124,C00439,P0111,2025-07-02,43.69,5,WELCOME5,2025-07-03 20:00:00,batch_2025_01.csv
T001017,C00018,P0031,2025-05-06,222.84,4,,2025-05-06 20:00:00,batch_2025_01.csv
T001318,C00443,P0036,2025-07-07,893.82,1,,2025-07-08 19:00:00,batch_2025_01.csv
T000186,C00431,P0098,2025-03-26,725.24,5,,2025-03-27 05:00:00,batch_2025_01.csv
T002176,C00412,P0146,2025-05-31,524.72,5,,2025-06-01 10:00:00,batch_2025_01.csv
T001855,C00208,P0139,02/10/2025,103.35,2,,2025-02-11 14:00:00,batch_2025_01.csv
T000843,C00153,P0147,04/27/2025,665.28,5,WELCOME5,2025-04-27 22:00:00,batch_2025_01.csv
T001926,C00426,P0016,2025-03-29,$608.92,3,,2025-03-29 03:00:00,batch_2025_01.csv
T004059,C00113,P0140,2025-03-31,823.78,2,WELCOME5,2025-04-01 13:00:00,batch_2025_01.csv
T003497,C00467,P0100,2025-01-01,$18.18,3,SAVE10,2025-01-02 09:00:00,batch_2025_01.csv
T003844,C00223,P0047,03/27/2025,628.28,5,,2025-03-28 19:00:00,batch_2025_01.csv
T003289,C99999,P0032,05/20/2025,106.46,3,WELCOME5,2025-05-21 03:00:00,batch_2025_01.csv
T001713,C00358,P0077,2025-04-06,$314.11,4,WELCOME5,2025-04-06 14:00:00,batch_2025_01.csv
T001956,C00076,P0085,03/17/2025,512.28,5,WELCOME5,2025-03-17 02:00:00,batch_2025_01.csv
T004923,,P0026,2025-04-01,362.96,5,,2025-04-01 03:00:00,batch_2025_01.csv
T002759,C00352,P0061,01/23/2025,875.45,3,WELCOME5,2025-01-24 20:00:00,batch_2025_01.csv
T002616,C00032,P0052,04/25/2025,$101.69,1,,2025-04-26 12:00:00,batch_2025_01.csv
T002729,C00428,P0127,2025-05-25,$560.79,1,,2025-05-25 13:00:00,batch_2025_01.csv
T001628,C00470,P0039,2025-08-28,$106.99,3,,2025-08-29 19:00:00,batch_2025_01.csv
T001960,C00329,P0114,2025-02-25,163.13,2,WELCOME5,2025-02-25 20:00:00,batch_2025_01.csv
T004584,C00272,P0062,02/25/2025,237.40,3,,2025-02-26 09:00:00,batch_2025_01.csv
T003080,C00032,P0062,2025-02-24,$897.10,3,WELCOME5,2025-02-24 15:00:00,batch_2025_01.csv
T003976,C00347,P0071,2025-06-03,88.11,5,,2025-06-04 09:00:00,batch_2025_01.csv
T004129,C00115,P0045,2025-05-11,58.96,2,,2025-05-12 01:00:00,batch_2025_01.csv
T000075,C00140,P0032,04/22/2025,721.01,4,,2025-04-23 02:00:00,batch_2025_01.csv
T004729,C00218,P0099,04/11/2025,$358.77,4,,2025-04-12 18:00:00,batch_2025_01.csv
T002025,C00269,P0122,06/04/2025,$508.85,1,,2025-06-05 23:00:00,batch_2025_01.csv
T002061,C00057,P0118,08/02/2025,67.24,5,,2025-08-02 11:00:00,batch_2025_01.csv
T003950,C00095,P0060,01/31/2025,$287.24,2,SAVE10,2025-02-01 03:00:00,batch_2025_01.csv
T003865,C00490,P0002,2025-06-20,370.78,3,,2025-06-21 11:00:00,batch_2025_01.csv
T003037,C00479,P0020,06/05/2025,697.17,5,,2025-06-05 14:00:00,batch_2025_01.csv
T004487,C00186,P0060,03/06/2025,$567.97,5,SAVE10,2025-03-06 07:00:00,batch_2025_01.csv
T004867,C00461,P0107,2025-05-16,189.26,4,,2025-05-16 21:00:00,batch_2025_01.csv
T003067,C00129,P0062,2025-04-14,741.24,3,WELCOME5,2025-04-15 15:00:00,batch_2025_01.csv
T002640,C00216,P0067,2025-02-09,693.69,4,,2025-02-10 08:00:00,batch_2025_01.csv
T004850,C00388,P0057,2025-06-09,18.19,4,,2025-06-09 23:00:00,batch_2025_01.csv
T002376,C00107,P0028,2025-03-01,$24.70,5,SAVE10,2025-03-02 19:00:00,batch_2025_01.csv
T004798,C00072,P0131,2025-01-01,680.27,5,,2025-01-02 02:00:00,batch_2025_01.csv
T004639,C00106,P0013,06/12/2025,$889.11,1,SAVE10,2025-06-12 05:00:00,batch_2025_01.csv
T000962,C00379,P0085,03/23/2025,127.77,4,,2025-03-24 18:00:00,batch_2025_01.csv
T001660,C00466,P0081,08/19/2025,$573.41,5,,2025-08-20 07:00:00,batch_2025_01.csv
T001045,C00208,P0004,2025-08-22,557.73,5,,2025-08-24 00:00:00,batch_2025_01.csv
T002230,C99999,P0102,05/25/2025,150.23,1,WELCOME5,2025-05-25 12:00:00,batch_2025_01.csv
T003686,C00357,P0026,04/12/2025,$654.07,2,,2025-04-13 02:00:00,batch_2025_01.csv
T003116,C00306,P0060,2025-06-29,$667.81,2,,2025-06-29 02:00:00,batch_2025_01.csv
T003485,C00486,P0107,07/06/2025,N/A,1,,2025-07-07 07:00:00,batch_2025_01.csv
T001392,C00173,P0124,03/18/2025,613.27,5,,2025-03-18 03:00:00,batch_2025_01.csv
T001575,C00500,P0089,2025-06-24,$94.49,4,,2025-06-24 10:00:00,batch_2025_01.csv
T003858,C00473,P0135,2025-02-14,686.97,5,,2025-02-15 11:00:00,batch_2025_01.csv
T004244,C00114,P0011,01/03/2025,389.87,2,,2025-01-04 15:00:00,batch_2025_01.csv
T002353,C00181,P0081,2025-05-01,$631.54,3,WELCOME5,2025-05-01 13:00:00,batch_2025_01.csv
T000021,C00365,P0084,2025-06-02,$347.77,4,,2025-06-03 10:00:00,batch_2025_01.csv
T003642,C00297,P0033,05/22/2025,443.11,5,,2025-05-22 19:00:00,batch_2025_01.csv
T000082,C00017,P0040,2025-04-05,613.72,2,WELCOME5,2025-04-06 00:00:00,batch_2025_01.csv
T001253,C00018,P0036,not-a-date,804.82,3,,2025-04-04 03:00:00,batch_2025_01.csv
T002357,C00121,P0021,06/07/2025,$769.17,5,WELCOME5,2025-06-07 19:00:00,batch_2025_01.csv
T002172,C00089,P9999,08/23/2025,234.66,4,,2025-08-24 19:00:00,batch_2025_01.csv
T001227,C00071,P0135,03/22/2025,$402.18,4,,2025-03-23 09:00:00,batch_2025_01.csv
T004635,C00134,P0095,06/16/2025,883.56,3,SAVE10,2025-06-16 05:00:00,batch_2025_01.csv
T001091,C00278,P0087,2025-01-22,$768.63,4,,2025-01-22 13:00:00,batch_2025_01.csv
T003520,C00165,P0054,2025-04-09,$221.25,4,SAVE10,2025-04-10 12:00:00,batch_2025_01.csv
T002940,C00182,P0115,2025-05-05,19.84,2,,2025-05-06 05:00:00,batch_2025_01.csv
T004650,C00087,P0064,2025-05-17,637.36,5,,2025-05-18 04:00:00,batch_2025_01.csv
T002354,C00219,P0048,2025-04-23,$866.89,3,,2025-04-23 06:00:00,batch_2025_01.csv
T004511,C00355,P0032,07/11/2025,N/A,4,,2025-07-12 14:00:00,batch_2025_01.csv
T004362,C00489,P0031,02/11/2025,70.98,4,,2025-02-12 05:00:00,batch_2025_01.csv
T003065,C00114,P0089,2025-08-22,451.97,2,SAVE10,2025-08-23 12:00:00,batch_2025_01.csv
T004469,C00143,P0148,2025-08-04,197.78,5,WELCOME5,2025-08-04 08:00:00,batch_2025_01.csv
T004852,C00149,P0008,03/07/2025,90.95,3,SAVE10,2025-03-08 16:00:00,batch_2025_01.csv
T004351,C00338,P0148,2025-07-22,551.60,4,WELCOME5,2025-07-23 02:00:00,batch_2025_01.csv
T000644,C00482,P0138,05/29/2025,140.87,2,SAVE10,2025-05-29 15:00:00,batch_2025_01.csv
T002910,C00294,P0083,2025-06-13,$452.45,3,WELCOME5,2025-06-13 15:00:00,batch_2025_01.csv
T003347,C00064,P0077,2025-08-05,863.40,2,WELCOME5,2025-08-05 09:00:00,batch_2025_01.csv
T002440,C00271,P0123,08/29/2025,298.23,4,SAVE10,2025-08-31 00:00:00,batch_2025_01.csv
T002918,C00082,P0063,02/26/2025,584.86,3,WELCOME5,2025-02-26 11:00:00,batch_2025_01.csv
T004813,C00092,P0037,2025-04-03,475.55,1,WELCOME5,2025-04-04 03:00:00,batch_2025_01_late.csv
T003144,C00497,P0138,2025-02-18,$192.98,5,,2025-02-18 17:00:00,batch_2025_01.csv
T004790,C00296,P0039,2025-06-09,$225.84,4,,2025-06-10 00:00:00,batch_2025_01.csv
T002789,C00209,P0046,2025-03-30,$176.72,5,,2025-03-31 01:00:00,batch_2025_01.csv
T002797,C00265,P0148,02/08/2025,450.17,1,WELCOME5,2025-02-09 17:00:00,batch_2025_01.csv
T004218,C00243,P0114,2025-03-19,743.71,4,WELCOME5,2025-03-19 18:00:00,batch_2025_01.csv
T003861,C00382,P0041,02/23/2025,$826.82,3,,2025-02-24 04:00:00,batch_2025_01.csv
T004025,C00208,P0085,01/29/2025,$165.71,4,,2025-01-29 12:00:00,batch_2025_01.csv
T002592,C00268,P0037,01/08/2025,$416.79,2,,2025-01-08 06:00:00,batch_2025_01.csv
T001819,C00402,P0083,07/28/2025,$409.05,3,WELCOME5,2025-07-28 21:00:00,batch_2025_01.csv
T003539,C00104,P0042,2025-06-25,214.79,5,WELCOME5,2025-06-25 16:00:00,batch_2025_01.csv
T004655,C00021,P0095,06/04/2025,$531.27,3,,2025-06-04 18:00:00,batch_2025_01.csv
T003257,C00390,P0102,2025-06-16,$50.13,2,,2025-06-16 04:00:00,batch_2025_01.csv
T004744,C00176,P0088,07/08/2025,$22.68,1,,2025-07-08 03:00:00,batch_2025_01.csv
T003507,C00350,P0014,01/18/2025,$118.06,1,,2025-01-20 00:00:00,batch_2025_01.csv
T000361,C00456,P0131,2025-06-17,509.60,1,,2025-06-18 19:00:00,batch_2025_01.csv
T003551,C00416,P0121,2025-07-18,512.75,4,,2025-07-19 07:00:00,batch_2025_01.csv
T000276,C00159,P0045,2025-01-24,445.47,5,SAVE10,2025-01-24 04:00:00,batch_2025_01.csv
T004673,C00067,P0112,2025-01-06,,1,SAVE10,2025-01-06 18:00:00,batch_2025_01.csv
T003665,C00020,P0100,2025-01-06,838.47,5,SAVE10,2025-01-06 04:00:00,batch_2025_01.csv
T004535,C00114,P0116,2025-06-26,827.71,3,WELCOME5,2025-06-27 15:00:00,batch_2025_01.csv
T000759,C00460,P0094,2025-08-15,607.13,2,,2025-08-15 06:00:00,batch_2025_01.csv
T000934,C00106,P0060,2025-05-15,267.67,1,,2025-05-15 05:00:00,batch_2025_01.csv
T004485,C00427,P0002,03/07/2025,667.24,1,WELCOME5,2025-03-08 00:00:00,batch_2025_01.csv
T002721,,P0112,2025-04-11,$784.32,3,,2025-04-11 19:00:00,batch_2025_01.csv
T000345,C00007,P0023,2025-08-02,816.94,1,WELCOME5,2025-08-03 13:00:00,batch_2025_01.csv
T003775,C00289,P0071,2025-07-24,720.99,5,WELCOME5,2025-07-25 02:00:00,batch_2025_01.csv
T002799,C00466,P0003,2025-07-01,$301.92,2,,2025-07-02 18:00:00,batch_2025_01.csv
T004520,C00268,P0040,2025-07-07,264.85,5,,2025-07-07 09:00:00,batch_2025_01.csv
T000738,C00252,P0111,2025-07-03,127.96,4,WELCOME5,2025-07-04 01:00:00,batch_2025_01.csv
T003110,C00033,P0037,03/13/2025,443.16,2,SAVE10,2025-03-13 21:00:00,batch_2025_01.csv
T003697,C00098,P0106,2025-01-30,$241.52,4,WELCOME5,2025-01-31 21:00:00,batch_2025_01.csv
T002487,C00181,P0045,2025-05-02,436.09,4,,2025-05-02 13:00:00,batch_2025_01.csv
T002069,C00383,P9999,2025-05-27,41.02,5,,2025-05-27 13:00:00,batch_2025_01.csv
T002637,C00076,P0026,2025-01-19,336.52,5,SAVE10,2025-01-20 01:00:00,batch_2025_01.csv
T003118,C00096,P0038,2025-03-16,710.38,1,,2025-03-17 08:00:00,batch_2025_01.csv
T001497,C00102,P0053,2025-06-01,695.72,5,WELCOME5,2025-06-01 08:00:00,batch_2025_01.csv
T003639,C00196,P0120,2025-08-06,410.83,3,WELCOME5,2025-08-06 13:00:00,batch_2025_01_late.csv
T004313,C00364,P0044,2031-01-01,136.52,1,SAVE10,2025-03-06 13:00:00,batch_2025_01.csv
T002432,C99999,P0061,2025-01-01,498.45,4,WELCOME5,2025-01-01 23:00:00,batch_2025_01.csv
T001556,C00449,P0058,2025-07-27,0.00,1,WELCOME5,2025-07-27 14:00:00,batch_2025_01.csv
T001139,C00110,P0067,01/14/2025,172.20,3,,2025-01-14 06:00:00,batch_2025_01.csv
T001199,C00137,P0008,2025-05-16,,5,,2025-05-17 05:00:00,batch_2025_01.csv
T001041,C00142,P0110,2025-07-03,472.37,3,SAVE10,2025-07-03 15:00:00,batch_2025_01.csv
T002089,C00499,P0088,2025-04-29,636.24,4,,2025-04-29 06:00:00,batch_2025_01.csv
T001693,C00073,P0068,2025-08-27,$415.58,1,SAVE10,2025-08-27 14:00:00,batch_2025_01.csv
T000409,C00115,P0075,2025-05-09,127.42,1,,2025-05-10 09:00:00,batch_2025_01.csv
T001540,C00311,P0145,2025-05-13,$343.23,5,,2025-05-14 19:00:00,batch_2025_01.csv
T001259,C00160,P0103,05/20/2025,$559.83,3,,2025-05-21 21:00:00,batch_2025_01.csv
T001484,,P0106,07/26/2025,389.18,1,WELCOME5,2025-07-27 08:00:00,batch_2025_01.csv
T004600,C00287,P0059,2025-06-16,$896.60,1,,2025-06-17 05:00:00,batch_2025_01.csv
T000238,C00489,P0019,2025-01-18,22.89,1,SAVE10,2025-01-18 01:00:00,batch_2025_01.csv
T001933,C00457,P0003,02/17/2025,17.52,1,WELCOME5,2025-02-17 14:00:00,batch_2025_01.csv
T001647,C00387,P0111,2025-07-15,79.32,1,,2025-07-16 22:00:00,batch_2025_01.csv
T001879,C00253,P0059,2025-05-24,392.29,2,,2025-05-24 02:00:00,batch_2025_01.csv
T002392,C00474,P0068,2031-01-01,$52.64,4,,2025-04-04 17:00:00,batch_2025_01.csv
T004102,C00149,P0116,01/31/2025,192.41,5,,2025-01-31 20:00:00,batch_2025_01.csv
T001014,C00412,P0051,01/03/2025,$663.90,2,SAVE10,2025-01-04 00:00:00,batch_2025_01.csv
T002870,C00354,P0018,2025-02-26,$187.95,4,,2025-02-26 08:00:00,batch_2025_01.csv
T000641,C00377,P0049,02/19/2025,$132.83,4,SAVE10,2025-02-19 02:00:00,batch_2025_01.csv
T003371,C00040,P0021,2025-07-15,$543.21,4,,2025-07-16 15:00:00,batch_2025_01.csv
T003183,C00263,P0022,2025-02-05,$133.17,3,WELCOME5,2025-02-06 20:00:00,batch_2025_01.csv
T000937,C00310,P0148,2025-05-31,$845.73,3,,2025-05-31 13:00:00,batch_2025_01.csv
T004176,C00012,P0075,01/21/2025,122.20,1,SAVE10,2025-01-22 19:00:00,batch_2025_01.csv
T002830,C00233,P0041,2025-03-22,138.89,1,SAVE10,2025-03-22 15:00:00,batch_2025_01.csv
T000164,C00212,P0036,03/01/2025,759.55,5,SAVE10,2025-03-01 05:00:00,batch_2025_01.csv
T002564,C00031,P0003,2025-03-10,454.18,2,SAVE10,2025-03-10 20:00:00,batch_2025_01.csv
T004224,C00341,P0035,2025-05-24,245.53,2,SAVE10,2025-05-25 08:00:00,batch_2025_01.csv
T003338,C00133,P0117,2025-06-29,22.63,1,SAVE10,2025-06-29 07:00:00,batch_2025_01.csv
T003413,C00495,P0088,2025-05-29,45.16,5,WELCOME5,2025-05-29 02:00:00,batch_2025_01.csv
T003156,C00032,P0003,2025-01-22,402.79,3,,2025-01-22 10:00:00,batch_2025_01.csv
T003353,C00236,P0090,2025-07-14,475.57,3,SAVE10,2025-07-15 07:00:00,batch_2025_01.csv
T004898,C00302,P0112,2025-08-27,$592.97,4,,2025-08-27 21:00:00,batch_2025_01.csv
T004992,C00408,P0106,2025-05-02,679.58,3,WELCOME5,2025-05-03 04:00:00,batch_2025_01.csv
T001587,C00379,P0131,2025-02-15,$475.39,2,,2025-02-16 09:00:00,batch_2025_01.csv
T002709,C00065,P0150,04/03/2025,702.80,3,,2025-04-03 20:00:00,batch_2025_01.csv
T004723,C00241,P0053,2025-07-12,$24.47,4,,2025-07-12 09:00:00,batch_2025_01.csv
T003139,C00250,P0116,01/10/2025,$497.63,2,SAVE10,2025-01-10 06:00:00,batch_2025_01.csv
T003510,C00488,P0044,2025-01-01,366.16,1,WELCOME5,2025-01-01 09:00:00,batch_2025_01.csv
T003909,C00317,P0030,2025-07-23,799.97,1,,2025-07-24 07:00:00,batch_2025_01.csv
T002708,C00364,P0123,2025-07-21,$128.40,4,SAVE10,2025-07-21 18:00:00,batch_2025_01_late.csv
T001971,C00039,P0021,2025-07-28,604.14,1,,2025-07-29 16:00:00,batch_2025_01.csv
T001125,C00039,P0040,05/08/2025,513.68,3,WELCOME5,2025-05-08 07:00:00,batch_2025_01.csv
T002801,C00483,P0067,2025-06-08,506.36,5,,2025-06-09 02:00:00,batch_2025_01.csv
T004110,C00279,P0091,2025-01-25,$889.78,3,,2025-01-25 12:00:00,batch_2025_01.csv
T002589,C00282,P0030,2025-08-29,$620.46,3,,2025-08-29 05:00:00,batch_2025_01.csv
T000292,C00028,P0093,01/23/2025,$11.40,4,,2025-01-23 19:00:00,batch_2025_01.csv
T001052,C00182,P0003,2025-05-06,$98.39,2,SAVE10,2025-05-06 13:00:00,batch_2025_01.csv
T004194,C00308,P0073,2025-03-21,496.30,3,,2025-03-22 13:00:00,batch_2025_01.csv
T003179,C00034,P0142,2025-01-30,403.48,5,,2025-01-31 23:00:00,batch_2025_01.csv
T000290,C00052,P0085,2025-02-18,$191.35,5,,2025-02-19 03:00:00,batch_2025_01.csv
T003483,C00361,P0003,2025-08-23,600.46,3,SAVE10,2025-08-24 06:00:00,batch_2025_01.csv
T003434,C00253,P0109,2025-02-27,237.40,3,,2025-02-27 18:00:00,batch_2025_01.csv
T003556,C00349,P0041,2025-06-17,659.72,3,,2025-06-17 01:00:00,batch_2025_01.csv
T001799,C00488,P0077,03/07/2025,,2,,2025-03-07 07:00:00,batch_2025_01.csv
T000089,C00314,P0023,04/12/2025,$66.65,4,WELCOME5,2025-04-13 22:00:00,batch_2025_01.csv
T004517,C00064,P0094,2025-05-27,576.15,4,,2025-05-27 03:00:00,batch_2025_01.csv
T004615,C00232,P0130,2025-04-23,787.59,2,,2025-04-24 06:00:00,batch_2025_01.csv
T000985,C00226,P0028,2025-02-12,782.58,3,,2025-02-12 06:00:00,batch_2025_01.csv
T001263,C00246,P0034,2025-01-11,$249.29,3,SAVE10,2025-01-11 07:00:00,batch_2025_01.csv
T003848,C00445,P0016,2025-07-27,869.75,5,,2025-07-28 06:00:00,batch_2025_01.csv
T002465,C00468,P0005,2025-05-16,591.04,1,,2025-05-17 07:00:00,batch_2025_01.csv
T001352,C00225,P0030,2025-04-19,42.84,4,,2025-04-20 08:00:00,batch_2025_01.csv
T002319,C00066,P0096,2025-04-01,869.99,2,,2025-04-02 19:00:00,batch_2025_01.csv
T001508,C99999,P0139,2025-06-03,344.32,1,,2025-06-04 23:00:00,batch_2025_01.csv
T000482,C00096,P0027,2025-02-02,259.65,1,,2025-02-03 22:00:00,batch_2025_01.csv
T002765,C00348,P0030,2025-06-15,$314.62,1,,2025-06-16 10:00:00,batch_2025_01.csv
T002281,C00484,P0008,2025-08-04,243.19,5,SAVE10,2025-08-06 00:00:00,batch_2025_01.csv
T000246,C00234,P0131,2025-05-08,329.23,1,WELCOME5,2025-05-09 13:00:00,batch_2025_01.csv
T001528,C00039,P0065,2025-06-21,$639.84,5,,2025-06-21 20:00:00,batch_2025_01.csv
T002695,C00484,P0109,2025-03-12,$770.63,5,SAVE10,2025-03-13 07:00:00,batch_2025_01.csv
T004122,C00059,P0094,2025-01-09,780.37,1,,2025-01-09 07:00:00,batch_2025_01.csv
T000725,C00390,P0081,2025-01-29,$118.26,3,WELCOME5,2025-01-30 10:00:00,batch_2025_01.csv
T001446,C00108,P0068,2025-06-14,94.64,4,,2025-06-15 21:00:00,batch_2025_01.csv
T004536,C00125,P0146,2025-04-03,N/A,3,,2025-04-03 21:00:00,batch_2025_01.csv
T003986,C00239,P0036,2025-08-02,806.53,3,WELCOME5,2025-08-02 15:00:00,batch_2025_01.csv
T003247,C00116,P0022,06/25/2025,$798.85,5,SAVE10,2025-06-26 18:00:00,batch_2025_01.csv
T000438,C00006,P0052,2025-08-27,766.71,5,WELCOME5,2025-08-28 10:00:00,batch_2025_01.csv
T004954,C00446,P0147,07/03/2025,298.41,5,,2025-07-03 19:00:00,batch_2025_01.csv
T002735,C00174,P0059,03/28/2025,454.77,3,,2025-03-29 17:00:00,batch_2025_01.csv
T004755,C00303,P0088,2025-04-19,249.33,2,,2025-04-20 12:00:00,batch_2025_01.csv
T000460,C00369,P0081,2025-03-18,$708.52,4,,2025-03-18 17:00:00,batch_2025_01.csv
T002078,C00073,P0124,2025-04-19,837.73,2,WELCOME5,2025-04-19 08:00:00,batch_2025_01.csv
T000366,C00056,P0107,2025-06-12,$49.48,4,SAVE10,2025-06-13 20:00:00,batch_2025_01.csv
T004797,C00408,P0040,2025-05-27,$167.54,2,,2025-05-27 18:00:00,batch_2025_01.csv
T003025,,P0071,2025-01-26,$483.86,3,,2025-01-26 19:00:00,batch_2025_01.csv
T001358,C99999,P0041,06/12/2025,67.56,1,,2025-06-13 12:00:00,batch_2025_01.csv
T002468,C00287,P0103,2025-04-06,738.10,2,,2025-04-06 11:00:00,batch_2025_01.csv
T001928,C00453,P0032,02/26/2025,360.09,5,SAVE10,2025-02-26 10:00:00,batch_2025_01.csv
T002854,C00092,P0066,2025-02-23,277.58,5,,2025-02-23 16:00:00,batch_2025_01.csv
T000162,C00495,P0126,2025-07-07,$419.06,4,,2025-07-07 23:00:00,batch_2025_01.csv
T002173,C00423,P0137,2025-05-17,195.56,5,,2025-05-18 00:00:00,batch_2025_01.csv
T000789,C00437,P0113,2025-02-08,55.47,3,,2025-02-08 04:00:00,batch_2025_01.csv
T000341,C00356,P0003,2025-06-19,276.60,5,,2025-06-19 07:00:00,batch_2025_01.csv
T000248,C00242,P0094,02/08/2025,349.62,5,SAVE10,2025-02-08 12:00:00,batch_2025_01.csv
T001729,C00212,P0030,2025-03-01,507.22,4,,2025-03-01 13:00:00,batch_2025_01.csv
T001817,C00480,P0054,2025-06-17,806.87,3,,2025-06-17 03:00:00,batch_2025_01.csv
T001296,C00491,P0058,2025-05-28,512.34,1,WELCOME5,2025-05-29 17:00:00,batch_2025_01.csv
T000552,C00452,P0117,2025-03-24,$88.44,2,,2025-03-25 21:00:00,batch_2025_01.csv
T001741,C00047,P0126,2025-05-17,877.90,3,,2025-05-18 10:00:00,batch_2025_01.csv
T001624,C00354,P0064,06/19/2025,878.70,1,,2025-06-19 10:00:00,batch_2025_01.csv
T003824,C00176,P0128,2025-07-26,$692.01,3,WELCOME5,2025-07-27 06:00:00,batch_2025_01.csv
T003951,C00143,P0132,2025-07-03,$548.59,1,,2025-07-03 06:00:00,batch_2025_01.csv
T000582,C00447,P0023,2025-08-16,$305.29,3,,2025-08-16 03:00:00,batch_2025_01.csv
T002479,C00208,P0030,2025-03-25,879.93,1,,2025-03-26 08:00:00,batch_2025_01.csv
T002380,,P0059,07/22/2025,486.61,5,WELCOME5,2025-07-23 00:00:00,batch_2025_01.csv
T002260,C00409,P0003,2025-02-06,$797.19,1,,2025-02-07 06:00:00,batch_2025_01.csv
T003667,C00261,P0065,2019-13-40,468.95,1,,2025-04-30 01:00:00,batch_2025_01.csv
T001156,C00420,P0082,2025-05-27,306.90,2,WELCOME5,2025-05-28 04:00:00,batch_2025_01.csv
T000078,C00339,P0076,2025-06-04,$281.39,3,SAVE10,2025-06-05 22:00:00,batch_2025_01.csv
T001665,C00127,P0058,03/25/2025,572.70,2,,2025-03-25 23:00:00,batch_2025_01.csv
T001480,C00448,P9999,2025-05-27,534.11,3,WELCOME5,2025-05-27 13:00:00,batch_2025_01.csv
T000698,C00045,P0056,04/24/2025,657.25,3,,2025-04-26 00:00:00,batch_2025_01.csv
T001438,C00242,P0052,03/17/2025,295.87,4,SAVE10,2025-03-17 05:00:00,batch_2025_01.csv
T001806,C00277,P0110,2025-01-24,447.44,1,SAVE10,2025-01-25 21:00:00,batch_2025_01.csv
T003317,C00180,P0024,2025-07-08,113.27,3,SAVE10,2025-07-09 09:00:00,batch_2025_01.csv
T002194,C00396,P0121,2025-06-07,$45.43,2,SAVE10,2025-06-07 01:00:00,batch_2025_01.csv
T002998,C00220,P0002,2025-05-30,162.55,2,,2025-05-31 09:00:00,batch_2025_01.csv
T001212,C00187,P0118,04/01/2025,20.10,5,SAVE10,2025-04-01 20:00:00,batch_2025_01.csv
T000865,C00458,P0083,2025-07-31,238.08,5,WELCOME5,2025-07-31 08:00:00,batch_2025_01.csv
T003244,C00055,P0064,05/01/2025,,4,,2025-05-02 00:00:00,batch_2025_01.csv
T002165,C00231,P0113,2025-04-12,811.84,2,SAVE10,2025-04-12 14:00:00,batch_2025_01.csv
T001578,C00099,P0040,08/24/2025,897.63,5,SAVE10,2025-08-24 22:00:00,batch_2025_01.csv
T004782,C00356,P0080,04/26/2025,290.19,3,,2025-04-26 23:00:00,batch_2025_01.csv
T002553,C00406,P0029,2025-01-29,898.92,1,SAVE10,2025-01-30 13:00:00,batch_2025_01.csv
T001032,C00366,P0096,2025-06-15,510.77,2,,2025-06-16 09:00:00,batch_2025_01.csv
T001470,C00293,P0040,02/19/2025,296.80,5,,2025-02-20 02:00:00,batch_2025_01.csv
T004297,C00291,P0071,2025-07-27,$619.61,1,,2025-07-28 05:00:00,batch_2025_01.csv
T003864,C00004,P0130,2025-05-04,894.60,4,,2025-05-05 05:00:00,batch_2025_01.csv
T001689,C00235,P0101,2025-02-12,$544.82,2,,2025-02-13 08:00:00,batch_2025_01.csv
T002922,C00454,P0098,2025-07-30,742.41,5,WELCOME5,2025-07-30 22:00:00,batch_2025_01.csv
T004863,C00284,P0037,2025-05-31,758.19,5,WELCOME5,2025-05-31 08:00:00,batch_2025_01.csv
T003970,C99999,P0006,2025-07-27,$406.74,5,WELCOME5,2025-07-27 16:00:00,batch_2025_01.csv
T000154,C00275,P0049,2025-04-07,53.97,1,,2025-04-08 20:00:00,batch_2025_01.csv
T004446,C00111,P0128,2025-08-20,68.91,1,,2025-08-20 23:00:00,batch_2025_01.csv
T003644,C00166,P0142,2025-08-08,730.80,2,,2025-08-08 19:00:00,batch_2025_01.csv
T000165,C00192,P0016,06/20/2025,,1,,2025-06-21 16:00:00,batch_2025_01.csv
T000056,C00426,P0043,2025-01-12,$651.30,4,WELCOME5,2025-01-13 03:00:00,batch_2025_01.csv
T000201,C00328,P0111,07/08/2025,360.86,4,SAVE10,2025-07-09 16:00:00,batch_2025_01.csv
T000023,C00212,P0087,04/13/2025,746.06,3,,2025-04-14 03:00:00,batch_2025_01.csv
T004062,C99999,P0104,06/04/2025,679.45,2,,2025-06-04 06:00:00,batch_2025_01.csv
T004503,C00357,P0049,2025-07-30,899.84,1,,2025-07-30 16:00:00,batch_2025_01.csv
T001268,C00383,P0138,07/25/2025,514.70,1,,2025-07-25 01:00:00,batch_2025_01.csv
T001472,C00478,P0068,2025-08-08,429.01,3,,2025-08-08 20:00:00,batch_2025_01.csv
T004739,C00372,P0022,2025-04-01,372.12,5,,2025-04-02 05:00:00,batch_2025_01.csv
T004256,C00243,P0015,2025-05-29,807.57,5,,2025-05-29 19:00:00,batch_2025_01.csv
T003217,C00187,P0135,08/25/2025,428.13,2,SAVE10,2025-08-26 09:00:00,batch_2025_01.csv
T003209,C00133,P0147,03/03/2025,$410.50,3,,2025-03-04 07:00:00,batch_2025_01.csv
T001044,C00347,P0131,2025-02-04,$839.74,5,,2025-02-05 07:00:00,batch_2025_01.csv
T003453,C00190,P0018,2025-06-23,144.63,3,WELCOME5,2025-06-24 21:00:00,batch_2025_01.csv
T000296,C00289,P0016,2025-06-28,$142.81,5,SAVE10,2025-06-29 19:00:00,batch_2025_01.csv
T004791,C00174,P0020,08/14/2025,290.58,2,SAVE10,2025-08-14 22:00:00,batch_2025_01.csv
T004433,C00475,P0079,07/11/2025,547.21,4,WELCOME5,2025-07-11 23:00:00,batch_2025_01.csv
T004226,C00264,P0106,03/19/2025,$446.81,3,SAVE10,2025-03-20 22:00:00,batch_2025_01.csv
T002581,C00036,P0093,2025-07-15,189.48,4,,2025-07-15 16:00:00,batch_2025_01.csv
T001588,C00235,P0048,2025-07-02,803.98,2,WELCOME5,2025-07-02 21:00:00,batch_2025_01.csv
T000214,C00231,P0068,2025-07-29,318.93,2,,2025-07-29 06:00:00,batch_2025_01.csv
T002208,C00223,P0130,2025-08-05,120.77,3,SAVE10,2025-08-06 13:00:00,batch_2025_01.csv
T003184,C00156,P0118,03/07/2025,805.56,2,,2025-03-08 12:00:00,batch_2025_01_late.csv
T003022,C00017,P0027,2025-01-28,$860.69,1,,2025-01-28 11:00:00,batch_2025_01.csv
T004842,C00485,P0002,2025-02-26,402.70,3,SAVE10,2025-02-27 02:00:00,batch_2025_01.csv
T000137,C00425,P0141,2025-02-21,813.38,5,SAVE10,2025-02-22 13:00:00,batch_2025_01.csv
T000032,C00160,P0084,2025-05-26,700.94,2,WELCOME5,2025-05-27 21:00:00,batch_2025_01_late.csv
T001242,C00465,P0091,2025-04-30,866.81,2,,2025-05-01 23:00:00,batch_2025_01.csv
T000322,C00339,P0082,2025-07-04,615.23,3,SAVE10,2025-07-04 02:00:00,batch_2025_01.csv
T002571,C00450,P0054,2025-01-01,,4,,2025-01-01 04:00:00,batch_2025_01.csv
T004389,C00369,P0087,2025-06-22,682.14,1,SAVE10,2025-06-22 21:00:00,batch_2025_01.csv
T001055,C00072,P0091,01/02/2025,$674.41,1,,2025-01-02 23:00:00,batch_2025_01.csv
T003622,C00211,P0119,2025-03-08,N/A,4,SAVE10,2025-03-09 01:00:00,batch_2025_01.csv
T000918,C00282,P0022,2025-01-22,127.82,5,,2025-01-22 19:00:00,batch_2025_01.csv
T000294,C00402,P0102,2025-08-18,$428.08,4,,2025-08-19 19:00:00,batch_2025_01.csv
T004001,C00327,P9999,04/28/2025,367.72,4,,2025-04-28 15:00:00,batch_2025_01.csv
T003788,C00094,P0019,2025-02-19,$499.70,2,WELCOME5,2025-02-20 20:00:00,batch_2025_01.csv
T000146,C00415,P9999,2025-08-28,556.51,5,,2025-08-28 02:00:00,batch_2025_01.csv
T000995,C00151,P0050,08/11/2025,$643.05,5,,2025-08-12 10:00:00,batch_2025_01.csv
T002784,C00266,P0095,2025-07-02,254.59,2,,2025-07-03 02:00:00,batch_2025_01.csv
T002445,C00092,P0005,2025-07-30,891.68,3,SAVE10,2025-07-31 23:00:00,batch_2025_01.csv
T003016,C00204,P0051,2025-03-18,536.20,3,,2025-03-19 05:00:00,batch_2025_01.csv
T002464,C00423,P0113,2025-06-20,$881.04,5,SAVE10,2025-06-20 19:00:00,batch_2025_01.csv
T001295,C00482,P0056,2025-05-30,345.93,1,,2025-05-30 03:00:00,batch_2025_01.csv
T003273,C00380,P0103,2025-04-08,690.30,3,,2025-04-09 05:00:00,batch_2025_01.csv
T002042,C00383,P0093,2025-03-10,509.34,5,,2025-03-11 07:00:00,batch_2025_01.csv
T002646,C00014,P0118,2025-07-31,189.59,3,SAVE10,2025-08-01 09:00:00,batch_2025_01.csv
T001613,C00341,P0103,2025-05-16,$126.74,5,,2025-05-16 14:00:00,batch_2025_01.csv
T002988,C00028,P0048,2025-02-17,182.15,3,,2025-02-18 09:00:00,batch_2025_01.csv
T000480,C00415,P0069,2025-08-07,376.31,4,WELCOME5,2025-08-07 05:00:00,batch_2025_01.csv
T000199,C00435,P0088,06/23/2025,$585.99,5,,2025-06-23 11:00:00,batch_2025_01.csv
T000714,C00470,P0020,2025-02-03,111.98,3,,2025-02-03 02:00:00,batch_2025_01.csv
T003224,C00288,P0008,2025-02-05,64.58,3,,2025-02-05 22:00:00,batch_2025_01.csv
T002311,C00296,P0111,2025-03-24,365.07,1,,2025-03-25 03:00:00,batch_2025_01.csv
T000040,C00224,P0028,2025-05-31,225.04,3,,2025-06-01 02:00:00,batch_2025_01.csv
T001150,C00325,P0073,08/29/2025,634.27,1,,2025-08-29 07:00:00,batch_2025_01.csv
T003267,C00234,P0030,2025-03-10,$394.86,5,WELCOME5,2025-03-11 12:00:00,batch_2025_01.csv
T004420,C00300,P0116,04/03/2025,729.00,2,,2025-04-03 17:00:00,batch_2025_01.csv
T001720,C00411,P0138,2025-01-13,$591.10,4,,2025-01-13 17:00:00,batch_2025_01.csv
T001335,C00275,P0051,2025-08-03,$886.81,3,,2025-08-04 11:00:00,batch_2025_01.csv
T004385,C00017,P0093,2025-07-31,$811.27,5,,2025-08-01 02:00:00,batch_2025_01_late.csv
T002829,C00410,P0103,2025-06-18,$222.94,1,,2025-06-18 08:00:00,batch_2025_01.csv
T003782,C00210,P0050,2025-06-03,522.29,1,,2025-06-03 04:00:00,batch_2025_01.csv
T001516,C00094,P0004,2025-01-09,135.52,5,SAVE10,2025-01-09 16:00:00,batch_2025_01.csv
T003774,C00021,P0106,2025-03-06,109.28,3,,2025-03-06 05:00:00,batch_2025_01.csv
T003660,C00002,P0059,2025-01-28,$228.26,5,,2025-01-29 22:00:00,batch_2025_01.csv
T000348,C00379,P0030,2025-07-14,92.74,2,,2025-07-14 03:00:00,batch_2025_01.csv
T003704,C00223,P0130,2025-08-15,$108.77,2,,2025-08-15 08:00:00,batch_2025_01.csv
T001481,C00280,P0067,2025-07-29,504.55,1,,2025-07-29 19:00:00,batch_2025_01.csv
T004864,C00329,P0137,2025-08-22,$461.93,5,,2025-08-23 18:00:00,batch_2025_01.csv
T003796,C00297,P0083,2025-08-14,130.52,5,SAVE10,2025-08-14 18:00:00,batch_2025_01.csv
T000228,C00349,P0114,06/28/2025,16.28,4,,2025-06-28 22:00:00,batch_2025_01.csv
T004137,C00337,P0109,2025-07-15,797.44,3,,2025-07-15 23:00:00,batch_2025_01.csv
T004636,C00453,P0146,2025-06-25,166.26,5,,2025-06-25 16:00:00,batch_2025_01.csv
T000138,C00060,P0053,05/06/2025,647.49,1,SAVE10,2025-05-06 06:00:00,batch_2025_01.csv
T000760,C00058,P0147,2025-08-27,663.16,5,,2025-08-27 08:00:00,batch_2025_01.csv
T001206,C00095,P0129,06/09/2025,817.74,2,,2025-06-10 07:00:00,batch_2025_01.csv
T002912,C00076,P0012,01/24/2025,$722.88,2,,2025-01-25 05:00:00,batch_2025_01_late.csv
T001832,C00008,P0110,06/15/2025,79.07,2,,2025-06-15 16:00:00,batch_2025_01.csv
T002987,C00474,P0019,03/09/2025,N/A,4,,2025-03-09 12:00:00,batch_2025_01.csv
T003377,C00368,P0043,2025-06-27,633.63,2,SAVE10,2025-06-27 15:00:00,batch_2025_01.csv
T000326,C00336,P0023,02/27/2025,206.25,3,,2025-03-01 00:00:00,batch_2025_01.csv
T003195,C00238,P0075,2025-03-03,526.06,3,,2025-03-03 21:00:00,batch_2025_01.csv
T004334,C00452,P0065,04/11/2025,$359.93,2,,2025-04-12 07:00:00,batch_2025_01.csv
T002947,C00229,P0138,2025-08-14,55.67,3,,2025-08-14 10:00:00,batch_2025_01.csv
T002856,C00299,P0014,2025-04-28,$292.83,5,WELCOME5,2025-04-28 08:00:00,batch_2025_01.csv
T003048,C00207,P0035,2025-04-03,686.30,1,SAVE10,2025-04-04 02:00:00,batch_2025_01.csv
T004158,C00388,P0121,01/22/2025,$61.93,1,,2025-01-23 17:00:00,batch_2025_01.csv
T002884,C00111,P0033,2025-02-26,125.55,2,,2025-02-27 14:00:00,batch_2025_01.csv
T004425,C00463,P0075,2025-04-08,590.68,1,,2025-04-08 02:00:00,batch_2025_01.csv
T004586,C00232,P0003,02/06/2025,126.97,3,,2025-02-07 11:00:00,batch_2025_01.csv
T001784,C00192,P0014,08/21/2025,320.70,1,WELCOME5,2025-08-22 01:00:00,batch_2025_01.csv
T001319,C00373,P0020,2025-05-10,$299.79,5,,2025-05-10 22:00:00,batch_2025_01.csv
T001138,C00073,P0018,01/21/2025,252.32,4,WELCOME5,2025-01-21 20:00:00,batch_2025_01.csv
T001078,C00234,P0129,2025-05-15,639.32,3,WELCOME5,2025-05-15 17:00:00,batch_2025_01.csv
T003062,C00155,P0020,08/12/2025,$555.03,1,,2025-08-12 09:00:00,batch_2025_01.csv
T003827,C00136,P0085,2025-06-08,31.91,3,,2025-06-09 13:00:00,batch_2025_01.csv
T004391,C00276,P0043,2025-08-18,582.76,1,,2025-08-19 23:00:00,batch_2025_01.csv
T004459,C00175,P0139,2025-01-02,$309.57,3,,2025-01-03 14:00:00,batch_2025_01.csv
T003522,C00483,P0117,06/21/2025,$611.28,4,,2025-06-21 15:00:00,batch_2025_01.csv
T002211,C00258,P0042,06/06/2025,828.23,3,,2025-06-06 21:00:00,batch_2025_01.csv
T004927,C00438,P0130,03/04/2025,186.47,2,,2025-03-04 20:00:00,batch_2025_01.csv
T003481,C00253,P0080,2025-02-28,,2,,2025-03-01 04:00:00,batch_2025_01.csv
T003235,C00342,P0082,04/06/2025,$748.77,2,SAVE10,2025-04-07 04:00:00,batch_2025_01.csv
T004577,C00111,P0025,2025-04-04,$455.05,2,WELCOME5,2025-04-04 12:00:00,batch_2025_01.csv
T003087,C00155,P0137,2025-07-30,703.97,4,,2025-07-30 23:00:00,batch_2025_01.csv
T002476,C00122,P0037,2025-04-29,$572.91,5,WELCOME5,2025-04-30 08:00:00,batch_2025_01.csv
T002329,C00325,P0028,03/16/2025,680.91,5,,2025-03-16 17:00:00,batch_2025_01.csv
T000405,C00237,P0115,2025-03-20,328.00,5,,2025-03-21 08:00:00,batch_2025_01.csv
T004364,C00054,P0005,2025-05-09,896.71,4,,2025-05-10 02:00:00,batch_2025_01.csv
T003770,C00101,P0041,2025-03-22,417.07,1,,2025-03-23 21:00:00,batch_2025_01.csv
T000046,C00331,P0024,2025-05-10,$556.59,1,SAVE10,2025-05-11 01:00:00,batch_2025_01.csv
T001315,C00307,P0011,05/19/2025,864.19,1,,2025-05-20 11:00:00,batch_2025_01.csv
T002875,C00320,P0129,2025-02-04,$718.16,1,SAVE10,2025-02-05 17:00:00,batch_2025_01.csv
T004455,C99999,P0090,04/03/2025,110.57,2,,2025-04-04 05:00:00,batch_2025_01.csv
T001286,C00297,P0021,2025-06-06,254.59,2,,2025-06-07 12:00:00,batch_2025_01.csv
T000960,C00316,P0032,07/08/2025,$283.49,1,,2025-07-09 04:00:00,batch_2025_01.csv
T003470,C00131,P0127,05/06/2025,605.14,2,,2025-05-07 23:00:00,batch_2025_01.csv
T004920,C00382,P0111,2025-06-25,337.54,1,SAVE10,2025-06-25 23:00:00,batch_2025_01.csv
T002480,C00173,P0014,2025-06-13,$479.95,3,SAVE10,2025-06-13 04:00:00,batch_2025_01.csv
T003972,C00019,P0128,2025-07-23,722.09,5,,2025-07-24 22:00:00,batch_2025_01.csv
T002710,C00042,P0150,2025-05-23,357.48,1,,2025-05-23 11:00:00,batch_2025_01.csv
T003329,C99999,P0066,05/10/2025,660.64,3,,2025-05-11 04:00:00,batch_2025_01.csv
T002248,C00135,P0012,08/18/2025,$702.24,2,,2025-08-18 16:00:00,batch_2025_01.csv
T001953,C00207,P0147,06/10/2025,$564.41,4,,2025-06-11 03:00:00,batch_2025_01.csv
T001416,C00168,P0096,2025-06-05,42.15,4,WELCOME5,2025-06-06 23:00:00,batch_2025_01.csv
T002546,C00356,P0044,08/27/2025,58.03,3,,2025-08-27 10:00:00,batch_2025_01.csv
T000141,C00278,P0016,2025-01-18,841.65,2,SAVE10,2025-01-19 07:00:00,batch_2025_01.csv
T002983,C00299,P0022,2025-08-29,297.52,5,SAVE10,2025-08-29 05:00:00,batch_2025_01.csv
T003064,C00019,P0045,2025-05-11,$83.82,1,SAVE10,2025-05-12 20:00:00,batch_2025_01.csv
T003676,C00491,P0123,2025-04-27,,5,,2025-04-27 16:00:00,batch_2025_01.csv
T003714,C00007,P0056,04/19/2025,641.75,4,SAVE10,2025-04-19 10:00:00,batch_2025_01.csv
T000651,,P0041,2025-05-05,21.94,1,WELCOME5,2025-05-05 06:00:00,batch_2025_01.csv
T004185,C00169,P0078,2025-05-09,$241.53,3,,2025-05-10 06:00:00,batch_2025_01.csv
T003336,C00175,P0071,2025-05-11,129.65,3,WELCOME5,2025-05-12 06:00:00,batch_2025_01.csv
T000100,C00137,P0116,2025-01-25,229.14,5,SAVE10,2025-01-25 04:00:00,batch_2025_01.csv
T004445,C00458,P0065,2025-06-28,858.75,4,,2025-06-29 10:00:00,batch_2025_01.csv
T000491,C00081,P9999,06/08/2025,89.53,1,,2025-06-08 22:00:00,batch_2025_01.csv
T002604,C00019,P0106,2025-01-28,$877.67,3,,2025-01-29 09:00:00,batch_2025_01.csv
T002558,C00346,P0047,2025-06-10,383.23,2,SAVE10,2025-06-10 23:00:00,batch_2025_01.csv
T001807,C00091,P9999,2025-08-04,127.07,3,WELCOME5,2025-08-05 00:00:00,batch_2025_01.csv
T003851,C00035,P0138,2025-06-16,377.16,3,SAVE10,2025-06-16 11:00:00,batch_2025_01.csv
T003749,C00060,P0053,2025-07-01,187.66,1,WELCOME5,2025-07-02 10:00:00,batch_2025_01.csv
T003306,C99999,P0081,2025-07-18,355.53,4,WELCOME5,2025-07-18 04:00:00,batch_2025_01.csv
T003694,C00439,P0093,2025-07-05,872.73,1,WELCOME5,2025-07-06 09:00:00,batch_2025_01_late.csv
T004839,C00055,P0019,05/05/2025,428.73,2,,2025-05-05 17:00:00,batch_2025_01.csv
T003650,C00418,P0149,06/07/2025,725.38,4,WELCOME5,2025-06-07 09:00:00,batch_2025_01.csv
T002935,C00262,P0035,01/07/2025,735.41,4,SAVE10,2025-01-08 18:00:00,batch_2025_01.csv
T004607,C00277,P0091,2025-08-08,845.73,5,SAVE10,2025-08-09 05:00:00,batch_2025_01.csv
T000099,C00500,P0103,2025-04-05,124.64,4,,2025-04-06 09:00:00,batch_2025_01.csv
T004483,C00101,P0100,01/22/2025,507.36,4,,2025-01-23 19:00:00,batch_2025_01.csv
T002706,C00240,P0139,2025-04-21,$601.64,5,,2025-04-21 18:00:00,batch_2025_01.csv
T002358,C00391,P0086,2025-03-31,553.66,3,,2025-03-31 19:00:00,batch_2025_01.csv
T000551,,P0140,2025-04-16,128.69,5,,2025-04-16 21:00:00,batch_2025_01.csv
T003419,C00386,P0148,2025-02-24,556.94,3,WELCOME5,2025-02-25 09:00:00,batch_2025_01.csv
T001346,C00049,P0144,2025-08-10,158.98,4,WELCOME5,2025-08-11 08:00:00,batch_2025_01.csv
T003871,C00408,P0116,2025-04-28,804.00,4,SAVE10,2025-04-29 18:00:00,batch_2025_01.csv
T001740,C00388,P0144,2025-06-04,$831.72,4,,2025-06-05 15:00:00,batch_2025_01.csv
T003145,C00217,P0084,2025-02-08,400.24,2,,2025-02-09 11:00:00,batch_2025_01.csv
T000249,C00115,P0083,2025-08-23,229.45,5,,2025-08-24 23:00:00,batch_2025_01.csv
T001316,C00105,P0073,05/27/2025,$848.09,4,,2025-05-28 04:00:00,batch_2025_01.csv
T004295,C00149,P0095,03/01/2025,117.02,2,WELCOME5,2025-03-02 13:00:00,batch_2025_01.csv
T004844,C00108,P0129,04/02/2025,$578.35,5,,2025-04-02 09:00:00,batch_2025_01.csv
T004048,C00042,P0032,02/03/2025,$603.17,5,WELCOME5,2025-02-04 19:00:00,batch_2025_01.csv
T001476,C00317,P0129,2025-03-12,400.57,4,WELCOME5,2025-03-12 07:00:00,batch_2025_01.csv
T004227,C00257,P0063,2025-03-09,53.90,3,SAVE10,2025-03-09 22:00:00,batch_2025_01.csv
T000999,C00113,P0066,2025-08-18,602.01,5,SAVE10,2025-08-19 19:00:00,batch_2025_01.csv
T001959,C00319,P0006,2025-05-02,891.10,4,,2025-05-02 10:00:00,batch_2025_01.csv
T003817,C00243,P0069,2025-06-22,586.39,3,,2025-06-23 21:00:00,batch_2025_01.csv
T001106,C00125,P0054,2025-01-15,746.42,2,SAVE10,2025-01-17 00:00:00,batch_2025_01.csv
T002290,C00345,P0039,2025-05-12,98.46,5,SAVE10,2025-05-13 09:00:00,batch_2025_01.csv
T001768,C00041,P0135,2025-04-26,839.35,3,,2025-04-26 10:00:00,batch_2025_01.csv
T004026,C00422,P0061,2025-01-17,457.93,3,,2025-01-17 01:00:00,batch_2025_01.csv
T000521,C00247,P0144,2025-04-12,$184.71,5,,2025-04-13 18:00:00,batch_2025_01.csv
T001223,C00113,P0009,04/01/2025,$430.07,4,SAVE10,2025-04-01 16:00:00,batch_2025_01.csv
T004335,C00072,P0081,2025-08-02,$228.23,4,,2025-08-02 17:00:00,batch_2025_01.csv
T003989,C00006,P0069,2025-03-01,$184.18,5,WELCOME5,2025-03-01 13:00:00,batch_2025_01.csv
T001839,C00268,P0137,2025-08-25,181.20,4,SAVE10,2025-08-26 17:00:00,batch_2025_01.csv
T004771,C00332,P0055,2025-07-29,$511.24,3,,2025-07-30 07:00:00,batch_2025_01.csv
T004332,C00265,P0081,2025-02-25,795.34,5,,2025-02-25 13:00:00,batch_2025_01_late.csv
T000748,C00025,P0077,2025-04-13,896.64,5,,2025-04-13 15:00:00,batch_2025_01.csv
T001603,C00432,P0063,2025-03-15,$544.68,3,,2025-03-16 12:00:00,batch_2025_01.csv
T000396,C00383,P0101,2025-08-06,$718.72,3,,2025-08-07 11:00:00,batch_2025_01.csv
T004530,C00220,P0028,2025-06-24,$310.91,5,,2025-06-24 16:00:00,batch_2025_01.csv
T004906,C00055,P0070,2025-01-28,479.00,5,WELCOME5,2025-01-28 11:00:00,batch_2025_01.csv
T004269,C00109,P0097,2025-05-08,$264.47,3,,2025-05-08 02:00:00,batch_2025_01.csv
T000185,C00370,P0127,2025-02-20,537.68,4,,2025-02-21 06:00:00,batch_2025_01.csv
T000531,C00249,P0137,02/20/2025,$86.51,1,,2025-02-21 09:00:00,batch_2025_01.csv
T002120,C00146,P0142,2025-03-27,505.90,4,WELCOME5,2025-03-28 23:00:00,batch_2025_01.csv
T001520,C00391,P0133,2025-07-20,242.47,5,,2025-07-21 00:00:00,batch_2025_01.csv
T003767,C00199,P0150,02/18/2025,$147.80,3,,2025-02-18 13:00:00,batch_2025_01.csv
T004792,C00099,P0138,2025-07-30,493.17,3,,2025-07-31 17:00:00,batch_2025_01.csv
T000005,C00047,P0102,2025-05-18,$20.42,3,WELCOME5,2025-05-18 14:00:00,batch_2025_01_late.csv
T004795,C00324,P0121,2025-06-25,,4,WELCOME5,2025-06-26 12:00:00,batch_2025_01.csv
T003671,C00019,P0072,2025-02-13,557.55,3,,2025-02-13 06:00:00,batch_2025_01.csv
T000209,C00249,P0035,2025-04-09,182.05,4,SAVE10,2025-04-10 12:00:00,batch_2025_01.csv
T003601,C00412,P0069,2025-06-28,573.57,3,,2025-06-28 04:00:00,batch_2025_01.csv
T000562,C00091,P0117,2025-04-03,676.41,3,SAVE10,2025-04-03 03:00:00,batch_2025_01.csv
T002379,C00225,P0074,03/09/2025,65.45,3,,2025-03-09 13:00:00,batch_2025_01.csv
T002206,C00301,P0020,07/27/2025,408.76,3,,2025-07-28 22:00:00,batch_2025_01.csv
T003321,C00441,P0020,2025-07-30,603.32,4,,2025-07-30 05:00:00,batch_2025_01.csv
T004376,C00407,P0020,07/24/2025,$642.01,5,WELCOME5,2025-07-25 15:00:00,batch_2025_01.csv
T004678,C00259,P0096,2025-01-23,268.35,4,,2025-01-24 10:00:00,batch_2025_01.csv
T004405,C00404,P0032,2025-04-05,156.12,1,,2025-04-06 15:00:00,batch_2025_01.csv
T000866,C00122,P0127,05/10/2025,461.69,3,SAVE10,2025-05-11 01:00:00,batch_2025_01.csv
T002672,C00469,P0143,2025-02-26,12.75,3,,2025-02-27 13:00:00,batch_2025_01.csv
T004283,C00375,P0136,2025-06-06,705.93,3,,2025-06-06 12:00:00,batch_2025_01.csv
T002344,C00041,P0048,2025-06-16,125.61,3,WELCOME5,2025-06-17 01:00:00,batch_2025_01.csv
T001990,C00389,P0110,2025-03-01,780.99,5,,2025-03-02 11:00:00,batch_2025_01.csv
T000881,C00019,P0072,2025-06-30,447.61,4,,2025-07-01 22:00:00,batch_2025_01.csv
T003883,C00207,P0118,2025-06-12,26.89,4,,2025-06-13 18:00:00,batch_2025_01.csv
T003171,C00012,P0054,2025-05-07,$89.72,4,,2025-05-08 21:00:00,batch_2025_01.csv
T000035,C00342,P0079,2025-04-12,48.51,2,,2025-04-13 15:00:00,batch_2025_01.csv
T001911,C00409,P0069,2025-03-24,464.42,2,WELCOME5,2025-03-25 00:00:00,batch_2025_01.csv
T004121,C00222,P0126,2025-02-19,770.63,4,SAVE10,2025-02-19 13:00:00,batch_2025_01.csv
T004722,C00410,P0017,03/18/2025,$9.67,2,,2025-03-18 01:00:00,batch_2025_01.csv
T004751,C00113,P0114,2019-13-40,154.19,3,WELCOME5,2025-01-05 13:00:00,batch_2025_01.csv
T004167,C00315,P0003,2025-08-10,176.71,2,SAVE10,2025-08-11 05:00:00,batch_2025_01.csv
T004999,C00473,P0032,2025-04-01,$898.85,1,WELCOME5,2025-04-02 23:00:00,batch_2025_01.csv
T000944,C00231,P0043,2025-05-10,233.47,4,SAVE10,2025-05-10 03:00:00,batch_2025_01.csv
T000234,,P0073,06/26/2025,$702.84,3,,2025-06-26 02:00:00,batch_2025_01.csv
T002807,C00032,P0058,2031-01-01,381.79,1,,2025-07-14 13:00:00,batch_2025_01.csv
T001048,C00088,P0096,2025-03-28,$873.00,1,,2025-03-29 20:00:00,batch_2025_01.csv
T000780,C00422,P0073,2025-02-18,$656.22,1,,2025-02-19 03:00:00,batch_2025_01.csv
T004699,C00131,P0127,2025-07-21,802.40,4,WELCOME5,2025-07-21 05:00:00,batch_2025_01.csv
T000468,C00086,P0048,2025-02-02,769.96,1,,2025-02-03 23:00:00,batch_2025_01.csv
T002976,C00400,P0074,2025-03-07,833.42,5,WELCOME5,2025-03-08 12:00:00,batch_2025_01.csv
T000842,C00431,P0096,2025-05-10,$239.70,1,SAVE10,2025-05-10 23:00:00,batch_2025_01.csv
T002008,C00357,P0069,06/19/2025,795.65,5,,2025-06-20 00:00:00,batch_2025_01.csv
T001004,C00275,P0049,04/19/2025,$763.63,2,WELCOME5,2025-04-19 21:00:00,batch_2025_01.csv
T002437,C00204,P0117,2025-04-22,$101.44,1,,2025-04-23 12:00:00,batch_2025_01.csv
T000105,C00024,P0103,2025-05-24,53.63,4,WELCOME5,2025-05-24 13:00:00,batch_2025_01.csv
T004648,,P0116,2025-03-08,458.69,1,,2025-03-08 11:00:00,batch_2025_01.csv
T003046,C00322,P0088,03/31/2025,393.96,3,WELCOME5,2025-04-01 19:00:00,batch_2025_01.csv
T004609,C00230,P0007,2025-03-18,282.65,5,WELCOME5,2025-03-19 11:00:00,batch_2025_01.csv
T001362,C00295,P0071,2025-07-08,870.26,2,,2025-07-09 16:00:00,batch_2025_01.csv
T004654,C00329,P0137,2025-02-23,764.97,3,,2025-02-24 01:00:00,batch_2025_01.csv
T003945,C00476,P0147,2025-06-19,$303.00,3,,2025-06-20 13:00:00,batch_2025_01.csv
T004736,C00078,P0073,06/09/2025,$765.50,5,,2025-06-09 19:00:00,batch_2025_01.csv
T000428,C00180,P0148,2025-02-04,95.16,1,,2025-02-04 17:00:00,batch_2025_01.csv
T000383,C00252,P0147,2025-01-19,498.74,2,WELCOME5,2025-01-20 22:00:00,batch_2025_01.csv
T002855,C00029,P0097,2025-07-07,872.02,3,SAVE10,2025-07-09 00:00:00,batch_2025_01.csv
T001765,C00224,P0066,03/10/2025,318.62,2,,2025-03-11 00:00:00,batch_2025_01.csv
T002944,C00160,P0017,2025-05-04,$283.24,2,,2025-05-04 04:00:00,batch_2025_01.csv
T000566,C00270,P0148,2025-04-01,895.56,4,SAVE10,2025-04-01 09:00:00,batch_2025_01.csv
T000819,C00060,P0127,2025-06-15,563.45,2,,2025-06-15 23:00:00,batch_2025_01.csv
T004690,C00288,P0063,2025-03-07,$663.41,5,SAVE10,2025-03-08 19:00:00,batch_2025_01.csv
T001909,C00026,P0001,2025-08-15,$598.54,1,,2025-08-15 16:00:00,batch_2025_01.csv
T004426,C00013,P0120,04/03/2025,148.19,2,WELCOME5,2025-04-03 17:00:00,batch_2025_01.csv
T003290,C00378,P0025,2025-05-17,501.18,1,SAVE10,2025-05-18 19:00:00,batch_2025_01.csv
T000499,C00210,P0083,2025-05-14,106.53,2,,2025-05-15 19:00:00,batch_2025_01.csv
T004043,C00341,P0014,2025-07-31,$849.75,4,SAVE10,2025-07-31 14:00:00,batch_2025_01.csv
T003409,C00413,P0049,2025-08-29,504.40,3,,2025-08-29 08:00:00,batch_2025_01.csv
T003367,C00124,P0075,2025-03-29,652.34,3,SAVE10,2025-03-29 16:00:00,batch_2025_01.csv
T004332,C00265,P0081,2025-02-25,795.34,5,,2025-02-25 07:00:00,batch_2025_01.csv
T000133,C00239,P0079,06/25/2025,150.47,3,,2025-06-26 09:00:00,batch_2025_01.csv
T003656,C00052,P0076,2025-05-09,597.24,2,,2025-05-10 06:00:00,batch_2025_01.csv
T000273,C00052,P0064,03/10/2025,N/A,1,,2025-03-11 11:00:00,batch_2025_01.csv
T001773,C00438,P0044,2025-05-12,691.58,4,,2025-05-12 02:00:00,batch_2025_01.csv
T001924,C00492,P0136,08/24/2025,$458.65,3,,2025-08-24 02:00:00,batch_2025_01.csv
T002631,C00354,P0031,2025-08-06,227.35,2,,2025-08-07 00:00:00,batch_2025_01.csv
T000822,C00410,P0042,03/14/2025,$562.68,2,,2025-03-15 21:00:00,batch_2025_01.csv
T002415,C00264,P0007,2025-05-22,584.51,1,,2025-05-22 22:00:00,batch_2025_01.csv
T004862,C00478,P9999,04/09/2025,$847.27,5,,2025-04-09 21:00:00,batch_2025_01.csv
T004392,C00380,P0010,2025-02-05,414.33,1,WELCOME5,2025-02-06 20:00:00,batch_2025_01.csv
T000575,C00497,P0039,01/08/2025,$258.17,2,WELCOME5,2025-01-08 22:00:00,batch_2025_01.csv
T004581,C00051,P0117,03/23/2025,$441.47,1,,2025-03-24 02:00:00,batch_2025_01.csv
T002442,C00326,P0138,08/08/2025,474.20,1,WELCOME5,2025-08-10 00:00:00,batch_2025_01_late.csv
T002901,C00134,P0018,2025-05-31,694.70,2,,2025-06-01 16:00:00,batch_2025_01.csv
T003984,C00371,P0105,2025-02-23,543.63,2,,2025-02-23 13:00:00,batch_2025_01.csv
T002791,C00264,P0119,2025-04-26,641.42,4,,2025-04-27 16:00:00,batch_2025_01.csv
T001360,C00479,P0066,2025-06-14,$508.51,1,,2025-06-15 19:00:00,batch_2025_01.csv
T002461,C00008,P0039,04/25/2025,833.51,2,,2025-04-26 06:00:00,batch_2025_01_late.csv
T004032,C00111,P0096,05/20/2025,$124.87,1,,2025-05-21 03:00:00,batch_2025_01.csv
T002297,C00485,P0052,2025-03-03,329.56,3,SAVE10,2025-03-04 04:00:00,batch_2025_01.csv
T001117,C00388,P0080,02/21/2025,175.47,1,WELCOME5,2025-02-22 17:00:00,batch_2025_01.csv
T000475,C00188,P0106,2025-03-19,239.75,2,,2025-03-19 01:00:00,batch_2025_01.csv
T004138,C00266,P0114,2025-04-10,592.99,3,SAVE10,2025-04-11 01:00:00,batch_2025_01.csv
T001904,C00247,P0026,2025-08-17,399.57,5,,2025-08-18 11:00:00,batch_2025_01.csv
T001468,C00049,P0114,06/25/2025,313.45,1,,2025-06-26 11:00:00,batch_2025_01.csv
T000225,C00353,P0034,03/19/2025,794.88,1,,2025-03-19 11:00:00,batch_2025_01.csv
T001019,C00062,P0030,2025-05-06,$81.71,1,WELCOME5,2025-05-07 18:00:00,batch_2025_01.csv
T000829,C00081,P9999,2025-07-15,639.68,2,,2025-07-16 09:00:00,batch_2025_01.csv
T002162,C00409,P0069,2025-06-23,$50.06,3,SAVE10,2025-06-24 04:00:00,batch_2025_01.csv
T001675,C00078,P0027,2025-08-29,$474.32,3,,2025-08-30 22:00:00,batch_2025_01.csv
T001067,C00339,P0083,05/01/2025,197.08,2,,2025-05-01 18:00:00,batch_2025_01.csv
T002638,C00358,P0075,2025-07-23,368.62,5,,2025-07-23 16:00:00,batch_2025_01.csv
T002917,C00164,P0134,06/28/2025,787.42,5,SAVE10,2025-06-29 09:00:00,batch_2025_01.csv
T001906,C00386,P0075,01/22/2025,$240.64,5,WELCOME5,2025-01-23 11:00:00,batch_2025_01.csv
T002629,C00020,P0099,2025-07-15,545.40,3,SAVE10,2025-07-16 01:00:00,batch_2025_01.csv
T000128,C00253,P0035,2025-04-30,767.15,2,SAVE10,2025-04-30 18:00:00,batch_2025_01.csv
T000125,C00119,P0137,08/06/2025,666.91,2,,2025-08-06 03:00:00,batch_2025_01.csv
T004000,C00349,P0008,2025-01-03,121.97,5,SAVE10,2025-01-04 02:00:00,batch_2025_01.csv
T004190,C00340,P0040,2025-07-18,$406.40,4,SAVE10,2025-07-18 22:00:00,batch_2025_01.csv
T000256,C00048,P0012,2025-08-18,829.78,4,,2025-08-19 10:00:00,batch_2025_01.csv
T002528,C00292,P0045,05/18/2025,$162.43,3,,2025-05-18 18:00:00,batch_2025_01.csv
T002566,C00067,P0022,2025-01-12,$397.97,5,,2025-01-12 04:00:00,batch_2025_01.csv
T004605,C00306,P0011,2025-02-15,332.58,1,SAVE10,2025-02-15 20:00:00,batch_2025_01.csv
T002509,C00065,P0102,2025-07-10,25.82,5,,2025-07-10 08:00:00,batch_2025_01.csv
T001385,C00231,P0044,2025-08-02,$40.76,2,SAVE10,2025-08-03 14:00:00,batch_2025_01.csv
T004833,C00329,P0101,2025-02-23,324.46,5,,2025-02-24 15:00:00,batch_2025_01.csv
T002184,C00195,P0030,01/08/2025,$48.42,5,SAVE10,2025-01-09 09:00:00,batch_2025_01.csv
T002050,C00063,P0126,04/29/2025,654.51,2,SAVE10,2025-05-01 00:00:00,batch_2025_01.csv
T000502,C00476,P0021,2025-06-13,$425.51,4,,2025-06-13 04:00:00,batch_2025_01.csv
T003649,C00136,P0117,07/21/2025,$838.17,1,,2025-07-21 06:00:00,batch_2025_01.csv
T001712,C00424,P0019,2025-04-26,67.78,4,,2025-04-26 08:00:00,batch_2025_01.csv
T001830,C00257,P0079,2025-06-19,$693.86,5,WELCOME5,2025-06-19 04:00:00,batch_2025_01.csv
T000785,C00496,P0144,2025-02-15,44.68,3,SAVE10,2025-02-15 17:00:00,batch_2025_01.csv
T001011,C00037,P0136,03/14/2025,$656.27,5,SAVE10,2025-03-15 21:00:00,batch_2025_01.csv
T001895,C00208,P0076,05/18/2025,,1,,2025-05-19 06:00:00,batch_2025_01.csv
T004493,C00214,P0141,2025-03-01,533.47,3,,2025-03-02 13:00:00,batch_2025_01.csv
T004401,C00409,P0059,2025-01-26,$465.98,5,WELCOME5,2025-01-27 06:00:00,batch_2025_01.csv
T003988,,P0150,2025-06-17,286.48,2,SAVE10,2025-06-17 20:00:00,batch_2025_01_late.csv
T001617,C00483,P0114,2025-02-22,29.26,5,,2025-02-23 01:00:00,batch_2025_01.csv
T000026,C00211,P0091,08/29/2025,$787.26,3,WELCOME5,2025-08-30 04:00:00,batch_2025_01.csv
T002019,C00039,P0029,2025-06-03,823.18,3,WELCOME5,2025-06-04 07:00:00,batch_2025_01.csv
T002212,C00030,P0023,2025-06-16,$441.04,4,,2025-06-17 10:00:00,batch_2025_01.csv
T002471,C99999,P0076,2025-01-08,400.10,4,,2025-01-08 17:00:00,batch_2025_01.csv
T003680,C00141,P0148,02/01/2025,187.08,1,SAVE10,2025-02-02 07:00:00,batch_2025_01.csv
T000611,C00265,P0021,2025-06-06,$474.83,1,WELCOME5,2025-06-06 06:00:00,batch_2025_01.csv
T001900,C00219,P0126,02/22/2025,766.42,1,WELCOME5,2025-02-22 09:00:00,batch_2025_01.csv
T000875,C00126,P0083,2025-04-28,312.73,2,,2025-04-29 15:00:00,batch_2025_01.csv
T003051,C00399,P0027,01/01/2025,790.24,5,WELCOME5,2025-01-02 17:00:00,batch_2025_01.csv
T000554,C00487,P0041,04/08/2025,345.78,5,,2025-04-08 03:00:00,batch_2025_01.csv
T004981,C00009,P0016,2025-02-21,589.54,1,,2025-02-22 01:00:00,batch_2025_01.csv
T001714,C00304,P0011,2025-01-09,613.77,4,SAVE10,2025-01-10 08:00:00,batch_2025_01.csv
T000054,C00099,P0058,2025-02-09,$899.98,5,WELCOME5,2025-02-09 05:00:00,batch_2025_01.csv
T000444,C00129,P0114,05/25/2025,$869.72,4,SAVE10,2025-05-26 07:00:00,batch_2025_01.csv
T004410,C00195,P0003,2025-03-05,$444.01,1,,2025-03-07 00:00:00,batch_2025_01.csv
T001152,C00325,P0114,2025-07-26,457.00,2,,2025-07-26 03:00:00,batch_2025_01.csv
T001523,C00420,P0131,2025-08-04,,3,WELCOME5,2025-08-05 20:00:00,batch_2025_01.csv
T003476,C00057,P9999,2025-07-19,$523.84,5,SAVE10,2025-07-19 16:00:00,batch_2025_01.csv
T000915,C00092,P0083,2025-05-15,643.54,4,,2025-05-16 21:00:00,batch_2025_01.csv
T001845,C00070,P0122,05/22/2025,448.96,1,,2025-05-23 23:00:00,batch_2025_01.csv
T001015,C00487,P0110,2025-02-13,614.07,2,,2025-02-13 04:00:00,batch_2025_01.csv
T001389,C00360,P0027,2025-08-11,569.49,3,,2025-08-11 01:00:00,batch_2025_01.csv
T003930,C00205,P0010,2025-04-02,$116.67,1,,2025-04-03 09:00:00,batch_2025_01.csv
T001681,C00035,P0011,2025-01-10,186.51,3,,2025-01-10 14:00:00,batch_2025_01.csv
T004556,C00092,P0144,01/05/2025,135.33,2,,2025-01-06 16:00:00,batch_2025_01.csv
T004880,C00239,P0091,2025-07-18,139.71,4,WELCOME5,2025-07-18 01:00:00,batch_2025_01.csv
T004274,C00404,P0017,04/22/2025,116.18,1,,2025-04-23 09:00:00,batch_2025_01.csv
T004848,C99999,P0018,02/08/2025,$418.26,2,,2025-02-08 17:00:00,batch_2025_01.csv
T004390,C00389,P0133,2025-06-23,$639.72,5,WELCOME5,2025-06-24 03:00:00,batch_2025_01.csv
T004865,C00320,P0104,2025-05-16,$31.04,5,,2025-05-16 19:00:00,batch_2025_01.csv
T004773,C00325,P0115,02/16/2025,637.43,2,,2025-02-17 01:00:00,batch_2025_01.csv
T002494,C99999,P0137,2025-03-29,539.26,2,,2025-03-30 07:00:00,batch_2025_01.csv
T000486,C00198,P0114,not-a-date,$228.47,5,,2025-01-09 13:00:00,batch_2025_01.csv
T003888,C00483,P0042,02/03/2025,623.19,2,,2025-02-05 00:00:00,batch_2025_01.csv
T002636,C00468,P0028,06/03/2025,666.82,2,,2025-06-03 05:00:00,batch_2025_01.csv
T004575,C00412,P0035,2025-07-22,583.70,2,WELCOME5,2025-07-22 14:00:00,batch_2025_01.csv
T004900,C00045,P0124,2025-05-31,721.90,5,,2025-06-01 05:00:00,batch_2025_01.csv
T000274,C00295,P0100,2025-08-03,$324.49,3,WELCOME5,2025-08-03 12:00:00,batch_2025_01.csv
T001394,C00454,P0135,2025-05-26,185.03,1,,2025-05-26 09:00:00,batch_2025_01.csv
T001869,C00243,P0136,2025-04-27,66.24,2,,2025-04-27 23:00:00,batch_2025_01.csv
T001486,C00145,P0148,2025-01-18,305.71,5,,2025-01-20 00:00:00,batch_2025_01.csv
T001034,C00209,P0017,01/23/2025,$301.79,2,,2025-01-24 00:00:00,batch_2025_01.csv
T001143,C00078,P0118,2025-05-08,840.97,4,,2025-05-08 21:00:00,batch_2025_01.csv
T001730,C99999,P0016,2025-01-04,463.09,5,,2025-01-04 08:00:00,batch_2025_01.csv
T001397,C00079,P0143,2025-04-06,762.34,4,WELCOME5,2025-04-06 01:00:00,batch_2025_01.csv
T004521,C00489,P0071,2025-01-14,20.93,5,WELCOME5,2025-01-15 18:00:00,batch_2025_01.csv
T002363,C00304,P0085,02/02/2025,$454.45,2,WELCOME5,2025-02-03 15:00:00,batch_2025_01.csv
T002285,C00186,P0093,05/29/2025,$61.92,3,,2025-05-29 19:00:00,batch_2025_01.csv
T003318,C00141,P0003,2025-05-28,554.52,2,WELCOME5,2025-05-28 19:00:00,batch_2025_01.csv
T002132,C00220,P0082,2025-08-12,588.05,5,SAVE10,2025-08-12 13:00:00,batch_2025_01.csv
T001460,C00464,P0034,2025-01-16,$474.12,5,SAVE10,2025-01-16 14:00:00,batch_2025_01.csv
T000364,C00268,P0096,2025-01-12,634.27,4,,2025-01-12 11:00:00,batch_2025_01.csv
T003056,C00017,P0001,01/10/2025,251.44,5,,2025-01-11 23:00:00,batch_2025_01.csv
T001538,C00328,P0131,06/20/2025,301.32,1,SAVE10,2025-06-20 17:00:00,batch_2025_01.csv
T002689,C00063,P0033,2019-13-40,749.83,5,,2025-07-21 18:00:00,batch_2025_01.csv
T004658,C00367,P0004,2025-04-18,$770.30,4,,2025-04-18 14:00:00,batch_2025_01.csv
T000241,C00168,P0101,2025-07-15,531.10,4,,2025-07-16 18:00:00,batch_2025_01.csv
T000876,C00312,P0122,2025-01-03,$11.82,4,SAVE10,2025-01-04 20:00:00,batch_2025_01.csv
T000416,C00406,P0124,01/02/2025,799.36,2,,2025-01-03 09:00:00,batch_2025_01.csv
T001700,C00187,P0023,2025-04-27,541.46,3,WELCOME5,2025-04-28 07:00:00,batch_2025_01.csv
T004231,C00240,P0010,01/28/2025,335.94,3,,2025-01-28 17:00:00,batch_2025_01.csv
T000604,C00196,P0112,2025-06-19,494.25,4,,2025-06-19 12:00:00,batch_2025_01.csv
T000836,C00215,P0103,06/29/2025,$798.12,3,,2025-06-30 12:00:00,batch_2025_01.csv
T000850,C00356,P0055,2025-01-09,$414.25,1,WELCOME5,2025-01-11 00:00:00,batch_2025_01.csv
T002627,C00188,P0091,2025-05-09,$423.25,3,,2025-05-09 03:00:00,batch_2025_01.csv
T001961,C00311,P0057,06/19/2025,$298.59,5,,2025-06-20 15:00:00,batch_2025_01.csv
T000697,C00076,P0110,2025-04-06,337.71,4,WELCOME5,2025-04-06 01:00:00,batch_2025_01.csv
T001218,C00496,P0089,01/03/2025,265.26,2,WELCOME5,2025-01-04 08:00:00,batch_2025_01.csv
T001046,C00126,P0136,2025-01-11,618.20,5,,2025-01-12 15:00:00,batch_2025_01.csv
T000586,C00126,P0044,2025-06-06,71.55,1,SAVE10,2025-06-06 22:00:00,batch_2025_01.csv
T003460,C00443,P0029,2025-04-03,316.43,1,,2025-04-04 14:00:00,batch_2025_01.csv
T000816,C00027,P0086,2025-06-11,15.02,4,WELCOME5,2025-06-12 22:00:00,batch_2025_01.csv
T001823,C00002,P0027,2025-07-31,438.66,5,,2025-08-01 09:00:00,batch_2025_01.csv
T001221,C00181,P0001,2019-13-40,$52.51,5,WELCOME5,2025-02-05 23:00:00,batch_2025_01.csv
T003718,C00021,P0121,2025-05-14,617.19,4,,2025-05-15 10:00:00,batch_2025_01.csv
T002853,C00255,P0025,2025-01-14,$289.90,3,,2025-01-14 23:00:00,batch_2025_01.csv
T004318,C00205,P0018,2025-01-11,349.61,1,WELCOME5,2025-01-12 15:00:00,batch_2025_01.csv
T001728,C00341,P0051,2025-05-20,405.92,2,WELCOME5,2025-05-21 00:00:00,batch_2025_01.csv
T004003,C00184,P0023,2025-01-01,802.40,2,SAVE10,2025-01-01 15:00:00,batch_2025_01.csv
T001493,C00093,P0026,06/04/2025,$31.39,1,,2025-06-04 03:00:00,batch_2025_01.csv
T002420,C00272,P0084,2025-05-18,241.83,2,,2025-05-18 04:00:00,batch_2025_01.csv
T003239,C00482,P0016,2025-01-09,$285.20,5,WELCOME5,2025-01-10 22:00:00,batch_2025_01.csv
T001833,C00087,P0075,04/17/2025,607.26,2,,2025-04-17 11:00:00,batch_2025_01.csv
T004050,C00298,P0035,2025-07-21,$61.13,3,WELCOME5,2025-07-21 10:00:00,batch_2025_01.csv
T004028,C00133,P0113,04/21/2025,254.37,1,SAVE10,2025-04-23 00:00:00,batch_2025_01.csv
T002941,C00052,P0083,2025-06-11,$301.71,4,,2025-06-11 03:00:00,batch_2025_01.csv
T002984,C00088,P0027,01/04/2025,851.20,4,,2025-01-05 08:00:00,batch_2025_01.csv
T000018,C00056,P0116,06/07/2025,457.42,5,,2025-06-07 03:00:00,batch_2025_01.csv
T001854,C00036,P0025,2025-05-31,854.49,4,,2025-05-31 01:00:00,batch_2025_01.csv
T002704,C00221,P0127,2025-08-01,573.57,2,,2025-08-02 13:00:00,batch_2025_01.csv
T004843,C00135,P0027,2025-05-23,140.00,5,WELCOME5,2025-05-23 07:00:00,batch_2025_01.csv
T004309,C00271,P0079,2025-08-16,718.54,4,,2025-08-17 17:00:00,batch_2025_01.csv
T000413,C00333,P0083,05/14/2025,100.08,3,WELCOME5,2025-05-15 17:00:00,batch_2025_01.csv
T002805,C00062,P0042,2025-01-19,$291.64,3,SAVE10,2025-01-20 19:00:00,batch_2025_01.csv
T004872,,P0085,2025-03-20,676.25,3,,2025-03-20 10:00:00,batch_2025_01.csv
T004601,C00479,P0131,03/25/2025,215.21,2,SAVE10,2025-03-26 22:00:00,batch_2025_01.csv
T000537,C00298,P0139,2025-02-21,$618.17,5,,2025-02-21 09:00:00,batch_2025_01.csv
T003731,C00238,P0002,2025-05-20,$35.32,5,,2025-05-20 19:00:00,batch_2025_01.csv
T004164,C00390,P0138,2025-03-19,615.21,2,,2025-03-20 05:00:00,batch_2025_01.csv
T003028,C00396,P0007,03/21/2025,50.42,1,,2025-03-22 18:00:00,batch_2025_01.csv
T000917,C00442,P0061,03/20/2025,$361.14,3,,2025-03-21 04:00:00,batch_2025_01.csv
T002138,C00226,P0080,2025-04-08,837.84,1,,2025-04-09 13:00:00,batch_2025_01.csv
T003942,C00044,P0105,2025-08-21,617.21,2,SAVE10,2025-08-22 00:00:00,batch_2025_01.csv
T001954,C00426,P0142,07/14/2025,$580.44,4,,2025-07-15 15:00:00,batch_2025_01.csv
T003599,C00178,P0012,2025-01-19,297.18,2,,2025-01-20 02:00:00,batch_2025_01.csv
T000285,C00369,P0001,2025-04-23,50.95,4,SAVE10,2025-04-24 23:00:00,batch_2025_01.csv
T001517,C00248,P0089,2025-08-11,175.47,4,WELCOME5,2025-08-12 13:00:00,batch_2025_01.csv
T002070,C00339,P0046,08/13/2025,$414.17,1,,2025-08-14 19:00:00,batch_2025_01.csv
T004418,C00029,P0053,2025-07-08,$854.51,5,WELCOME5,2025-07-09 17:00:00,batch_2025_01.csv
T004977,C99999,P0058,03/18/2025,589.99,4,,2025-03-19 06:00:00,batch_2025_01.csv
T002536,C00096,P0140,2025-02-04,121.92,1,,2025-02-04 23:00:00,batch_2025_01.csv
T000830,C00172,P0036,02/21/2025,$117.70,1,,2025-02-22 05:00:00,batch_2025_01.csv
T001474,C00182,P0036,2025-07-16,$877.69,2,,2025-07-16 18:00:00,batch_2025_01.csv
T004969,C00438,P0124,2025-02-22,295.82,5,SAVE10,2025-02-24 01:00:00,batch_2025_01_late.csv
T004015,C00408,P0015,2025-06-07,,1,SAVE10,2025-06-08 19:00:00,batch_2025_01.csv
T001905,C00369,P0039,2025-03-22,$889.66,5,,2025-03-23 01:00:00,batch_2025_01.csv
T004030,C00358,P0081,05/22/2025,$881.30,1,WELCOME5,2025-05-23 03:00:00,batch_2025_01.csv
T002585,C00229,P0074,2025-02-08,$871.59,5,,2025-02-09 02:00:00,batch_2025_01.csv
T001652,C00404,P0082,2025-08-11,348.26,4,,2025-08-12 17:00:00,batch_2025_01.csv
T001180,C00053,P0144,2025-06-05,256.02,4,SAVE10,2025-06-06 19:00:00,batch_2025_01.csv
T001546,C00402,P0013,2025-06-28,$297.47,2,WELCOME5,2025-06-29 17:00:00,batch_2025_01.csv
T004052,C00452,P0150,2025-06-12,635.87,5,,2025-06-12 07:00:00,batch_2025_01.csv
T004070,C00426,P0009,03/24/2025,8.61,3,WELCOME5,2025-03-26 00:00:00,batch_2025_01.csv
T001430,C00203,P0056,2025-01-29,196.48,4,WELCOME5,2025-01-30 13:00:00,batch_2025_01.csv
T002288,C00198,P0035,2025-08-02,394.99,3,,2025-08-02 08:00:00,batch_2025_01.csv
T001553,C00469,P0104,2025-02-07,768.17,2,SAVE10,2025-02-08 22:00:00,batch_2025_01.csv
T000754,C00211,P0082,2025-08-22,775.29,3,,2025-08-22 05:00:00,batch_2025_01.csv
T002140,C00348,P9999,06/25/2025,60.26,4,,2025-06-26 07:00:00,batch_2025_01.csv
T000952,C00113,P0025,2025-08-01,718.86,4,WELCOME5,2025-08-02 19:00:00,batch_2025_01.csv
T003773,C00125,P0092,2025-03-30,288.06,2,,2025-03-31 21:00:00,batch_2025_01.csv
T001433,C00474,P0046,01/01/2025,$364.85,2,,2025-01-02 11:00:00,batch_2025_01.csv
T003479,C00274,P0138,07/19/2025,199.24,3,,2025-07-19 06:00:00,batch_2025_01.csv
T001010,C00012,P0141,2025-04-19,357.92,4,SAVE10,2025-04-20 20:00:00,batch_2025_01.csv
T003514,C00194,P0147,2025-06-26,202.16,2,,2025-06-27 22:00:00,batch_2025_01.csv
T002819,C00310,P0140,2025-01-21,141.45,4,SAVE10,2025-01-22 11:00:00,batch_2025_01.csv
T004253,,P0134,04/09/2025,$89.45,2,,2025-04-10 06:00:00,batch_2025_01.csv
T001755,C00278,P0005,01/24/2025,859.39,3,SAVE10,2025-01-25 13:00:00,batch_2025_01.csv
T000019,C00235,P0008,2025-05-03,0.00,4,,2025-05-04 02:00:00,batch_2025_01.csv
T002837,C00206,P0013,2025-07-28,302.93,4,,2025-07-28 04:00:00,batch_2025_01.csv
T001123,C00265,P0134,03/29/2025,837.76,3,WELCOME5,2025-03-30 05:00:00,batch_2025_01.csv
T004397,C00043,P0030,2025-01-31,$726.24,2,,2025-02-01 09:00:00,batch_2025_01.csv
T003982,C00140,P0120,2025-05-03,364.54,5,,2025-05-04 00:00:00,batch_2025_01.csv
T003197,C00152,P0007,2025-02-18,$497.75,1,,2025-02-19 12:00:00,batch_2025_01.csv
T002698,C00162,P0036,02/18/2025,-45.00,2,,2025-02-18 11:00:00,batch_2025_01.csv
T002838,C00223,P0003,2025-02-03,$338.90,4,,2025-02-05 05:00:00,batch_2025_01_late.csv
T000667,,P0057,06/01/2025,803.51,4,,2025-06-01 10:00:00,batch_2025_01.csv
T004380,C00143,P0130,2025-01-10,$433.08,3,,2025-01-10 18:00:00,batch_2025_01.csv
T001718,C00159,P0142,2025-08-07,701.23,1,,2025-08-08 05:00:00,batch_2025_01.csv
T001313,C00141,P0125,2025-08-15,399.51,5,,2025-08-15 11:00:00,batch_2025_01.csv
T004492,,P0069,2025-04-29,106.53,3,,2025-04-30 18:00:00,batch_2025_01.csv
T001144,C00267,P0001,2025-08-02,$889.51,5,,2025-08-02 09:00:00,batch_2025_01.csv
T002722,C00008,P0147,2025-04-29,298.40,4,SAVE10,2025-04-29 12:00:00,batch_2025_01.csv
T003772,C00138,P0124,03/16/2025,0.00,1,WELCOME5,2025-03-17 04:00:00,batch_2025_01.csv
T000965,C00446,P0126,2025-02-19,70.43,2,,2025-02-19 04:00:00,batch_2025_01.csv
T004621,C00300,P9999,07/05/2025,215.41,2,WELCOME5,2025-07-06 02:00:00,batch_2025_01.csv
T001006,C00256,P0117,03/14/2025,139.50,1,WELCOME5,2025-03-14 10:00:00,batch_2025_01.csv
T000730,C00187,P0051,2025-06-02,310.06,4,,2025-06-03 02:00:00,batch_2025_01.csv
T001650,C00301,P0044,2025-04-01,46.09,4,SAVE10,2025-04-02 03:00:00,batch_2025_01.csv
T004115,C00043,P0106,05/29/2025,$656.14,5,,2025-05-29 23:00:00,batch_2025_01.csv
T004585,C00161,P0073,2025-03-19,649.15,1,WELCOME5,2025-03-20 04:00:00,batch_2025_01.csv
T004814,C00326,P0085,2025-08-22,412.71,3,,2025-08-23 01:00:00,batch_2025_01.csv
T001589,C00328,P0004,04/08/2025,48.35,3,,2025-04-08 20:00:00,batch_2025_01_late.csv
T000213,C00280,P0056,01/27/2025,$890.88,3,,2025-01-29 00:00:00,batch_2025_01.csv
T004201,C00494,P0087,04/04/2025,799.86,4,WELCOME5,2025-04-05 04:00:00,batch_2025_01.csv
T003998,C00468,P0133,2025-06-23,777.36,2,,2025-06-23 14:00:00,batch_2025_01.csv
T001455,C00183,P0128,08/22/2025,417.71,5,,2025-08-23 17:00:00,batch_2025_01.csv
T003124,C00344,P0036,2025-07-20,765.04,1,,2025-07-21 10:00:00,batch_2025_01.csv
T000289,C99999,P0124,2025-04-21,636.42,2,,2025-04-22 18:00:00,batch_2025_01.csv
T002207,C00137,P0034,2025-05-22,101.87,1,,2025-05-22 23:00:00,batch_2025_01.csv
T002838,C00223,P0003,2025-02-03,$338.90,4,,2025-02-04 23:00:00,batch_2025_01.csv
T000741,C00429,P0094,2025-07-09,319.20,3,SAVE10,2025-07-10 14:00:00,batch_2025_01.csv
T000778,C00008,P0135,08/24/2025,396.16,2,,2025-08-25 06:00:00,batch_2025_01.csv
T003490,C00494,P0068,03/11/2025,$569.23,2,,2025-03-12 01:00:00,batch_2025_01.csv
T000631,C00394,P0110,2025-06-20,$625.46,3,,2025-06-20 21:00:00,batch_2025_01.csv
T004921,C00201,P0091,2025-08-09,,3,WELCOME5,2025-08-10 09:00:00,batch_2025_01.csv
T004490,C00161,P0145,2025-01-04,708.65,2,,2025-01-05 12:00:00,batch_2025_01_late.csv
T002130,C00096,P0064,2025-03-07,47.06,3,,2025-03-08 03:00:00,batch_2025_01_late.csv
T003250,C00261,P0029,2025-02-06,$758.93,5,SAVE10,2025-02-07 20:00:00,batch_2025_01.csv
T004830,C00143,P0017,2025-06-03,214.66,2,,2025-06-03 19:00:00,batch_2025_01.csv
T004140,C00443,P0082,2025-07-03,585.81,3,,2025-07-04 17:00:00,batch_2025_01.csv
T003263,C00268,P0032,2025-06-13,653.51,2,WELCOME5,2025-06-14 03:00:00,batch_2025_01.csv
T003200,C00180,P0024,2025-04-23,484.67,3,WELCOME5,2025-04-23 06:00:00,batch_2025_01.csv
T001256,C00041,P0033,2025-03-18,705.89,5,WELCOME5,2025-03-18 07:00:00,batch_2025_01.csv
T003662,C00086,P0110,2025-04-26,685.10,5,,2025-04-26 23:00:00,batch_2025_01.csv
T002187,C00302,P0131,2025-07-21,$681.56,5,,2025-07-22 07:00:00,batch_2025_01.csv
T004347,C00463,P0117,2025-03-01,$697.76,5,,2025-03-01 06:00:00,batch_2025_01.csv
T000553,C00047,P0030,2025-06-12,$637.95,5,WELCOME5,2025-06-13 00:00:00,batch_2025_01.csv
T004114,C00158,P0144,2031-01-01,641.61,5,,2025-08-29 15:00:00,batch_2025_01.csv
T001255,C00317,P0144,2025-07-25,$769.25,1,WELCOME5,2025-07-25 05:00:00,batch_2025_01.csv
T003958,C00050,P0022,05/24/2025,$312.75,1,WELCOME5,2025-05-24 09:00:00,batch_2025_01.csv
T002869,C00354,P0088,04/10/2025,121.14,4,WELCOME5,2025-04-10 04:00:00,batch_2025_01.csv
T000267,C00016,P0098,2025-02-14,617.43,3,SAVE10,2025-02-14 23:00:00,batch_2025_01.csv
T002903,C00445,P0011,04/26/2025,659.33,1,WELCOME5,2025-04-26 02:00:00,batch_2025_01.csv
T002684,C00079,P0096,2025-07-26,816.03,1,WELCOME5,2025-07-26 22:00:00,batch_2025_01.csv
T000175,C00170,P0099,2019-13-40,$682.00,3,,2025-02-06 21:00:00,batch_2025_01.csv
T001386,C00178,P0074,2025-06-29,$193.04,3,,2025-06-30 09:00:00,batch_2025_01.csv
T002937,C00285,P0037,2025-06-05,353.76,5,SAVE10,2025-06-05 15:00:00,batch_2025_01.csv
T004807,C00267,P0075,2025-08-27,360.39,4,,2025-08-28 19:00:00,batch_2025_01.csv
T002201,C00008,P0078,05/22/2025,880.18,5,,2025-05-22 01:00:00,batch_2025_01.csv
T003668,C00028,P0117,2025-01-02,719.76,2,SAVE10,2025-01-02 05:00:00,batch_2025_01.csv
T003260,C00229,P0045,2025-08-12,71.93,4,,2025-08-12 21:00:00,batch_2025_01.csv
T002683,C00179,P0050,02/14/2025,228.56,1,,2025-02-14 01:00:00,batch_2025_01.csv
T004247,C00228,P0073,2025-01-23,230.03,4,,2025-01-23 12:00:00,batch_2025_01.csv
T004696,C00142,P0081,04/11/2025,753.90,4,,2025-04-12 19:00:00,batch_2025_01.csv
T000677,C00386,P0058,2025-08-18,293.85,1,,2025-08-18 18:00:00,batch_2025_01.csv
T000152,C00154,P0037,2025-08-23,726.75,5,WELCOME5,2025-08-23 04:00:00,batch_2025_01.csv
T003882,C00485,P0030,2025-02-25,334.45,2,,2025-02-25 14:00:00,batch_2025_01.csv
T001756,C00064,P0025,2025-04-15,$227.60,2,,2025-04-15 15:00:00,batch_2025_01.csv
T000034,C00387,P0132,2025-04-21,$109.53,4,WELCOME5,2025-04-21 08:00:00,batch_2025_01.csv
T002082,C00128,P0016,06/07/2025,119.23,4,WELCOME5,2025-06-08 00:00:00,batch_2025_01.csv
T004695,C00426,P0092,04/09/2025,$856.92,1,WELCOME5,2025-04-10 20:00:00,batch_2025_01.csv
T002620,C00133,P0026,2025-03-14,$527.00,3,,2025-03-15 17:00:00,batch_2025_01.csv
T004944,C00231,P0047,2025-03-06,414.74,2,,2025-03-07 00:00:00,batch_2025_01.csv
T000627,C00426,P0018,2025-01-26,18.67,2,,2025-01-27 10:00:00,batch_2025_01.csv
T001978,C00083,P0145,06/04/2025,631.76,4,WELCOME5,2025-06-04 05:00:00,batch_2025_01.csv
T002973,C99999,P0098,2025-06-12,$805.12,2,SAVE10,2025-06-12 22:00:00,batch_2025_01.csv
T004663,C00392,P0085,04/25/2025,41.96,3,,2025-04-26 23:00:00,batch_2025_01.csv
T002952,C00120,P0027,2025-05-24,462.07,5,,2025-05-26 00:00:00,batch_2025_01.csv
T004113,C99999,P0008,2025-07-11,$786.64,4,,2025-07-11 16:00:00,batch_2025_01.csv
T003495,C00134,P0098,02/12/2025,606.32,5,,2025-02-12 02:00:00,batch_2025_01.csv
T000769,C00141,P0021,2025-08-29,742.29,3,SAVE10,2025-08-30 08:00:00,batch_2025_01.csv
T000283,C00054,P0128,2025-07-10,133.45,2,,2025-07-10 05:00:00,batch_2025_01.csv
T003915,C00395,P0113,01/08/2025,$879.09,4,,2025-01-08 13:00:00,batch_2025_01.csv
T003540,C00476,P0059,04/08/2025,232.99,1,SAVE10,2025-04-08 02:00:00,batch_2025_01.csv
T002037,C00471,P0095,2025-01-18,264.82,5,,2025-01-19 10:00:00,batch_2025_01.csv
T003841,C00302,P0139,2025-08-29,,5,,2025-08-30 07:00:00,batch_2025_01.csv
T003041,C00472,P0086,2025-01-14,202.27,2,SAVE10,2025-01-15 03:00:00,batch_2025_01.csv
T001826,C00322,P9999,08/13/2025,431.27,5,WELCOME5,2025-08-14 03:00:00,batch_2025_01.csv
T002192,C00464,P0101,03/18/2025,$825.20,2,,2025-03-18 06:00:00,batch_2025_01.csv
T004451,C00077,P0106,2025-01-05,493.35,2,,2025-01-05 01:00:00,batch_2025_01.csv
T001970,C00201,P0100,01/15/2025,$63.84,5,,2025-01-15 08:00:00,batch_2025_01.csv
T004594,C00488,P0002,2025-01-25,168.13,3,,2025-01-25 22:00:00,batch_2025_01.csv
T002511,C00331,P0081,2025-03-04,$319.81,5,,2025-03-05 23:00:00,batch_2025_01.csv
T004002,C00446,P0077,2025-05-28,747.32,5,WELCOME5,2025-05-29 20:00:00,batch_2025_01.csv
T002323,C00047,P0013,2025-04-28,499.69,4,,2025-04-28 03:00:00,batch_2025_01.csv
T002280,C00153,P0097,2025-01-11,779.75,2,,2025-01-11 11:00:00,batch_2025_01.csv
T002644,C00237,P0042,2025-04-09,$210.56,4,,2025-04-09 02:00:00,batch_2025_01.csv
T000873,C00154,P0023,02/01/2025,360.61,4,,2025-02-01 09:00:00,batch_2025_01.csv
T002247,C00293,P0110,2025-08-21,$849.07,4,SAVE10,2025-08-22 12:00:00,batch_2025_01.csv
T000113,C00076,P0063,2019-13-40,36.16,4,,2025-06-29 08:00:00,batch_2025_01.csv
T001864,C00368,P0029,2025-01-04,748.33,2,,2025-01-05 03:00:00,batch_2025_01.csv
T004582,C00358,P0002,2025-06-17,$623.71,1,SAVE10,2025-06-18 14:00:00,batch_2025_01.csv
T000914,C00034,P0043,07/12/2025,461.68,5,SAVE10,2025-07-13 18:00:00,batch_2025_01.csv
T004541,C00471,P0114,2025-05-09,362.99,1,WELCOME5,2025-05-09 16:00:00,batch_2025_01.csv
T003079,C00197,P0045,2025-05-25,752.01,3,SAVE10,2025-05-26 01:00:00,batch_2025_01.csv
T003710,C00166,P0131,2025-05-18,272.89,5,WELCOME5,2025-05-18 01:00:00,batch_2025_01.csv
T004935,C00152,P0093,01/05/2025,$781.85,5,,2025-01-05 09:00:00,batch_2025_01.csv
T003509,C00492,P0086,2025-01-18,830.67,2,,2025-01-19 15:00:00,batch_2025_01.csv
T004388,C00101,P0118,2025-03-13,506.56,3,,2025-03-13 12:00:00,batch_2025_01.csv
T003962,C00410,P0078,07/16/2025,161.84,5,WELCOME5,2025-07-16 20:00:00,batch_2025_01.csv
T000373,C00278,P0083,2025-07-14,N/A,4,WELCOME5,2025-07-14 23:00:00,batch_2025_01.csv
T004846,C00397,P0085,2025-04-23,438.97,4,WELCOME5,2025-04-24 00:00:00,batch_2025_01.csv
T000098,C00226,P0107,2019-13-40,439.95,3,,2025-02-22 22:00:00,batch_2025_01.csv
T000862,C00224,P0047,2025-08-09,378.12,1,,2025-08-10 10:00:00,batch_2025_01.csv
T004735,C00190,P0104,2025-05-23,455.18,4,,2025-05-23 04:00:00,batch_2025_01.csv
T003484,C00432,P0094,02/09/2025,$508.16,3,,2025-02-10 01:00:00,batch_2025_01.csv
T002381,C00484,P0072,2019-13-40,384.53,2,,2025-03-28 12:00:00,batch_2025_01.csv
T001834,C00050,P0074,2025-05-19,284.07,2,,2025-05-20 21:00:00,batch_2025_01.csv
T000854,C00179,P0018,2025-04-17,$784.42,3,SAVE10,2025-04-18 07:00:00,batch_2025_01.csv
T003898,C00463,P0040,2025-04-15,297.83,1,,2025-04-15 01:00:00,batch_2025_01.csv
T004518,C00424,P0079,2025-07-05,735.43,1,,2025-07-05 18:00:00,batch_2025_01.csv
T000788,C00265,P0081,02/12/2025,396.71,2,WELCOME5,2025-02-12 21:00:00,batch_2025_01.csv
T000848,C00300,P0128,04/23/2025,575.72,4,,2025-04-24 21:00:00,batch_2025_01.csv
T002360,C00406,P0079,04/12/2025,$553.89,5,,2025-04-13 13:00:00,batch_2025_01.csv
T002651,C00024,P0115,2025-03-06,$379.62,4,,2025-03-06 09:00:00,batch_2025_01.csv
T000277,C00001,P0085,2025-02-21,826.76,3,,2025-02-21 09:00:00,batch_2025_01.csv
T004880,C00239,P0091,2025-07-18,139.71,4,WELCOME5,2025-07-18 07:00:00,batch_2025_01_late.csv
T000079,C00022,P0091,2025-04-22,$556.45,1,,2025-04-22 18:00:00,batch_2025_01.csv
T002577,C00218,P0123,2025-04-10,899.98,5,WELCOME5,2025-04-10 16:00:00,batch_2025_01.csv
T002215,C00060,P0148,2025-01-01,339.65,1,,2025-01-02 16:00:00,batch_2025_01.csv
T003549,C00087,P0032,2025-01-20,230.20,5,,2025-01-21 07:00:00,batch_2025_01.csv
T000808,C00432,P0101,2025-04-17,$48.37,4,SAVE10,2025-04-18 22:00:00,batch_2025_01.csv
T001914,C00065,P0017,07/25/2025,62.15,3,WELCOME5,2025-07-25 04:00:00,batch_2025_01.csv
T001875,C00491,P0006,2025-06-26,300.02,4,,2025-06-27 18:00:00,batch_2025_01_late.csv
T002661,C00441,P0104,02/03/2025,676.62,2,,2025-02-04 06:00:00,batch_2025_01.csv
T002107,C00236,P0139,2025-01-28,761.07,1,,2025-01-28 06:00:00,batch_2025_01.csv
T003480,C00386,P0050,2025-01-20,$553.99,3,,2025-01-20 18:00:00,batch_2025_01.csv
T002349,,P0073,2025-04-27,$510.23,1,,2025-04-27 19:00:00,batch_2025_01.csv
T004058,C00018,P0106,2025-06-27,746.30,5,WELCOME5,2025-06-28 06:00:00,batch_2025_01.csv
T000530,C99999,P0075,not-a-date,781.73,1,,2025-06-17 01:00:00,batch_2025_01.csv
T001204,C00116,P0104,01/26/2025,357.58,3,SAVE10,2025-01-26 15:00:00,batch_2025_01.csv
T002610,C00158,P0058,2025-05-31,308.93,2,,2025-05-31 19:00:00,batch_2025_01.csv
T003203,C00328,P0119,2025-06-10,$893.24,5,,2025-06-10 15:00:00,batch_2025_01.csv
T003462,C00493,P0068,2025-01-19,$222.43,2,,2025-01-20 19:00:00,batch_2025_01.csv
T002287,C00214,P0089,2025-06-15,15.61,2,,2025-06-16 15:00:00,batch_2025_01.csv
T001951,C00232,P0005,2025-01-13,$548.27,1,,2025-01-14 09:00:00,batch_2025_01.csv
T001220,C00233,P0011,2025-07-31,201.85,1,SAVE10,2025-08-01 14:00:00,batch_2025_01.csv
T002769,C00266,P0017,2025-04-13,$413.20,4,WELCOME5,2025-04-13 10:00:00,batch_2025_01.csv
T004901,C00244,P0134,2025-03-27,231.41,4,,2025-03-27 14:00:00,batch_2025_01.csv
T002849,C00162,P0105,2025-03-02,346.86,2,,2025-03-03 03:00:00,batch_2025_01.csv
T004248,C00090,P0057,01/23/2025,187.51,1,SAVE10,2025-01-24 03:00:00,batch_2025_01.csv
T001838,C00372,P0005,06/08/2025,820.54,3,,2025-06-08 06:00:00,batch_2025_01.csv
T000450,C00183,P0040,2025-01-31,$702.81,5,,2025-01-31 06:00:00,batch_2025_01.csv
T003280,C00304,P0131,2025-08-26,$812.94,2,,2025-08-26 02:00:00,batch_2025_01.csv
T002144,C00305,P0147,2025-02-04,$276.61,2,,2025-02-04 20:00:00,batch_2025_01.csv
T004188,C00014,P0114,04/16/2025,840.04,3,WELCOME5,2025-04-17 15:00:00,batch_2025_01.csv
T004835,C00285,P0106,2025-08-01,592.58,3,,2025-08-01 09:00:00,batch_2025_01.csv
T000650,C00085,P0113,2025-05-29,$225.33,5,SAVE10,2025-05-29 03:00:00,batch_2025_01.csv
T000601,C00299,P0003,05/11/2025,553.45,1,,2025-05-12 02:00:00,batch_2025_01.csv
T001035,C00141,P0003,02/26/2025,$95.37,1,,2025-02-27 01:00:00,batch_2025_01.csv
T002408,C00320,P0047,2025-06-12,362.36,5,,2025-06-13 19:00:00,batch_2025_01.csv
T003486,C00454,P0130,2025-05-14,$778.67,1,,2025-05-15 01:00:00,batch_2025_01.csv
T000512,C00262,P0143,2025-05-27,517.04,2,,2025-05-27 10:00:00,batch_2025_01.csv
T001875,C00491,P0006,2025-06-26,300.02,4,,2025-06-27 12:00:00,batch_2025_01.csv
T001040,,P0108,02/16/2025,$638.45,5,,2025-02-17 05:00:00,batch_2025_01.csv
T001195,C00054,P0088,2025-06-01,194.13,3,SAVE10,2025-06-02 10:00:00,batch_2025_01.csv
T004327,C00231,P0078,2025-02-08,$801.91,3,,2025-02-08 04:00:00,batch_2025_01.csv
T002251,C00005,P0056,2025-03-31,151.33,4,,2025-03-31 01:00:00,batch_2025_01.csv
T001184,C00459,P0137,2025-01-11,826.89,1,SAVE10,2025-01-11 22:00:00,batch_2025_01.csv
T003576,C00173,P0104,2025-08-06,$679.39,1,,2025-08-06 20:00:00,batch_2025_01.csv
T003243,C00312,P0063,04/04/2025,365.46,2,,2025-04-04 03:00:00,batch_2025_01.csv
T004985,C00163,P0149,2025-04-11,$676.37,3,,2025-04-12 05:00:00,batch_2025_01.csv
T002598,C00252,P0039,03/31/2025,239.45,4,WELCOME5,2025-04-01 12:00:00,batch_2025_01.csv
T003876,C00471,P0113,06/18/2025,33.87,5,,2025-06-19 04:00:00,batch_2025_01.csv
T002077,C00391,P0034,01/07/2025,197.12,2,,2025-01-07 17:00:00,batch_2025_01.csv
T001001,C00467,P0098,07/20/2025,591.30,2,,2025-07-21 12:00:00,batch_2025_01.csv
T000572,C00409,P0010,2025-05-04,583.92,5,,2025-05-04 10:00:00,batch_2025_01.csv
T002482,,P0136,not-a-date,660.77,4,,2025-08-08 23:00:00,batch_2025_01.csv
T001414,C00044,P9999,2025-07-06,92.36,3,,2025-07-06 10:00:00,batch_2025_01.csv
T002222,C00474,P0037,02/21/2025,879.84,1,,2025-02-21 20:00:00,batch_2025_01.csv
T001686,C00103,P0146,2025-03-18,664.25,3,,2025-03-19 21:00:00,batch_2025_01.csv
T002296,C00470,P0145,05/08/2025,610.22,3,,2025-05-08 22:00:00,batch_2025_01.csv
T003451,C00148,P0102,05/24/2025,10.25,4,,2025-05-25 16:00:00,batch_2025_01.csv
T001008,C00324,P0056,2025-06-30,449.56,2,,2025-07-01 01:00:00,batch_2025_01.csv
T000616,C00147,P0125,05/10/2025,81.60,2,WELCOME5,2025-05-10 05:00:00,batch_2025_01.csv
T004820,C00466,P0020,01/15/2025,392.07,2,WELCOME5,2025-01-15 12:00:00,batch_2025_01.csv
T001217,C00098,P0011,06/29/2025,524.93,4,WELCOME5,2025-06-29 22:00:00,batch_2025_01.csv
T003586,C00276,P0063,07/14/2025,$751.99,4,SAVE10,2025-07-15 18:00:00,batch_2025_01.csv
T000469,C00086,P0102,2025-01-17,99.88,4,WELCOME5,2025-01-18 07:00:00,batch_2025_01.csv
T003268,C00165,P0027,2025-04-28,168.83,1,WELCOME5,2025-04-28 01:00:00,batch_2025_01.csv
T001064,C00010,P0052,2025-01-14,89.11,2,,2025-01-15 01:00:00,batch_2025_01.csv
T002382,C00103,P0035,02/09/2025,472.12,1,,2025-02-10 16:00:00,batch_2025_01.csv
T004571,C00387,P0063,2025-07-23,$614.72,1,WELCOME5,2025-07-24 18:00:00,batch_2025_01.csv
T004659,C00465,P0125,2025-01-21,299.37,3,,2025-01-21 11:00:00,batch_2025_01.csv
T000522,C00125,P0019,2025-04-21,$245.50,1,SAVE10,2025-04-21 21:00:00,batch_2025_01.csv
T000252,C00103,P0075,2025-03-19,510.92,5,SAVE10,2025-03-21 00:00:00,batch_2025_01.csv
T004886,C00423,P0073,2025-04-30,$350.48,2,SAVE10,2025-05-01 09:00:00,batch_2025_01.csv
T002127,C00309,P0148,01/06/2025,68.79,1,,2025-01-07 16:00:00,batch_2025_01.csv
T003457,C00156,P0068,2025-07-01,586.59,4,WELCOME5,2025-07-01 14:00:00,batch_2025_01.csv
T002930,C00165,P0127,2025-05-23,$545.46,5,SAVE10,2025-05-24 14:00:00,batch_2025_01.csv
T003119,C00467,P0089,2025-07-05,875.44,3,,2025-07-06 13:00:00,batch_2025_01.csv
T003852,C00097,P0017,2025-01-27,721.42,1,SAVE10,2025-01-27 09:00:00,batch_2025_01.csv
T002605,C00065,P0061,2025-03-11,287.38,4,SAVE10,2025-03-11 14:00:00,batch_2025_01.csv
T002003,C00230,P0100,2025-05-19,434.02,4,,2025-05-20 19:00:00,batch_2025_01.csv
T000243,C00062,P0004,2025-06-29,639.45,5,WELCOME5,2025-06-29 01:00:00,batch_2025_01.csv
T001330,C00032,P0144,2025-03-08,696.44,4,SAVE10,2025-03-09 20:00:00,batch_2025_01.csv
T003728,C00058,P0107,2025-02-26,640.84,4,WELCOME5,2025-02-26 08:00:00,batch_2025_01.csv
T000720,C00462,P0052,2025-03-31,172.83,3,WELCOME5,2025-03-31 02:00:00,batch_2025_01.csv
T004280,C00157,P0112,2025-05-06,33.13,5,,2025-05-07 05:00:00,batch_2025_01.csv
T000742,C00050,P0110,2025-04-02,N/A,2,,2025-04-03 03:00:00,batch_2025_01.csv
T004933,C00326,P0121,07/30/2025,752.84,2,WELCOME5,2025-08-01 00:00:00,batch_2025_01.csv
T004361,C00335,P0146,2025-04-01,$677.10,3,,2025-04-01 20:00:00,batch_2025_01.csv
T001747,C00236,P0138,2025-03-07,312.53,4,WELCOME5,2025-03-08 15:00:00,batch_2025_01.csv
T003703,C00133,P0078,03/13/2025,$617.94,4,WELCOME5,2025-03-13 16:00:00,batch_2025_01.csv
T001030,,P0020,2025-03-08,498.46,4,,2025-03-09 01:00:00,batch_2025_01.csv
T000849,C00074,P0130,2025-07-02,$121.39,5,,2025-07-03 06:00:00,batch_2025_01.csv
T004570,C00490,P0121,2025-06-07,848.84,3,,2025-06-07 11:00:00,batch_2025_01.csv
T000302,C00199,P9999,2025-03-25,362.44,1,WELCOME5,2025-03-25 18:00:00,batch_2025_01.csv
T001690,C00316,P0028,2025-08-07,796.90,3,,2025-08-07 02:00:00,batch_2025_01.csv
T000855,C00244,P0034,2025-05-10,687.66,4,,2025-05-11 17:00:00,batch_2025_01.csv
T003170,C00497,P0130,06/12/2025,$832.32,2,,2025-06-13 01:00:00,batch_2025_01.csv
T004679,C00341,P0047,06/11/2025,611.87,4,WELCOME5,2025-06-12 15:00:00,batch_2025_01.csv
T003781,C00250,P0138,06/22/2025,548.30,2,SAVE10,2025-06-22 20:00:00,batch_2025_01.csv
T000732,C00249,P0131,2025-07-16,256.77,4,,2025-07-17 06:00:00,batch_2025_01.csv
T004965,C00217,P0090,2025-02-02,-45.00,1,,2025-02-03 16:00:00,batch_2025_01.csv
T004039,C00040,P0124,2025-01-03,14.95,5,,2025-01-04 18:00:00,batch_2025_01.csv
T000744,C00011,P0138,04/28/2025,$298.90,4,,2025-04-29 19:00:00,batch_2025_01.csv
T001002,C00133,P0030,2025-01-29,$267.55,2,,2025-01-29 06:00:00,batch_2025_01.csv
T000061,C00464,P0132,04/22/2025,139.44,4,,2025-04-22 06:00:00,batch_2025_01.csv
T002083,C00469,P0116,2025-08-17,336.76,5,,2025-08-17 20:00:00,batch_2025_01.csv
T001574,C00289,P0096,2025-02-14,774.55,5,,2025-02-14 13:00:00,batch_2025_01.csv
T000041,C00114,P0086,2025-01-20,$702.97,2,,2025-01-21 09:00:00,batch_2025_01.csv
T003897,C00291,P0016,2025-03-14,639.00,2,,2025-03-15 07:00:00,batch_2025_01.csv
T002883,C00444,P0073,2025-07-24,540.72,4,,2025-07-25 19:00:00,batch_2025_01.csv
T004447,C00093,P0002,2025-05-24,507.80,1,WELCOME5,2025-05-24 13:00:00,batch_2025_01.csv
T000439,C00265,P0060,2025-06-22,$556.75,2,,2025-06-22 03:00:00,batch_2025_01.csv
T002601,C00478,P0103,2025-08-08,857.81,5,SAVE10,2025-08-08 09:00:00,batch_2025_01.csv
T002542,C00382,P0100,2025-08-10,884.80,3,,2025-08-11 13:00:00,batch_2025_01.csv
T002632,C00165,P0015,08/03/2025,664.33,4,,2025-08-04 03:00:00,batch_2025_01.csv
T003296,C00391,P0054,2025-01-04,581.56,3,,2025-01-05 08:00:00,batch_2025_01.csv
T003358,C00237,P0110,2025-04-16,162.37,4,WELCOME5,2025-04-16 09:00:00,batch_2025_01.csv
T000005,C00047,P0102,2025-05-18,$20.42,3,WELCOME5,2025-05-18 08:00:00,batch_2025_01.csv
T000758,C00401,P0006,2025-08-18,57.35,1,SAVE10,2025-08-18 06:00:00,batch_2025_01.csv
T004625,,P0035,2025-04-12,89.94,3,,2025-04-13 21:00:00,batch_2025_01.csv
T002622,C00242,P0043,2025-06-23,505.84,2,SAVE10,2025-06-24 11:00:00,batch_2025_01_late.csv
T004554,C00329,P0034,2025-04-12,213.03,2,SAVE10,2025-04-13 03:00:00,batch_2025_01.csv
T003635,C00252,P0072,05/26/2025,,3,SAVE10,2025-05-27 13:00:00,batch_2025_01.csv
T001671,C00084,P0033,2025-01-05,295.94,4,,2025-01-05 08:00:00,batch_2025_01.csv
T000610,C00247,P0021,07/07/2025,134.74,3,SAVE10,2025-07-08 10:00:00,batch_2025_01.csv
T001777,C00282,P0139,2025-08-16,$655.80,5,,2025-08-17 10:00:00,batch_2025_01.csv
T003602,C00202,P0079,2025-06-01,71.52,1,,2025-06-02 16:00:00,batch_2025_01.csv
T003412,C00007,P0108,08/05/2025,706.59,4,WELCOME5,2025-08-05 20:00:00,batch_2025_01.csv
T002502,C00405,P0069,2025-02-22,716.97,5,SAVE10,2025-02-23 04:00:00,batch_2025_01.csv
T002985,,P0104,2025-03-23,570.73,4,,2025-03-24 04:00:00,batch_2025_01.csv
T002554,C00428,P0002,2025-03-20,413.67,2,,2025-03-20 16:00:00,batch_2025_01.csv
T004910,C00166,P0132,06/01/2025,491.32,5,,2025-06-02 15:00:00,batch_2025_01.csv
T004666,C00433,P0014,05/06/2025,81.40,4,WELCOME5,2025-05-06 21:00:00,batch_2025_01.csv
T001288,C00120,P0030,2025-02-17,591.90,3,,2025-02-18 20:00:00,batch_2025_01.csv
T000951,C00192,P0062,2025-01-05,186.39,2,,2025-01-06 03:00:00,batch_2025_01.csv
T002156,C00365,P0127,02/02/2025,892.54,5,,2025-02-02 13:00:00,batch_2025_01.csv
T001332,C00230,P0105,2025-08-13,$205.41,1,WELCOME5,2025-08-13 11:00:00,batch_2025_01.csv
T002115,C00195,P0145,2025-06-02,$83.93,1,,2025-06-03 02:00:00,batch_2025_01.csv
T000547,C00056,P0116,08/13/2025,415.56,5,SAVE10,2025-08-13 03:00:00,batch_2025_01.csv
T000767,C00440,P0114,08/21/2025,354.52,3,,2025-08-22 02:00:00,batch_2025_01.csv
T000929,,P0108,07/12/2025,$387.74,3,,2025-07-13 02:00:00,batch_2025_01.csv
T002599,C00087,P0042,07/13/2025,846.66,4,,2025-07-13 07:00:00,batch_2025_01.csv
T000868,C00284,P0026,05/23/2025,227.71,4,SAVE10,2025-05-24 18:00:00,batch_2025_01.csv
T003911,C00221,P0008,01/20/2025,862.67,4,,2025-01-20 17:00:00,batch_2025_01.csv
T000809,C00320,P0068,2025-08-24,312.47,5,,2025-08-24 12:00:00,batch_2025_01.csv
T002043,C00167,P0037,05/11/2025,559.80,5,,2025-05-12 19:00:00,batch_2025_01.csv
T004538,C00307,P0023,07/03/2025,48.91,3,,2025-07-03 18:00:00,batch_2025_01.csv
T003286,C00059,P0115,2025-07-17,629.30,4,,2025-07-18 02:00:00,batch_2025_01.csv
T000945,C00176,P0103,2025-04-12,771.35,2,,2025-04-12 03:00:00,batch_2025_01.csv
T004294,C00246,P0130,2025-02-17,$118.51,5,,2025-02-18 12:00:00,batch_2025_01.csv
T004282,C00189,P0103,08/26/2025,222.22,4,,2025-08-27 23:00:00,batch_2025_01.csv
T003806,C00299,P0135,02/01/2025,178.29,2,WELCOME5,2025-02-01 12:00:00,batch_2025_01.csv
T004317,C00133,P0022,2025-01-01,$668.27,4,,2025-01-01 11:00:00,batch_2025_01.csv
T002588,C00045,P0041,07/17/2025,$560.82,3,,2025-07-18 12:00:00,batch_2025_01.csv
T001000,C00047,P0086,08/27/2025,$785.77,3,SAVE10,2025-08-28 13:00:00,batch_2025_01.csv
T003226,C99999,P0080,2025-02-28,195.07,3,,2025-02-28 05:00:00,batch_2025_01.csv
T001338,C00324,P0064,07/11/2025,38.13,4,,2025-07-11 08:00:00,batch_2025_01.csv
T002850,C00278,P0109,2025-01-03,$35.19,4,SAVE10,2025-01-03 19:00:00,batch_2025_01.csv
T004041,C00252,P0026,01/22/2025,543.35,2,,2025-01-22 10:00:00,batch_2025_01.csv
T004064,C00241,P9999,2025-04-07,607.69,2,SAVE10,2025-04-08 10:00:00,batch_2025_01.csv
T001053,C00064,P0125,2025-07-16,14.16,3,,2025-07-17 19:00:00,batch_2025_01.csv
T001239,C00244,P0123,06/20/2025,266.71,3,SAVE10,2025-06-20 07:00:00,batch_2025_01.csv
T001570,C00196,P0122,2025-03-29,131.55,4,,2025-03-29 12:00:00,batch_2025_01.csv
T002762,C00272,P0042,2025-03-11,$863.06,3,,2025-03-11 15:00:00,batch_2025_01.csv
T004083,C00214,P0055,2025-03-18,$692.38,2,SAVE10,2025-03-19 09:00:00,batch_2025_01.csv
T000701,C00004,P0105,2025-03-11,577.81,5,,2025-03-12 03:00:00,batch_2025_01.csv
T004820,C99999,P0020,01/15/2025,392.07,2,WELCOME5,2025-01-15 18:00:00,batch_2025_01_late.csv
T003009,C00169,P0129,2025-03-05,676.18,1,SAVE10,2025-03-06 19:00:00,batch_2025_01.csv
T000360,C00207,P0106,05/21/2025,$39.96,5,,2025-05-21 01:00:00,batch_2025_01.csv
T002466,C00058,P0053,2025-08-16,389.53,3,,2025-08-17 21:00:00,batch_2025_01.csv
T000665,C00296,P0142,01/23/2025,770.66,2,WELCOME5,2025-01-24 03:00:00,batch_2025_01.csv
T002356,C00189,P0090,2025-05-16,$106.23,4,,2025-05-16 11:00:00,batch_2025_01.csv
T004714,C99999,P0100,2025-05-22,$525.12,5,WELCOME5,2025-05-22 20:00:00,batch_2025_01.csv
T003607,C00143,P0105,2025-08-04,227.46,1,WELCOME5,2025-08-05 04:00:00,batch_2025_01.csv
T003652,C00497,P0012,2025-01-21,$204.64,5,,2025-01-21 18:00:00,batch_2025_01.csv
T003001,C00208,P0024,02/15/2025,306.47,3,WELCOME5,2025-02-16 01:00:00,batch_2025_01.csv
T001584,C00200,P0079,07/21/2025,$451.87,5,,2025-07-21 19:00:00,batch_2025_01.csv
T001374,C00015,P0040,2025-02-15,637.43,1,,2025-02-15 09:00:00,batch_2025_01.csv
T002416,C00336,P0138,2025-01-11,$686.17,2,,2025-01-11 03:00:00,batch_2025_01.csv
T001381,C00404,P0003,2025-04-06,$202.03,2,,2025-04-07 06:00:00,batch_2025_01.csv
T000178,C00096,P0150,2025-01-22,597.32,1,,2025-01-23 16:00:00,batch_2025_01.csv
T004917,C00269,P0049,2025-02-10,361.71,5,WELCOME5,2025-02-10 04:00:00,batch_2025_01.csv
T002675,C00277,P0023,05/27/2025,150.78,1,,2025-05-27 08:00:00,batch_2025_01.csv
T003394,C00033,P0132,2025-05-01,288.44,3,SAVE10,2025-05-01 13:00:00,batch_2025_01.csv
T003252,C00227,P0056,2025-04-22,614.02,2,WELCOME5,2025-04-23 07:00:00,batch_2025_01.csv
T000446,C00410,P0081,2025-04-01,$375.88,3,,2025-04-02 10:00:00,batch_2025_01.csv
T000802,C00217,P0024,2025-07-27,682.79,4,,2025-07-28 00:00:00,batch_2025_01.csv
T003924,,P0030,04/18/2025,805.60,5,,2025-04-18 02:00:00,batch_2025_01.csv
T003084,C00155,P0023,05/19/2025,371.29,2,WELCOME5,2025-05-19 12:00:00,batch_2025_01.csv
T004320,C00072,P0133,08/29/2025,311.77,4,,2025-08-30 15:00:00,batch_2025_01.csv
T001522,C00158,P0116,08/29/2025,397.06,2,SAVE10,2025-08-29 06:00:00,batch_2025_01.csv
T001230,C00461,P0145,2025-01-14,$791.00,4,WELCOME5,2025-01-15 02:00:00,batch_2025_01.csv
T000231,C00289,P0003,2025-02-12,552.40,2,SAVE10,2025-02-13 05:00:00,batch_2025_01.csv
T001965,C00294,P0097,06/11/2025,315.49,5,SAVE10,2025-06-11 05:00:00,batch_2025_01.csv
T000897,C99999,P0050,2025-02-02,814.70,4,WELCOME5,2025-02-03 17:00:00,batch_2025_01.csv
T002161,C00159,P0033,05/23/2025,$118.08,3,,2025-05-24 21:00:00,batch_2025_01.csv
T001492,C00474,P0091,2025-07-03,$804.77,2,,2025-07-04 13:00:00,batch_2025_01.csv
T002962,C00415,P0033,2025-03-15,486.12,2,,2025-03-16 19:00:00,batch_2025_01.csv
T001955,C00456,P0134,2025-05-18,$271.63,5,,2025-05-19 00:00:00,batch_2025_01.csv
T003541,C00290,P0067,2025-06-24,639.28,2,,2025-06-24 01:00:00,batch_2025_01.csv
T003866,C00246,P0063,2025-04-19,$313.17,4,SAVE10,2025-04-19 12:00:00,batch_2025_01.csv
T000713,C00354,P0135,07/02/2025,762.69,4,SAVE10,2025-07-03 12:00:00,batch_2025_01.csv
T002989,C00346,P0084,2025-02-05,824.64,3,,2025-02-05 17:00:00,batch_2025_01_late.csv
T002989,C00346,P9999,2025-02-05,824.64,3,,2025-02-05 11:00:00,batch_2025_01.csv
T001851,C00026,P0071,07/14/2025,285.85,1,WELCOME5,2025-07-15 12:00:00,batch_2025_01.csv
T003418,C99999,P0050,2025-01-03,$503.96,4,,2025-01-03 18:00:00,batch_2025_01.csv
T001289,C00284,P0059,07/02/2025,62.25,3,WELCOME5,2025-07-02 17:00:00,batch_2025_01.csv
T002934,C00281,P0140,2025-08-26,$96.99,4,,2025-08-27 13:00:00,batch_2025_01.csv
T001907,C00245,P0074,2025-08-22,446.10,3,WELCOME5,2025-08-22 05:00:00,batch_2025_01.csv
T003613,C00077,P0125,2025-05-15,$749.30,2,,2025-05-16 09:00:00,batch_2025_01.csv
T003384,C00276,P0105,2025-08-25,376.95,1,,2025-08-26 08:00:00,batch_2025_01.csv
T002726,C00236,P0046,2025-06-18,421.82,4,,2025-06-19 01:00:00,batch_2025_01.csv
T000047,C00466,P0147,2025-03-24,589.44,1,SAVE10,2025-03-25 15:00:00,batch_2025_01.csv
T000096,C00334,P0054,2025-04-17,692.13,5,,2025-04-18 16:00:00,batch_2025_01.csv
T000603,C99999,P0008,2025-06-29,217.84,4,SAVE10,2025-06-30 14:00:00,batch_2025_01.csv
T004540,C00048,P0065,2025-06-26,139.44,2,,2025-06-27 22:00:00,batch_2025_01.csv
T000237,C00479,P0082,2025-08-09,$125.73,2,SAVE10,2025-08-10 13:00:00,batch_2025_01.csv
T003627,C00170,P0055,2025-05-01,$222.28,1,,2025-05-03 04:00:00,batch_2025_01_late.csv
T000903,C00290,P0086,2025-04-18,557.56,1,SAVE10,2025-04-18 22:00:00,batch_2025_01.csv
T002740,C00132,P0107,02/03/2025,$765.38,4,WELCOME5,2025-02-04 20:00:00,batch_2025_01.csv
T000379,C00467,P0095,2025-05-20,$681.56,2,,2025-05-22 00:00:00,batch_2025_01.csv
T002049,C00405,P0148,2025-05-19,771.28,3,SAVE10,2025-05-19 14:00:00,batch_2025_01.csv
T003811,C00030,P0073,2025-04-19,$209.67,5,SAVE10,2025-04-20 12:00:00,batch_2025_01.csv
T002593,C00463,P0033,2025-08-25,514.48,2,,2025-08-26 17:00:00,batch_2025_01.csv
T002418,C00384,P0076,08/22/2025,$464.13,4,WELCOME5,2025-08-22 08:00:00,batch_2025_01.csv
T003877,C00482,P0081,06/01/2025,0.00,4,,2025-06-03 02:00:00,batch_2025_01_late.csv
T004788,C00223,P9999,2025-02-15,634.67,1,,2025-02-16 08:00:00,batch_2025_01.csv
T000703,C00156,P0127,2025-04-29,506.88,3,,2025-04-29 15:00:00,batch_2025_01.csv
T003895,C00120,P0075,2025-07-23,582.44,1,WELCOME5,2025-07-23 02:00:00,batch_2025_01.csv
T000523,C00217,P0094,2025-03-24,318.69,3,,2025-03-24 23:00:00,batch_2025_01.csv
T000064,C00147,P0121,2025-02-05,$628.90,1,,2025-02-06 22:00:00,batch_2025_01.csv
T004925,C00470,P0126,2025-01-25,351.91,5,,2025-01-25 12:00:00,batch_2025_01.csv
T001559,C00221,P0095,2025-08-25,333.15,2,,2025-08-25 16:00:00,batch_2025_01.csv
T001280,C00414,P0028,2025-07-04,501.54,5,SAVE10,2025-07-05 20:00:00,batch_2025_01.csv
T004504,C00472,P0029,2025-05-11,722.47,3,WELCOME5,2025-05-11 17:00:00,batch_2025_01.csv
T000430,C00061,P0134,2025-06-17,14.42,3,,2025-06-17 14:00:00,batch_2025_01.csv
T002399,C00356,P0010,2025-08-27,719.76,5,WELCOME5,2025-08-27 15:00:00,batch_2025_01.csv
T000775,C00094,P0101,2025-08-02,789.74,5,WELCOME5,2025-08-03 13:00:00,batch_2025_01.csv
T003106,C00107,P0033,07/13/2025,874.04,5,,2025-07-14 11:00:00,batch_2025_01.csv
T000959,C00196,P0131,2025-03-01,579.41,2,,2025-03-02 09:00:00,batch_2025_01.csv
T001894,C00089,P0114,2025-03-08,$257.02,1,,2025-03-09 15:00:00,batch_2025_01.csv
T001858,C00449,P0070,2025-07-06,522.41,4,,2025-07-06 13:00:00,batch_2025_01.csv
T003266,C00012,P0091,03/07/2025,$123.43,4,,2025-03-08 21:00:00,batch_2025_01.csv
T003165,C00253,P0030,03/26/2025,81.69,1,SAVE10,2025-03-26 03:00:00,batch_2025_01.csv
T001069,C00170,P0093,04/03/2025,$669.23,3,,2025-04-05 00:00:00,batch_2025_01.csv
T002264,C00403,P0032,08/21/2025,$473.85,5,,2025-08-22 08:00:00,batch_2025_01.csv
T003177,C00461,P0108,2025-08-21,$761.75,2,,2025-08-21 14:00:00,batch_2025_01.csv
T000633,C00252,P0052,2025-02-15,552.39,4,,2025-02-16 18:00:00,batch_2025_01.csv
T001697,C00460,P0012,07/17/2025,$593.70,2,,2025-07-17 18:00:00,batch_2025_01.csv
T004646,C00328,P0035,2025-02-14,108.64,3,WELCOME5,2025-02-14 04:00:00,batch_2025_01.csv
T000447,C00148,P0024,2025-07-11,363.85,4,,2025-07-11 22:00:00,batch_2025_01.csv
T003140,C00405,P0027,2025-06-05,$369.08,2,SAVE10,2025-06-06 10:00:00,batch_2025_01.csv
T004775,C00423,P0027,2025-05-01,77.29,4,SAVE10,2025-05-02 09:00:00,batch_2025_01.csv
T001363,C00402,P0060,2025-01-24,890.27,1,,2025-01-25 16:00:00,batch_2025_01.csv
T003562,C00204,P0137,2025-01-03,638.84,3,,2025-01-04 04:00:00,batch_2025_01.csv
T000059,C00419,P0052,2025-02-05,0.00,3,WELCOME5,2025-02-05 17:00:00,batch_2025_01.csv
T001521,C00049,P0059,2025-08-01,$877.78,2,,2025-08-01 08:00:00,batch_2025_01.csv
T002678,C00251,P0068,2025-06-10,564.10,1,WELCOME5,2025-06-11 14:00:00,batch_2025_01.csv
T001711,C00327,P0025,2025-02-18,856.78,2,,2025-02-18 02:00:00,batch_2025_01.csv
T001638,C00378,P0088,2025-06-08,$784.18,4,,2025-06-08 05:00:00,batch_2025_01.csv
T000743,C00332,P0080,2025-08-22,536.54,3,,2025-08-23 21:00:00,batch_2025_01.csv
T000254,C00278,P0089,06/27/2025,575.26,4,,2025-06-27 01:00:00,batch_2025_01.csv
T003324,C00397,P0043,2025-03-01,516.30,3,,2025-03-01 15:00:00,batch_2025_01.csv
T001343,C00288,P0072,2025-08-21,439.15,1,SAVE10,2025-08-23 03:00:00,batch_2025_01_late.csv
T000684,C00297,P0088,2025-07-21,$592.94,5,WELCOME5,2025-07-21 21:00:00,batch_2025_01.csv
T000400,C00344,P0146,2025-08-06,$768.21,3,,2025-08-07 12:00:00,batch_2025_01.csv
T004715,C00210,P0051,2025-04-19,84.06,1,,2025-04-19 15:00:00,batch_2025_01.csv
T000151,C00164,P0107,2025-03-18,$372.17,2,,2025-03-19 01:00:00,batch_2025_01.csv
T002168,C00131,P0085,2025-02-19,645.56,2,,2025-02-19 03:00:00,batch_2025_01.csv
T003445,C00439,P0069,2025-07-31,838.80,2,,2025-08-01 02:00:00,batch_2025_01.csv
T003446,C00323,P0086,04/12/2025,676.45,5,,2025-04-13 21:00:00,batch_2025_01.csv
T003071,C00194,P0018,2025-04-10,657.28,4,,2025-04-10 22:00:00,batch_2025_01.csv
T000902,C00175,P0049,06/27/2025,$603.73,3,WELCOME5,2025-06-28 21:00:00,batch_2025_01.csv
T001938,C00056,P0139,2025-03-01,268.68,1,WELCOME5,2025-03-02 02:00:00,batch_2025_01.csv
T001717,C00371,P0025,2025-07-11,413.58,1,,2025-07-11 22:00:00,batch_2025_01.csv
T001581,C00051,P0134,06/17/2025,$89.13,5,WELCOME5,2025-06-17 21:00:00,batch_2025_01.csv
T002317,C00063,P0051,03/30/2025,$345.25,4,,2025-03-30 23:00:00,batch_2025_01.csv
T000217,C00294,P0069,05/12/2025,857.54,4,,2025-05-14 02:00:00,batch_2025_01_late.csv
T004099,C00188,P0147,2025-05-08,534.96,2,WELCOME5,2025-05-09 15:00:00,batch_2025_01.csv
T002971,C00235,P0078,2025-08-21,767.51,4,,2025-08-22 00:00:00,batch_2025_01.csv
T001860,C00467,P0149,03/05/2025,264.60,4,,2025-03-06 16:00:00,batch_2025_01.csv
T000638,C00291,P0138,2025-04-02,842.06,1,,2025-04-02 22:00:00,batch_2025_01.csv
T000779,C00098,P0069,2025-05-07,264.86,5,,2025-05-08 01:00:00,batch_2025_01.csv
T001187,C00481,P0027,2025-01-13,34.13,4,,2025-01-13 01:00:00,batch_2025_01.csv
T003636,C00387,P0100,2025-06-08,144.12,5,WELCOME5,2025-06-09 08:00:00,batch_2025_01.csv
T000947,C00242,P0072,2025-02-13,758.67,1,WELCOME5,2025-02-13 02:00:00,batch_2025_01.csv
T001543,C00443,P0134,04/13/2025,41.25,1,,2025-04-14 17:00:00,batch_2025_01.csv
T000445,C00460,P0008,2025-03-08,$437.92,2,,2025-03-08 05:00:00,batch_2025_01.csv
T000257,C00298,P0025,2025-06-13,$458.84,4,,2025-06-14 02:00:00,batch_2025_01.csv
T003808,C00044,P0148,2025-06-07,$546.71,5,SAVE10,2025-06-08 12:00:00,batch_2025_01.csv
T004095,C00403,P0149,2025-02-12,-45.00,1,,2025-02-13 16:00:00,batch_2025_01.csv
T000112,C00296,P0059,2025-05-30,$651.49,5,SAVE10,2025-05-31 07:00:00,batch_2025_01.csv
T000317,C00411,P0003,06/05/2025,$207.60,3,SAVE10,2025-06-05 20:00:00,batch_2025_01.csv
T002957,C00183,P0140,2025-01-22,$260.82,5,,2025-01-23 17:00:00,batch_2025_01.csv
T004038,C00049,P0057,2025-05-28,751.32,4,SAVE10,2025-05-29 03:00:00,batch_2025_01.csv
T004421,C00093,P0072,2025-05-02,635.74,3,WELCOME5,2025-05-03 08:00:00,batch_2025_01.csv
T001999,C00065,P0010,07/24/2025,$766.98,2,WELCOME5,2025-07-24 03:00:00,batch_2025_01.csv
T004899,C00161,P0111,2025-04-09,$30.26,1,,2025-04-10 18:00:00,batch_2025_01.csv
T002755,C00099,P0149,07/16/2025,,5,WELCOME5,2025-07-17 09:00:00,batch_2025_01.csv
T002295,C00435,P9999,01/08/2025,453.56,4,SAVE10,2025-01-09 00:00:00,batch_2025_01.csv
T000140,C00203,P0066,2025-07-10,736.28,3,,2025-07-10 14:00:00,batch_2025_01.csv
T002995,C00099,P0059,2025-04-04,580.43,1,,2025-04-04 12:00:00,batch_2025_01.csv
T004897,C00253,P0069,2025-02-02,$266.05,5,WELCOME5,2025-02-02 13:00:00,batch_2025_01.csv
T002871,C00126,P0055,02/17/2025,$608.70,2,,2025-02-18 04:00:00,batch_2025_01.csv
T003917,C00468,P0102,06/04/2025,362.31,2,,2025-06-04 16:00:00,batch_2025_01.csv
T001984,C00152,P0079,01/13/2025,244.02,3,,2025-01-14 23:00:00,batch_2025_01.csv
T004287,C00336,P0141,2025-05-18,$281.75,5,SAVE10,2025-05-18 16:00:00,batch_2025_01.csv
T003368,C00188,P0063,02/16/2025,313.03,4,SAVE10,2025-02-16 13:00:00,batch_2025_01.csv
T003276,C00155,P0077,2025-08-15,710.41,2,,2025-08-16 01:00:00,batch_2025_01.csv
T001776,C00387,P0011,2025-04-07,67.83,4,SAVE10,2025-04-07 09:00:00,batch_2025_01.csv
T004364,C00054,P0005,2025-05-09,896.71,4,,2025-05-10 08:00:00,batch_2025_01_late.csv
T002209,C00426,P0001,2025-01-05,$641.59,2,,2025-01-06 23:00:00,batch_2025_01.csv
T003499,C00056,P0140,2025-04-30,$219.62,1,SAVE10,2025-05-01 07:00:00,batch_2025_01_late.csv
T004703,C00124,P0070,2025-04-19,633.34,1,,2025-04-19 03:00:00,batch_2025_01.csv
T003896,C00462,P0010,2025-08-01,330.63,3,WELCOME5,2025-08-02 19:00:00,batch_2025_01.csv
T000471,C00118,P0064,2025-04-24,$665.93,2,,2025-04-25 17:00:00,batch_2025_01.csv
T004802,C00342,P0078,01/03/2025,$785.00,5,SAVE10,2025-01-03 20:00:00,batch_2025_01.csv
T004474,C00457,P0124,01/19/2025,891.28,5,,2025-01-19 10:00:00,batch_2025_01.csv
T003724,C00364,P0033,2025-08-13,122.91,2,SAVE10,2025-08-13 12:00:00,batch_2025_01.csv
T002198,C00187,P0008,2025-06-01,338.93,1,WELCOME5,2025-06-02 04:00:00,batch_2025_01.csv
T002958,C00218,P0017,03/28/2025,402.22,1,WELCOME5,2025-03-28 01:00:00,batch_2025_01.csv
T002551,C00277,P0098,2025-07-10,513.20,4,SAVE10,2025-07-11 09:00:00,batch_2025_01.csv
T003292,C00442,P0063,04/15/2025,92.48,4,,2025-04-15 13:00:00,batch_2025_01.csv
T004400,C00337,P0066,2025-07-27,543.84,1,,2025-07-28 20:00:00,batch_2025_01.csv
T004145,C00370,P0031,2025-06-03,$228.93,1,,2025-06-04 01:00:00,batch_2025_01.csv
T000699,C00413,P0109,04/17/2025,$657.92,2,,2025-04-17 09:00:00,batch_2025_01.csv
T001923,C00343,P0022,03/20/2025,427.09,5,WELCOME5,2025-03-21 03:00:00,batch_2025_01.csv
T002390,C00417,P0106,03/08/2025,825.33,1,SAVE10,2025-03-09 19:00:00,batch_2025_01.csv
T003014,C00141,P0138,07/28/2025,555.28,1,WELCOME5,2025-07-29 07:00:00,batch_2025_01.csv
T004009,C00344,P0097,2025-07-10,205.53,4,,2025-07-10 11:00:00,batch_2025_01.csv
T002423,C00384,P0080,2025-01-31,699.36,3,,2025-02-01 15:00:00,batch_2025_01.csv
T004512,C00136,P0109,2025-03-20,$841.37,2,WELCOME5,2025-03-21 17:00:00,batch_2025_01.csv
T002039,C00320,P0024,07/09/2025,$60.61,4,,2025-07-09 01:00:00,batch_2025_01.csv
T002431,C00097,P0025,2025-06-11,11.43,2,WELCOME5,2025-06-11 03:00:00,batch_2025_01.csv
T000919,C00239,P0132,2025-04-20,562.04,4,,2025-04-21 05:00:00,batch_2025_01.csv
T004840,C00183,P0101,2025-08-16,478.86,5,SAVE10,2025-08-17 09:00:00,batch_2025_01.csv
T002097,C00013,P0018,2025-01-13,$717.23,1,,2025-01-14 05:00:00,batch_2025_01.csv
T002687,C00100,P0063,02/11/2025,179.93,2,WELCOME5,2025-02-11 19:00:00,batch_2025_01.csv
T004873,C00302,P0125,2025-07-09,521.55,1,WELCOME5,2025-07-10 15:00:00,batch_2025_01.csv
T003716,C00408,P0004,04/03/2025,492.39,5,,2025-04-04 02:00:00,batch_2025_01.csv
T004710,C00199,P0065,2025-01-04,371.34,1,SAVE10,2025-01-04 22:00:00,batch_2025_01.csv
T004916,C00425,P0109,2025-02-06,$700.00,3,WELCOME5,2025-02-07 09:00:00,batch_2025_01.csv
T001417,C00372,P0021,2025-06-13,309.29,2,,2025-06-15 00:00:00,batch_2025_01.csv
T001698,C00013,P0070,2025-02-18,867.17,1,WELCOME5,2025-02-18 16:00:00,batch_2025_01.csv
T001251,C00069,P0147,2025-02-20,$504.37,2,,2025-02-20 17:00:00,batch_2025_01.csv
T001427,C00107,P0136,2025-03-16,337.32,2,WELCOME5,2025-03-16 21:00:00,batch_2025_01.csv
T002705,C00302,P0143,01/25/2025,391.56,2,,2025-01-25 23:00:00,batch_2025_01.csv
T000961,C00192,P0128,2025-02-08,272.58,5,SAVE10,2025-02-09 01:00:00,batch_2025_01.csv
T004366,C00261,P0005,2025-04-17,225.16,1,,2025-04-17 20:00:00,batch_2025_01.csv
T001872,C00138,P0095,2025-06-26,$473.65,3,SAVE10,2025-06-26 07:00:00,batch_2025_01.csv
T003784,C00456,P0145,2025-06-25,$23.50,3,,2025-06-25 12:00:00,batch_2025_01.csv
T001379,C00141,P0144,2025-03-29,$320.81,5,SAVE10,2025-03-30 06:00:00,batch_2025_01.csv
T001893,C00169,P0116,2025-06-02,148.40,4,SAVE10,2025-06-03 11:00:00,batch_2025_01.csv
T000518,C00358,P0057,06/22/2025,144.65,5,WELCOME5,2025-06-23 23:00:00,batch_2025_01.csv
T001408,C00191,P0122,08/05/2025,643.12,2,SAVE10,2025-08-06 11:00:00,batch_2025_01.csv
T004339,C00333,P0087,2025-03-16,167.20,2,,2025-03-17 21:00:00,batch_2025_01.csv
T004377,C00255,P0142,2025-07-30,816.35,4,,2025-07-31 06:00:00,batch_2025_01.csv
T004288,C00385,P0032,02/07/2025,$166.28,1,SAVE10,2025-02-07 03:00:00,batch_2025_01.csv
T003678,C00406,P0144,not-a-date,741.83,2,WELCOME5,2025-08-06 10:00:00,batch_2025_01.csv
T002674,C00358,P0057,2025-02-27,666.44,4,,2025-02-27 09:00:00,batch_2025_01.csv
T004208,C00280,P0090,2025-01-07,584.44,5,,2025-01-07 06:00:00,batch_2025_01.csv
T002339,C00296,P0097,2025-02-24,$536.44,3,,2025-02-25 14:00:00,batch_2025_01.csv
T004035,C00095,P0076,2025-08-08,$731.10,3,WELCOME5,2025-08-09 06:00:00,batch_2025_01.csv
T002331,C00109,P0096,2025-08-19,593.23,4,,2025-08-20 01:00:00,batch_2025_01.csv
T001453,C00194,P0125,2025-08-11,586.35,4,,2025-08-12 10:00:00,batch_2025_01.csv
T000060,C00479,P0027,2025-05-13,$642.57,3,SAVE10,2025-05-13 08:00:00,batch_2025_01.csv
T003952,C00047,P0114,2025-05-23,$19.38,3,,2025-05-23 07:00:00,batch_2025_01.csv
T000325,C00093,P0076,2025-02-02,95.06,2,,2025-02-04 00:00:00,batch_2025_01.csv
T003259,C00404,P0109,2025-01-25,491.20,5,,2025-01-25 03:00:00,batch_2025_01.csv
T001451,C00156,P0038,03/08/2025,$529.14,5,SAVE10,2025-03-09 00:00:00,batch_2025_01.csv
T003205,C00428,P0010,02/13/2025,448.12,5,,2025-02-14 13:00:00,batch_2025_01.csv
T002796,C00437,P0009,2025-07-07,784.68,1,,2025-07-08 13:00:00,batch_2025_01.csv
T000427,C00216,P0095,2025-06-28,788.34,4,SAVE10,2025-06-29 10:00:00,batch_2025_01.csv
T000215,C00416,P0090,2025-06-06,$776.06,2,,2025-06-07 17:00:00,batch_2025_01.csv
T001271,C00254,P0092,2025-08-08,808.70,3,WELCOME5,2025-08-08 15:00:00,batch_2025_01.csv
T000083,C00188,P0102,03/13/2025,288.43,2,SAVE10,2025-03-13 16:00:00,batch_2025_01.csv
T001598,C00056,P0029,2025-08-02,$211.95,1,,2025-08-03 01:00:00,batch_2025_01.csv
T000147,C00229,P0013,2025-01-12,$226.30,1,,2025-01-13 02:00:00,batch_2025_01.csv
T004740,C00491,P0035,2025-07-26,$635.20,3,,2025-07-27 01:00:00,batch_2025_01.csv
T001620,C00403,P0017,2025-01-03,84.49,3,,2025-01-03 04:00:00,batch_2025_01.csv
T002299,C00091,P0088,2025-01-06,262.71,3,WELCOME5,2025-01-07 11:00:00,batch_2025_01.csv
T000678,C00191,P0089,05/09/2025,411.55,5,WELCOME5,2025-05-10 10:00:00,batch_2025_01.csv
T003715,C00054,P0027,05/23/2025,0.00,2,,2025-05-23 19:00:00,batch_2025_01.csv
T004305,C00411,P0028,2025-07-03,61.92,4,WELCOME5,2025-07-03 05:00:00,batch_2025_01.csv
T000442,C00311,P0050,2025-04-14,413.65,5,,2025-04-15 13:00:00,batch_2025_01.csv
T001606,C00394,P0146,2025-02-27,$114.72,1,SAVE10,2025-02-28 17:00:00,batch_2025_01.csv
T003859,C00230,P0010,2025-01-12,300.88,2,WELCOME5,2025-01-12 16:00:00,batch_2025_01.csv
T001852,C00479,P0148,05/20/2025,$784.31,1,SAVE10,2025-05-20 20:00:00,batch_2025_01.csv
T003626,C00302,P0038,2025-01-09,22.50,3,SAVE10,2025-01-09 09:00:00,batch_2025_01.csv
T000344,C00083,P0011,2025-08-22,496.94,2,,2025-08-22 14:00:00,batch_2025_01.csv
T002384,C00102,P0065,04/23/2025,372.20,4,SAVE10,2025-04-23 05:00:00,batch_2025_01.csv
T000932,C00244,P0028,04/26/2025,301.33,1,WELCOME5,2025-04-27 17:00:00,batch_2025_01.csv
T001344,C00373,P0101,07/15/2025,856.70,5,,2025-07-16 11:00:00,batch_2025_01.csv
T004565,C00414,P0037,2025-07-08,$300.04,3,SAVE10,2025-07-08 11:00:00,batch_2025_01.csv
T004093,C00404,P0098,2025-04-01,838.79,2,,2025-04-03 04:00:00,batch_2025_01_late.csv
T000762,C00479,P0109,2025-01-28,202.46,4,,2025-01-28 12:00:00,batch_2025_01.csv
T004525,C00406,P0120,2025-03-09,29.80,2,,2025-03-09 18:00:00,batch_2025_01.csv
T003431,C00166,P0089,2025-07-01,617.84,5,WELCOME5,2025-07-01 22:00:00,batch_2025_01.csv
T001757,C00144,P0028,2025-06-21,10.83,4,SAVE10,2025-06-21 20:00:00,batch_2025_01.csv
T001395,C00159,P0037,2025-04-28,722.93,2,,2025-04-29 08:00:00,batch_2025_01_late.csv
T000407,C00457,P0005,06/11/2025,$765.83,5,,2025-06-11 02:00:00,batch_2025_01.csv
T003066,C00286,P0150,2025-06-20,697.61,5,SAVE10,2025-06-20 10:00:00,batch_2025_01.csv
T003428,C00275,P0077,2025-08-01,615.91,4,WELCOME5,2025-08-02 04:00:00,batch_2025_01.csv
T003242,C00258,P0089,2025-01-24,766.39,2,,2025-01-25 19:00:00,batch_2025_01.csv
T004350,C00246,P0096,05/23/2025,13.47,5,,2025-05-24 12:00:00,batch_2025_01.csv
T004956,C00045,P0072,2025-05-07,418.88,2,WELCOME5,2025-05-08 08:00:00,batch_2025_01.csv
T001507,C00165,P0008,03/26/2025,706.68,2,SAVE10,2025-03-26 02:00:00,batch_2025_01.csv
T002899,C00198,P0135,2031-01-01,406.20,3,,2025-05-15 03:00:00,batch_2025_01.csv
T003913,C00116,P0020,2025-07-13,744.35,2,SAVE10,2025-07-15 00:00:00,batch_2025_01.csv
T004624,C00323,P0041,2025-01-27,58.42,1,,2025-01-28 03:00:00,batch_2025_01.csv
T000305,C00197,P9999,2025-05-02,518.24,5,WELCOME5,2025-05-02 03:00:00,batch_2025_01.csv
T000527,C00280,P0134,2025-05-21,677.32,1,SAVE10,2025-05-22 07:00:00,batch_2025_01.csv
T004289,C00457,P0066,2025-05-28,387.80,1,WELCOME5,2025-05-28 08:00:00,batch_2025_01.csv
T001114,C00095,P0144,2025-01-20,547.73,4,SAVE10,2025-01-21 21:00:00,batch_2025_01.csv
T003234,C00279,P9999,2025-02-21,378.83,2,,2025-02-21 16:00:00,batch_2025_01.csv
T000145,C00127,P0118,03/12/2025,$316.77,1,,2025-03-12 13:00:00,batch_2025_01.csv
T004067,C00305,P0106,2025-01-12,438.94,4,SAVE10,2025-01-12 08:00:00,batch_2025_01.csv
T004768,C00019,P0059,2025-02-05,$686.22,4,SAVE10,2025-02-05 16:00:00,batch_2025_01.csv
T003933,C00450,P0097,2025-05-13,$75.91,1,,2025-05-14 15:00:00,batch_2025_01.csv
T002647,C00273,P0059,2025-07-05,437.19,3,,2025-07-05 04:00:00,batch_2025_01.csv
T000634,C00315,P0028,2025-07-03,822.05,5,,2025-07-03 17:00:00,batch_2025_01.csv
T000272,C00459,P0072,2025-05-01,$60.26,2,,2025-05-02 10:00:00,batch_2025_01.csv
T002369,C00371,P0058,2025-07-30,$513.38,3,,2025-07-30 02:00:00,batch_2025_01.csv
T004337,C00385,P0138,06/30/2025,448.20,3,,2025-07-01 04:00:00,batch_2025_01.csv
T000495,C00166,P0120,08/01/2025,$253.59,1,WELCOME5,2025-08-02 15:00:00,batch_2025_01.csv
T000533,C00321,P0078,05/09/2025,$218.69,4,,2025-05-09 18:00:00,batch_2025_01.csv
T004996,C00314,P0128,2025-07-05,,4,,2025-07-05 13:00:00,batch_2025_01.csv
T003407,C00067,P0034,04/27/2025,499.73,1,,2025-04-27 04:00:00,batch_2025_01.csv
T000354,C00361,P0135,2025-05-28,692.64,3,WELCOME5,2025-05-29 23:00:00,batch_2025_01.csv
T002764,C00058,P0107,2025-08-09,428.56,3,,2025-08-09 01:00:00,batch_2025_01.csv
T002005,C00273,P0127,2019-13-40,350.95,4,,2025-02-09 16:00:00,batch_2025_01.csv
T000814,C00045,P0078,2025-02-07,694.59,2,SAVE10,2025-02-08 07:00:00,batch_2025_01.csv
T003492,C00044,P0055,2025-04-26,348.79,3,,2025-04-26 13:00:00,batch_2025_01.csv
T001200,C00182,P0111,2025-04-12,197.16,4,,2025-04-13 09:00:00,batch_2025_01.csv
T004508,C00234,P0023,03/26/2025,593.80,5,SAVE10,2025-03-26 23:00:00,batch_2025_01.csv
T003709,C00060,P0106,2025-07-05,167.29,2,,2025-07-06 08:00:00,batch_2025_01_late.csv
T002760,C00355,P9999,2025-04-02,108.76,1,SAVE10,2025-04-03 13:00:00,batch_2025_01.csv
T001185,C00371,P0078,2025-07-12,$253.01,3,SAVE10,2025-07-12 23:00:00,batch_2025_01.csv
T001080,C00139,P0014,2025-03-05,581.03,3,WELCOME5,2025-03-05 14:00:00,batch_2025_01.csv
T004524,C00378,P0064,05/12/2025,$847.96,5,WELCOME5,2025-05-12 04:00:00,batch_2025_01.csv
T004051,C00221,P0143,2025-05-10,595.03,1,,2025-05-11 21:00:00,batch_2025_01.csv
T002069,C00383,P0055,2025-05-27,41.02,5,,2025-05-27 19:00:00,batch_2025_01_late.csv
T002868,C00456,P0003,05/04/2025,721.33,3,,2025-05-05 04:00:00,batch_2025_01_late.csv
T001431,C00210,P0091,2025-04-18,$678.14,1,,2025-04-19 15:00:00,batch_2025_01.csv
T003362,C00450,P0008,2025-07-20,866.37,5,SAVE10,2025-07-20 16:00:00,batch_2025_01.csv
T001157,C00330,P0101,2025-07-25,747.07,4,,2025-07-26 13:00:00,batch_2025_01.csv
T000311,C00015,P0045,08/02/2025,179.94,4,,2025-08-02 13:00:00,batch_2025_01.csv
T003254,C00192,P0051,2025-03-12,58.38,2,,2025-03-12 21:00:00,batch_2025_01.csv
T002374,C00479,P0139,2025-01-13,499.25,4,,2025-01-13 14:00:00,batch_2025_01.csv
T000489,C00121,P0112,2025-02-12,297.47,2,,2025-02-12 18:00:00,batch_2025_01.csv
T004501,C00222,P0071,2025-04-08,38.95,4,,2025-04-09 13:00:00,batch_2025_01_late.csv
T003114,C00297,P0034,2025-04-18,873.86,1,,2025-04-18 21:00:00,batch_2025_01.csv
T001931,C99999,P0105,07/05/2025,770.49,5,WELCOME5,2025-07-05 05:00:00,batch_2025_01.csv
T001503,C00091,P0145,2025-05-13,16.27,1,,2025-05-13 10:00:00,batch_2025_01.csv
T003443,C00407,P0135,2025-07-11,364.03,3,,2025-07-12 08:00:00,batch_2025_01.csv
T004097,C00255,P0094,2025-05-19,$667.09,4,,2025-05-20 21:00:00,batch_2025_01.csv
T000101,,P0041,08/28/2025,733.62,2,SAVE10,2025-08-29 13:00:00,batch_2025_01.csv
T003493,C00030,P0053,2025-06-15,$500.93,2,SAVE10,2025-06-16 18:00:00,batch_2025_01.csv
T003094,C00170,P0097,07/07/2025,266.35,1,WELCOME5,2025-07-07 19:00:00,batch_2025_01.csv
T000177,C00497,P0084,2025-03-11,34.43,4,SAVE10,2025-03-12 05:00:00,batch_2025_01.csv
T000692,C00342,P0038,2025-07-06,721.22,4,,2025-07-07 05:00:00,batch_2025_01.csv
T004750,C00052,P0018,2025-07-14,148.89,4,SAVE10,2025-07-15 13:00:00,batch_2025_01.csv
T002602,C00453,P0105,04/24/2025,768.25,5,,2025-04-25 09:00:00,batch_2025_01.csv
T000710,C00166,P0081,2025-06-25,$745.53,3,,2025-06-25 20:00:00,batch_2025_01.csv
T002131,C00466,P0043,2025-03-13,329.40,5,,2025-03-13 20:00:00,batch_2025_01.csv
T002016,C00401,P0095,2025-08-09,$99.18,3,,2025-08-10 09:00:00,batch_2025_01.csv
T003971,C00385,P0107,06/30/2025,827.79,2,,2025-07-01 04:00:00,batch_2025_01.csv
T002945,C00332,P0083,2025-02-20,766.94,3,SAVE10,2025-02-21 02:00:00,batch_2025_01.csv
T000773,C00366,P0034,06/25/2025,763.49,4,,2025-06-26 03:00:00,batch_2025_01.csv
T004458,C00228,P0132,2025-04-19,$565.74,4,,2025-04-20 08:00:00,batch_2025_01.csv
T003966,C00282,P0042,2025-04-14,$681.42,5,SAVE10,2025-04-15 07:00:00,batch_2025_01.csv
T004616,C00031,P0091,2025-06-14,575.41,5,WELCOME5,2025-06-15 21:00:00,batch_2025_01.csv
T001975,C00459,P0127,2025-06-03,401.06,4,,2025-06-03 19:00:00,batch_2025_01.csv
T002262,C00411,P0089,02/27/2025,758.93,2,SAVE10,2025-02-28 22:00:00,batch_2025_01.csv
T002897,C00209,P0072,06/20/2025,302.85,3,SAVE10,2025-06-21 10:00:00,batch_2025_01.csv
T000904,C00113,P0001,2025-06-27,577.78,4,,2025-06-27 15:00:00,batch_2025_01.csv
T000590,C00119,P0058,2025-08-18,136.20,2,,2025-08-19 16:00:00,batch_2025_01.csv
T004973,C00062,P0044,2025-02-28,$266.53,2,,2025-03-01 00:00:00,batch_2025_01.csv
T002994,C00436,P0020,2025-02-23,109.57,5,,2025-02-23 17:00:00,batch_2025_01.csv
T004330,C00487,P0027,2025-03-21,$822.52,3,,2025-03-21 18:00:00,batch_2025_01.csv
T004103,C00409,P0102,2025-03-21,0.00,3,,2025-03-22 06:00:00,batch_2025_01.csv
T001820,C00445,P0048,07/20/2025,14.64,4,,2025-07-20 11:00:00,batch_2025_01.csv
T004891,C00081,P0030,2025-04-16,624.91,2,WELCOME5,2025-04-17 13:00:00,batch_2025_01.csv
T000977,C00310,P0117,2025-02-07,$850.28,2,,2025-02-07 17:00:00,batch_2025_01.csv
T000478,C00203,P0064,2025-07-08,153.64,3,,2025-07-09 18:00:00,batch_2025_01.csv
T004406,C00126,P0070,2025-07-14,$223.89,2,,2025-07-15 06:00:00,batch_2025_01.csv
T001108,C00245,P0041,2025-04-04,34.93,5,SAVE10,2025-04-04 10:00:00,batch_2025_01.csv
T003469,C00001,P0077,2025-01-27,$24.27,4,,2025-01-27 17:00:00,batch_2025_01.csv
T002045,C00033,P0118,02/20/2025,$621.23,5,WELCOME5,2025-02-21 05:00:00,batch_2025_01.csv
T001291,C00122,P0053,2025-04-06,$298.60,3,,2025-04-07 20:00:00,batch_2025_01.csv
T000093,C00434,P0021,2025-06-12,$231.54,5,WELCOME5,2025-06-13 12:00:00,batch_2025_01.csv
T004429,C00362,P0123,2019-13-40,272.61,2,,2025-02-02 20:00:00,batch_2025_01.csv
T002291,C00486,P0026,2025-08-27,668.00,3,,2025-08-28 03:00:00,batch_2025_01.csv
T003300,C00116,P0088,2025-08-20,627.80,5,,2025-08-20 16:00:00,batch_2025_01.csv
T003261,C99999,P0140,2025-02-08,$284.97,5,,2025-02-08 01:00:00,batch_2025_01.csv
T000864,C00031,P0084,2025-07-02,169.86,2,SAVE10,2025-07-02 04:00:00,batch_2025_01.csv
T000129,C00332,P0066,2025-01-04,N/A,2,,2025-01-06 00:00:00,batch_2025_01.csv
T004196,C00079,P0085,02/26/2025,332.70,4,SAVE10,2025-02-26 22:00:00,batch_2025_01.csv
T000786,C00068,P9999,2025-05-16,291.05,1,,2025-05-17 04:00:00,batch_2025_01.csv
T002613,C00160,P0051,03/13/2025,593.61,1,,2025-03-13 06:00:00,batch_2025_01.csv
T000835,C00032,P0101,2025-06-19,$685.20,5,,2025-06-20 18:00:00,batch_2025_01.csv
T001636,C00442,P0131,01/06/2025,807.07,1,,2025-01-06 09:00:00,batch_2025_01.csv
T003357,C00245,P0013,02/26/2025,-45.00,3,SAVE10,2025-02-26 14:00:00,batch_2025_01_late.csv
T001816,C00123,P0124,2025-02-01,$396.32,5,,2025-02-02 18:00:00,batch_2025_01.csv
T004375,C00306,P0092,2025-08-09,$385.55,4,SAVE10,2025-08-10 21:00:00,batch_2025_01.csv
T004544,C00325,P0036,2025-07-07,313.16,4,,2025-07-08 04:00:00,batch_2025_01.csv
T001699,C00428,P0112,06/29/2025,$506.58,1,,2025-06-30 08:00:00,batch_2025_01.csv
T000338,C00376,P0006,2025-02-13,$534.01,1,SAVE10,2025-02-13 08:00:00,batch_2025_01.csv
T002478,C00093,P0150,02/13/2025,604.39,3,,2025-02-14 20:00:00,batch_2025_01.csv
T001994,C00187,P0001,2025-02-06,343.50,2,,2025-02-06 06:00:00,batch_2025_01.csv
T001694,C00090,P0004,2025-07-05,108.43,5,,2025-07-05 22:00:00,batch_2025_01_late.csv
T000122,C00125,P0013,2025-05-16,605.49,4,,2025-05-16 15:00:00,batch_2025_01.csv
T004890,C00225,P0112,2025-03-24,370.10,2,,2025-03-24 19:00:00,batch_2025_01.csv
T003688,C00028,P0002,2025-01-21,$50.74,1,,2025-01-21 08:00:00,batch_2025_01.csv
T003963,C00440,P0087,2025-02-17,$873.30,4,,2025-02-17 16:00:00,batch_2025_01.csv
T000880,C00099,P0024,06/10/2025,736.12,4,,2025-06-10 20:00:00,batch_2025_01.csv
T001691,C00156,P0114,2025-05-26,348.23,2,SAVE10,2025-05-26 11:00:00,batch_2025_01.csv
T001012,C00050,P0034,07/22/2025,296.49,3,SAVE10,2025-07-23 14:00:00,batch_2025_01.csv
T003251,C00118,P0040,2025-06-01,$147.80,1,,2025-06-02 12:00:00,batch_2025_01.csv
T000620,C00395,P0099,2025-04-23,220.25,3,,2025-04-24 23:00:00,batch_2025_01.csv
T001568,C00033,P0136,2025-02-11,377.03,2,,2025-02-12 23:00:00,batch_2025_01.csv
T000261,C00158,P0119,2025-01-31,$244.39,5,,2025-01-31 06:00:00,batch_2025_01.csv
T001530,C00403,P0041,2025-04-11,584.31,1,,2025-04-12 14:00:00,batch_2025_01.csv
T001715,C00386,P0138,2025-04-19,694.65,4,,2025-04-20 21:00:00,batch_2025_01.csv
T004108,C00307,P0053,01/03/2025,184.22,5,SAVE10,2025-01-03 20:00:00,batch_2025_01.csv
T003598,C00325,P9999,02/18/2025,488.55,2,,2025-02-19 22:00:00,batch_2025_01.csv
T003463,C00181,P0094,2025-05-09,425.72,3,,2025-05-09 22:00:00,batch_2025_01.csv
T003313,C00353,P0135,2025-08-03,792.57,4,,2025-08-04 23:00:00,batch_2025_01.csv
T001884,C00244,P0071,06/18/2025,490.64,4,,2025-06-19 21:00:00,batch_2025_01.csv
T002707,C00377,P0135,2025-08-01,481.12,3,SAVE10,2025-08-03 00:00:00,batch_2025_01.csv
T000038,C00010,P0118,2025-08-09,$829.68,4,,2025-08-09 21:00:00,batch_2025_01.csv
T004945,C00338,P0134,2025-03-30,476.78,3,WELCOME5,2025-03-30 12:00:00,batch_2025_01.csv
T002136,C99999,P0084,2025-08-24,563.31,5,SAVE10,2025-08-25 02:00:00,batch_2025_01.csv
T004134,C00387,P0017,2025-07-13,$39.16,2,,2025-07-14 10:00:00,batch_2025_01.csv
T003350,C00344,P9999,2025-05-12,$182.71,1,,2025-05-12 23:00:00,batch_2025_01.csv
T003304,C00362,P0049,2025-01-10,369.99,5,WELCOME5,2025-01-10 08:00:00,batch_2025_01.csv
T001287,C00393,P0071,2025-05-07,,5,,2025-05-07 09:00:00,batch_2025_01.csv
T004055,C00130,P0066,07/26/2025,674.46,1,WELCOME5,2025-07-27 03:00:00,batch_2025_01.csv
T002840,C00061,P0043,2025-07-09,60.36,2,,2025-07-09 16:00:00,batch_2025_01.csv
T004006,C00148,P0002,2025-05-25,$187.35,4,,2025-05-25 23:00:00,batch_2025_01.csv
T003417,C00338,P0014,02/02/2025,379.69,1,,2025-02-02 09:00:00,batch_2025_01.csv
T001649,C00184,P0123,2025-03-18,338.44,2,,2025-03-19 08:00:00,batch_2025_01.csv
T000598,C00254,P0016,07/29/2025,88.76,1,,2025-07-29 09:00:00,batch_2025_01.csv
T001589,C00328,P0004,04/08/2025,48.35,3,,2025-04-08 14:00:00,batch_2025_01.csv
T002200,C00452,P0092,2025-06-11,413.46,2,SAVE10,2025-06-12 10:00:00,batch_2025_01.csv
T002372,C00482,P0111,2025-01-21,874.00,3,,2025-01-22 13:00:00,batch_2025_01.csv
T004712,C00465,P0096,2025-05-11,$838.55,1,WELCOME5,2025-05-11 10:00:00,batch_2025_01.csv
T001238,C00075,P0006,2025-07-29,172.85,5,,2025-07-31 00:00:00,batch_2025_01.csv
T004781,C00097,P0104,2025-08-04,259.37,3,,2025-08-05 03:00:00,batch_2025_01.csv
T002411,C00015,P0095,2025-08-26,518.85,1,,2025-08-26 11:00:00,batch_2025_01.csv
T003751,C00301,P0059,2025-08-24,14.27,1,,2025-08-25 08:00:00,batch_2025_01.csv
T003657,C00135,P0091,2025-04-10,688.53,2,SAVE10,2025-04-10 18:00:00,batch_2025_01.csv
T004403,C00063,P0027,2025-06-24,$836.75,3,,2025-06-24 13:00:00,batch_2025_01.csv
T003153,C00328,P0117,02/27/2025,,4,SAVE10,2025-02-28 12:00:00,batch_2025_01.csv
T002400,C99999,P0065,2025-02-15,627.44,1,SAVE10,2025-02-16 15:00:00,batch_2025_01.csv
T004757,C00109,P0025,2025-05-31,129.85,2,,2025-05-31 12:00:00,batch_2025_01.csv
T001013,C00336,P0042,2025-04-24,522.82,2,,2025-04-25 21:00:00,batch_2025_01.csv
T004168,C00412,P0066,2025-01-22,$227.17,5,WELCOME5,2025-01-23 04:00:00,batch_2025_01.csv
T004151,C00101,P0147,2025-03-09,560.44,1,WELCOME5,2025-03-09 08:00:00,batch_2025_01.csv
T002751,C00205,P0007,2025-03-22,669.77,3,WELCOME5,2025-03-23 17:00:00,batch_2025_01.csv
T003559,C00088,P0104,2025-05-27,615.40,1,,2025-05-28 05:00:00,batch_2025_01.csv
T002388,C00024,P0033,04/28/2025,$489.84,1,,2025-04-28 05:00:00,batch_2025_01.csv
T003597,C00093,P0059,2025-01-26,$385.41,3,,2025-01-26 12:00:00,batch_2025_01.csv
T003519,C00466,P0098,2025-01-24,12.29,5,WELCOME5,2025-01-25 02:00:00,batch_2025_01.csv
T003664,C00274,P0104,03/17/2025,582.45,2,SAVE10,2025-03-18 03:00:00,batch_2025_01.csv
T003677,C00391,P0110,2025-02-09,$627.47,2,,2025-02-09 18:00:00,batch_2025_01.csv
T001028,C00276,P0131,01/26/2025,195.18,2,,2025-01-27 19:00:00,batch_2025_01.csv
T003355,C00322,P0067,2025-07-19,$367.45,2,,2025-07-20 15:00:00,batch_2025_01.csv
T001267,C00100,P0088,2025-01-15,$397.38,2,SAVE10,2025-01-15 16:00:00,batch_2025_01.csv
T001998,C00274,P0069,2025-06-09,$217.82,1,,2025-06-10 15:00:00,batch_2025_01.csv
T002028,C00213,P0116,03/13/2025,,3,WELCOME5,2025-03-13 20:00:00,batch_2025_01.csv
T003698,C00097,P9999,2025-06-06,822.45,4,,2025-06-07 14:00:00,batch_2025_01.csv
T001298,C00151,P0063,2025-07-24,,1,,2025-07-25 00:00:00,batch_2025_01.csv
T003850,C00326,P0077,01/14/2025,223.22,2,SAVE10,2025-01-14 14:00:00,batch_2025_01.csv
T003332,C00499,P0144,08/28/2025,573.17,5,,2025-08-29 10:00:00,batch_2025_01.csv
T001241,C00200,P0003,2025-01-09,$525.84,4,,2025-01-10 18:00:00,batch_2025_01.csv
T002034,C00285,P0047,2025-03-14,$616.34,5,SAVE10,2025-03-14 20:00:00,batch_2025_01.csv
T000863,C00278,P0044,02/16/2025,262.53,4,,2025-02-16 17:00:00,batch_2025_01.csv
T004338,C00498,P0139,2025-08-18,633.11,1,SAVE10,2025-08-19 08:00:00,batch_2025_01.csv
T004004,C00196,P0044,2025-03-25,144.21,4,,2025-03-25 23:00:00,batch_2025_01.csv
T001736,C00231,P0058,2025-02-02,$675.76,4,,2025-02-03 07:00:00,batch_2025_01.csv
T001511,C00166,P0139,06/07/2025,334.10,5,,2025-06-08 19:00:00,batch_2025_01.csv
T000268,C00453,P0039,2025-06-08,38.91,4,WELCOME5,2025-06-09 16:00:00,batch_2025_01.csv
T002514,C00255,P0053,04/13/2025,346.17,3,WELCOME5,2025-04-13 09:00:00,batch_2025_01.csv
T001684,C00172,P0051,2025-03-08,299.74,1,SAVE10,2025-03-09 02:00:00,batch_2025_01.csv
T001542,C00418,P0101,2025-01-11,648.71,4,WELCOME5,2025-01-11 23:00:00,batch_2025_01.csv
T003206,C00077,P0047,2025-08-06,152.55,1,WELCOME5,2025-08-06 13:00:00,batch_2025_01.csv
T001240,C00198,P0028,2019-13-40,421.86,1,WELCOME5,2025-07-29 04:00:00,batch_2025_01.csv
T000589,C00499,P0120,2025-01-24,514.47,4,SAVE10,2025-01-25 21:00:00,batch_2025_01.csv
T003857,C00196,P0111,08/22/2025,$528.93,4,WELCOME5,2025-08-22 21:00:00,batch_2025_01.csv
T001281,C00218,P0147,2025-07-16,649.54,4,,2025-07-17 10:00:00,batch_2025_01.csv
T003594,C00301,P0005,08/07/2025,$255.24,2,,2025-08-07 14:00:00,batch_2025_01.csv
T000109,C00168,P0082,06/07/2025,$152.95,5,WELCOME5,2025-06-09 00:00:00,batch_2025_01.csv
T001409,C00273,P0099,2025-01-21,784.32,5,,2025-01-21 10:00:00,batch_2025_01.csv
T004306,C00243,P0067,03/31/2025,563.03,1,,2025-03-31 18:00:00,batch_2025_01.csv
T002244,C00490,P0057,2025-03-28,891.51,5,,2025-03-29 16:00:00,batch_2025_01.csv
T004183,C00332,P0120,07/18/2025,$619.52,1,,2025-07-19 10:00:00,batch_2025_01.csv
T000506,C00184,P0118,2025-04-20,634.67,4,WELCOME5,2025-04-20 07:00:00,batch_2025_01.csv
T004124,C00317,P0041,2025-03-08,684.26,5,SAVE10,2025-03-09 14:00:00,batch_2025_01.csv
T004434,C00449,P0030,07/05/2025,162.58,3,,2025-07-05 13:00:00,batch_2025_01.csv
T003293,C00427,P0091,02/15/2025,408.18,4,WELCOME5,2025-02-17 00:00:00,batch_2025_01.csv
T003013,C00243,P0034,2025-05-01,346.55,1,,2025-05-02 21:00:00,batch_2025_01.csv
T000055,C00428,P0135,2025-03-28,41.67,2,,2025-03-29 16:00:00,batch_2025_01.csv
T002780,C00068,P0076,03/23/2025,224.12,3,,2025-03-23 09:00:00,batch_2025_01.csv
T003943,C00412,P0067,2025-07-12,771.67,3,WELCOME5,2025-07-12 02:00:00,batch_2025_01.csv
T001159,C00324,P0148,08/04/2025,707.58,2,,2025-08-05 17:00:00,batch_2025_01.csv
T002966,C00072,P0081,2025-08-23,673.97,1,,2025-08-23 16:00:00,batch_2025_01.csv
T001086,C00236,P0048,2025-02-15,735.51,2,,2025-02-15 13:00:00,batch_2025_01.csv
T002238,C00465,P0089,2025-06-17,870.22,5,,2025-06-18 20:00:00,batch_2025_01.csv
T002881,C00358,P0147,07/11/2025,$614.02,5,,2025-07-12 13:00:00,batch_2025_01.csv
T004716,C00363,P0053,2025-08-13,354.70,5,,2025-08-13 12:00:00,batch_2025_01.csv
T000073,C00151,P0052,2025-02-21,47.08,4,WELCOME5,2025-02-21 03:00:00,batch_2025_01.csv
T000594,C00281,P0041,2025-04-09,876.71,5,SAVE10,2025-04-09 05:00:00,batch_2025_01.csv
T002824,C00103,P0015,2025-06-04,839.83,5,WELCOME5,2025-06-05 06:00:00,batch_2025_01.csv
T002950,C00164,P0123,2025-05-08,203.02,3,WELCOME5,2025-05-09 09:00:00,batch_2025_01.csv
T001007,C00164,P0080,2025-06-26,456.12,5,SAVE10,2025-06-26 08:00:00,batch_2025_01.csv
T002096,C00017,P0015,2025-04-14,882.00,3,WELCOME5,2025-04-15 03:00:00,batch_2025_01.csv
T004370,C00294,P0123,2025-08-07,776.80,1,,2025-08-07 01:00:00,batch_2025_01.csv
T001703,C00309,P0065,2025-03-27,797.22,5,,2025-03-27 23:00:00,batch_2025_01.csv
T000724,C00226,P0028,2025-04-01,$169.32,4,,2025-04-02 01:00:00,batch_2025_01.csv
T001249,C00387,P0108,2025-01-16,830.76,1,SAVE10,2025-01-17 16:00:00,batch_2025_01.csv
T003525,C00460,P0137,05/31/2025,774.04,2,,2025-05-31 20:00:00,batch_2025_01.csv
T001175,C00220,P0052,04/06/2025,513.89,1,WELCOME5,2025-04-07 17:00:00,batch_2025_01.csv
T001618,C00329,P0103,2025-07-25,520.96,2,,2025-07-25 13:00:00,batch_2025_01.csv
T004563,C00450,P0092,2025-01-05,$815.64,3,SAVE10,2025-01-06 10:00:00,batch_2025_01.csv
T003186,C00442,P0111,2025-02-21,$451.50,2,,2025-02-22 21:00:00,batch_2025_01_late.csv
T003158,C00435,P0115,01/25/2025,$887.03,4,,2025-01-26 16:00:00,batch_2025_01.csv
T002798,C00314,P0139,2025-03-25,395.82,2,,2025-03-26 19:00:00,batch_2025_01.csv
T002894,C00453,P0139,01/01/2025,223.37,2,SAVE10,2025-01-02 16:00:00,batch_2025_01.csv
T002667,C00049,P9999,2025-04-12,172.47,4,WELCOME5,2025-04-12 18:00:00,batch_2025_01.csv
T001270,C00067,P0102,2025-02-01,435.00,5,,2025-02-02 19:00:00,batch_2025_01.csv
T002314,C00013,P0039,06/24/2025,439.59,2,,2025-06-24 12:00:00,batch_2025_01.csv
T001567,C00162,P0002,01/14/2025,$874.03,1,WELCOME5,2025-01-15 22:00:00,batch_2025_01.csv
T002887,C00351,P0116,2025-06-28,397.75,5,WELCOME5,2025-06-28 11:00:00,batch_2025_01.csv
T001560,C00441,P0064,2025-05-29,,5,SAVE10,2025-05-29 09:00:00,batch_2025_01.csv
T001016,C00061,P0132,06/01/2025,$587.89,4,,2025-06-02 04:00:00,batch_2025_01.csv
T003567,C00122,P0059,05/25/2025,636.89,5,,2025-05-26 05:00:00,batch_2025_01.csv
T001396,C00453,P0045,2025-01-21,276.74,1,,2025-01-21 12:00:00,batch_2025_01.csv
T000028,C00433,P0143,2025-07-15,335.86,5,WELCOME5,2025-07-15 18:00:00,batch_2025_01.csv
T002214,C00247,P0017,2025-03-31,$60.55,1,,2025-04-01 12:00:00,batch_2025_01.csv
T002143,C00264,P0149,2025-04-06,239.84,1,,2025-04-07 15:00:00,batch_2025_01.csv
T003577,C00315,P0147,2025-07-26,$49.81,1,,2025-07-26 15:00:00,batch_2025_01.csv
T002548,C00016,P0003,2025-05-02,310.36,4,,2025-05-03 15:00:00,batch_2025_01.csv
T000992,C00352,P0122,2025-06-19,0.00,3,,2025-06-19 13:00:00,batch_2025_01.csv
T002305,C00291,P0106,2025-07-17,204.25,1,,2025-07-18 06:00:00,batch_2025_01.csv
T003981,C00398,P0011,2025-02-28,$661.34,2,,2025-02-28 22:00:00,batch_2025_01.csv
T000020,C00461,P0021,2025-02-07,$295.32,5,WELCOME5,2025-02-07 05:00:00,batch_2025_01.csv
T003416,C00227,P0098,2025-06-28,318.05,2,SAVE10,2025-06-29 16:00:00,batch_2025_01.csv
T003894,C00378,P0073,03/15/2025,791.22,2,SAVE10,2025-03-15 01:00:00,batch_2025_01.csv
T001423,C00114,P0017,2025-07-06,553.36,4,WELCOME5,2025-07-07 22:00:00,batch_2025_01.csv
T002560,C00486,P0089,2025-04-02,745.83,1,,2025-04-03 14:00:00,batch_2025_01.csv
T001350,C99999,P0119,05/12/2025,640.31,1,,2025-05-13 12:00:00,batch_2025_01.csv
T002665,C99999,P0096,01/27/2025,,5,,2025-01-28 04:00:00,batch_2025_01.csv
T003213,C00144,P0098,08/18/2025,$592.54,4,,2025-08-19 12:00:00,batch_2025_01.csv
T004868,C00253,P0032,2025-06-09,$396.20,1,,2025-06-09 17:00:00,batch_2025_01.csv
T002020,C00121,P0069,2025-01-23,715.76,3,,2025-01-24 00:00:00,batch_2025_01.csv
T003640,C00289,P0012,01/27/2025,744.85,5,,2025-01-28 10:00:00,batch_2025_01.csv
T001576,C00260,P0039,2025-04-24,734.41,1,,2025-04-24 02:00:00,batch_2025_01.csv
T004486,C00077,P0075,2025-07-05,686.20,4,WELCOME5,2025-07-06 08:00:00,batch_2025_01.csv
T001552,C00152,P0144,2025-04-12,488.12,1,WELCOME5,2025-04-13 16:00:00,batch_2025_01.csv
T004940,C00339,P0016,2025-05-22,271.39,4,WELCOME5,2025-05-22 15:00:00,batch_2025_01.csv
T000172,C00118,P0055,2025-06-27,811.94,1,,2025-06-28 13:00:00,batch_2025_01.csv
T001107,C00376,P0007,2025-04-19,628.94,5,,2025-04-20 00:00:00,batch_2025_01.csv
T003511,C00363,P0131,2025-07-22,414.30,5,,2025-07-22 18:00:00,batch_2025_01.csv
T003974,C00226,P0105,2025-02-15,841.01,4,,2025-02-16 16:00:00,batch_2025_01.csv
T004146,C00416,P0008,2025-04-28,-45.00,3,,2025-04-28 14:00:00,batch_2025_01.csv
T004874,C00246,P0050,04/15/2025,732.70,3,SAVE10,2025-04-16 17:00:00,batch_2025_01.csv
T002084,C00191,P0073,2025-02-14,387.25,2,,2025-02-14 16:00:00,batch_2025_01.csv
T000365,C00131,P0051,2025-08-27,175.29,2,,2025-08-28 02:00:00,batch_2025_01.csv
T004569,C00025,P0097,2025-04-12,$784.12,5,WELCOME5,2025-04-12 11:00:00,batch_2025_01.csv
T003793,C00456,P0114,08/17/2025,712.04,2,,2025-08-18 12:00:00,batch_2025_01.csv
T001796,C00296,P0143,2025-08-19,$496.75,5,,2025-08-21 00:00:00,batch_2025_01.csv
T000939,C00451,P0126,05/28/2025,418.50,4,,2025-05-28 03:00:00,batch_2025_01.csv
T004697,C00393,P0083,2025-07-31,136.79,3,,2025-08-01 14:00:00,batch_2025_01.csv
T000708,C00084,P0014,04/18/2025,251.22,3,,2025-04-19 17:00:00,batch_2025_01.csv
T002105,C00343,P0075,08/22/2025,527.91,1,,2025-08-22 08:00:00,batch_2025_01.csv
T003024,C00116,P0060,2025-03-11,$250.78,4,,2025-03-11 14:00:00,batch_2025_01.csv
T002342,C00125,P0111,2025-06-08,$816.10,4,SAVE10,2025-06-09 02:00:00,batch_2025_01.csv
T004883,C00281,P0026,2025-07-04,442.48,2,SAVE10,2025-07-05 03:00:00,batch_2025_01.csv
T003393,C00295,P0119,03/03/2025,$672.15,1,,2025-03-03 04:00:00,batch_2025_01.csv
T004912,C00284,P0029,2025-08-17,627.83,2,,2025-08-17 04:00:00,batch_2025_01.csv
T001176,C00130,P0105,07/31/2025,$269.78,4,,2025-08-01 18:00:00,batch_2025_01.csv
T004098,C00376,P0136,2025-01-24,474.96,2,,2025-01-25 07:00:00,batch_2025_01.csv
T002827,C00277,P0073,2025-01-21,780.16,2,SAVE10,2025-01-21 06:00:00,batch_2025_01.csv
T002326,C00362,P0023,05/07/2025,$867.58,3,WELCOME5,2025-05-08 19:00:00,batch_2025_01.csv
T002141,C00180,P0030,2025-01-21,70.78,5,WELCOME5,2025-01-22 04:00:00,batch_2025_01.csv
T003524,C00468,P0128,2025-03-09,807.35,5,,2025-03-09 22:00:00,batch_2025_01.csv
T001519,C00457,P0048,07/26/2025,235.71,1,,2025-07-27 08:00:00,batch_2025_01.csv
T003031,C00257,P0085,03/08/2025,277.71,2,,2025-03-08 10:00:00,batch_2025_01.csv
T000859,C00296,P0014,05/14/2025,$861.91,1,,2025-05-14 13:00:00,batch_2025_01.csv
T002151,C00178,P0059,01/03/2025,833.41,2,,2025-01-04 21:00:00,batch_2025_01.csv
T002171,C00367,P0102,2025-05-10,400.96,4,,2025-05-10 19:00:00,batch_2025_01.csv
T000303,C00301,P0134,2025-01-29,$705.26,5,,2025-01-30 03:00:00,batch_2025_01.csv
T002728,C00415,P0018,2025-08-08,$430.26,1,,2025-08-08 22:00:00,batch_2025_01.csv
T003420,C00301,P0083,05/24/2025,$659.03,3,,2025-05-24 11:00:00,batch_2025_01.csv
T000718,C00101,P0028,2025-06-18,37.25,3,,2025-06-19 09:00:00,batch_2025_01.csv
